#
# There is insufficient memory for the Java Runtime Environment to continue.
# Native memory allocation (mmap) failed to map 849346560 bytes. Error detail: G1 virtual space
# Possible reasons:
#   The system is out of physical RAM or swap space
#   This process is running with CompressedOops enabled, and the Java Heap may be blocking the growth of the native heap
# Possible solutions:
#   Reduce memory load on the system
#   Increase physical memory or swap space
#   Check if swap backing store is full
#   Decrease Java heap size (-Xmx/-Xms)
#   Decrease number of Java threads
#   Decrease Java thread stack sizes (-Xss)
#   Set larger code cache with -XX:ReservedCodeCacheSize=
#   JVM is running with Zero Based Compressed Oops mode in which the Java heap is
#     placed in the first 32GB address space. The Java Heap base address is the
#     maximum limit for the native heap growth. Please use -XX:HeapBaseMinAddress
#     to set the Java Heap base and to place the Java Heap above 32GB virtual address.
# This output file may be truncated or incomplete.
#
#  Out of Memory Error (os_windows.cpp:3679), pid=22712, tid=15580
#
# JRE version: OpenJDK Runtime Environment Microsoft-10376486 (17.0.13+11) (build 17.0.13+11-LTS)
# Java VM: OpenJDK 64-Bit Server VM Microsoft-10376486 (17.0.13+11-LTS, mixed mode, sharing, tiered, compressed oops, compressed class ptrs, g1 gc, windows-amd64)
# No core dump will be written. Minidumps are not enabled by default on client versions of Windows
#

---------------  S U M M A R Y ------------

Command Line: --add-opens=java.base/java.lang=ALL-UNNAMED --add-opens=java.base/java.lang.invoke=ALL-UNNAMED --add-opens=java.base/java.util=ALL-UNNAMED --add-opens=java.prefs/java.util.prefs=ALL-UNNAMED --add-exports=jdk.compiler/com.sun.tools.javac.api=ALL-UNNAMED --add-exports=jdk.compiler/com.sun.tools.javac.util=ALL-UNNAMED --add-opens=java.base/java.util=ALL-UNNAMED --add-opens=java.prefs/java.util.prefs=ALL-UNNAMED --add-opens=java.base/java.nio.charset=ALL-UNNAMED --add-opens=java.base/java.net=ALL-UNNAMED --add-opens=java.base/java.util.concurrent.atomic=ALL-UNNAMED --add-opens=java.xml/javax.xml.namespace=ALL-UNNAMED -XX:MaxMetaspaceSize=512m -Xmx4096m -Dfile.encoding=windows-1252 -Duser.country=IN -Duser.language=en -Duser.variant -javaagent:C:\Users\laxman\.gradle\wrapper\dists\gradle-8.14.3-bin\cv11ve7ro1n3o1j4so8xd9n66\gradle-8.14.3\lib\agents\gradle-instrumentation-agent-8.14.3.jar org.gradle.launcher.daemon.bootstrap.GradleDaemon 8.14.3

Host: AMD Ryzen 5 5500U with Radeon Graphics         , 12 cores, 5G,  Windows 11 , 64 bit Build 26100 (10.0.26100.5074)
Time: Tue Oct  7 16:00:32 2025 India Standard Time elapsed time: 217.660255 seconds (0d 0h 3m 37s)

---------------  T H R E A D  ---------------

Current thread (0x00000205ec658f20):  VMThread "VM Thread" [stack: 0x000000522db00000,0x000000522dc00000] [id=15580]

Stack: [0x000000522db00000,0x000000522dc00000]
Native frames: (J=compiled Java code, j=interpreted, Vv=VM code, C=native code)
V  [jvm.dll+0x687fc9]
V  [jvm.dll+0x83eeb8]
V  [jvm.dll+0x840963]
V  [jvm.dll+0x840fd3]
V  [jvm.dll+0x24951f]
V  [jvm.dll+0x684f89]
V  [jvm.dll+0x6794aa]
V  [jvm.dll+0x30ad27]
V  [jvm.dll+0x312296]
V  [jvm.dll+0x362bde]
V  [jvm.dll+0x362e1d]
V  [jvm.dll+0x2e1fbc]
V  [jvm.dll+0x2e0369]
V  [jvm.dll+0x2dfacc]
V  [jvm.dll+0x32267b]
V  [jvm.dll+0x84580d]
V  [jvm.dll+0x846543]
V  [jvm.dll+0x846a6f]
V  [jvm.dll+0x846e54]
V  [jvm.dll+0x846f1e]
V  [jvm.dll+0x7eea6c]
V  [jvm.dll+0x686ea7]
C  [ucrtbase.dll+0x37b0]
C  [KERNEL32.DLL+0x2e8d7]
C  [ntdll.dll+0x8d9c]

VM_Operation (0x00000052327f9a80): G1CollectForAllocation, mode: safepoint, requested by thread 0x00000205f310b420


---------------  P R O C E S S  ---------------

Threads class SMR info:
_java_thread_list=0x00000205fd671d00, length=230, elements={
0x00000205c93788b0, 0x00000205ec65d370, 0x00000205ec65fe50, 0x00000205ec679940,
0x00000205ec67c320, 0x00000205ec67cbf0, 0x00000205ec67d4c0, 0x00000205ec8a7030,
0x00000205ec8cfb70, 0x00000205ec8e28b0, 0x00000205ec9d8520, 0x00000205eca9d790,
0x00000205f245c160, 0x00000205f29d2040, 0x00000205f2a325f0, 0x00000205f21fbc70,
0x00000205f137a7c0, 0x00000205f12ef950, 0x00000205f12eea20, 0x00000205f12eef30,
0x00000205f12ed0d0, 0x00000205f12ec6b0, 0x00000205f12ef440, 0x00000205f12edaf0,
0x00000205f12ecbc0, 0x00000205f12ee510, 0x00000205f54fd1c0, 0x00000205f54fc7a0,
0x00000205f54fc290, 0x00000205f54ff530, 0x00000205f54fff50, 0x00000205f54fe0f0,
0x00000205f54ffa40, 0x00000205f5501390, 0x00000205f55018a0, 0x00000205f12efe60,
0x00000205f663fdf0, 0x00000205f663e9b0, 0x00000205f663d570, 0x00000205f6640300,
0x00000205f663da80, 0x00000205f663d060, 0x00000205f6641230, 0x00000205f663eec0,
0x00000205f6640810, 0x00000205f663f8e0, 0x00000205f6640d20, 0x00000205f663f3d0,
0x00000205f6641740, 0x00000205f663df90, 0x00000205f6641c50, 0x00000205f66449e0,
0x00000205f6642160, 0x00000205f6642b80, 0x00000205f6643090, 0x00000205f6642670,
0x00000205f66435a0, 0x00000205f6643ab0, 0x00000205f66444d0, 0x00000205f6643fc0,
0x00000205f3107760, 0x00000205f310af10, 0x00000205f310aa00, 0x00000205f310b420,
0x00000205f3107c70, 0x00000205f3109ad0, 0x00000205f310b930, 0x00000205f3109fe0,
0x00000205f3108180, 0x00000205f31095c0, 0x00000205f3108ba0, 0x00000205f310be40,
0x00000205f3108690, 0x00000205f310c350, 0x00000205f310a4f0, 0x00000205f31090b0,
0x00000205f310ebd0, 0x00000205f310d790, 0x00000205f310f0e0, 0x00000205f4348fd0,
0x00000205f4345d30, 0x00000205f4347680, 0x00000205f4347b90, 0x00000205f4348ac0,
0x00000205f4347170, 0x00000205f72f9420, 0x00000205f72fb280, 0x00000205f72f9930,
0x00000205f72f84f0, 0x00000205f72f9e40, 0x00000205f72fa860, 0x00000205f72fa350,
0x00000205f72fc1b0, 0x00000205f72fb790, 0x00000205f72fad70, 0x00000205f72f8a00,
0x00000205f72fbca0, 0x00000205f72fc6c0, 0x00000205f72f8f10, 0x00000205f72fe520,
0x00000205f72fdb00, 0x00000205f72fcbd0, 0x00000205f72fe010, 0x00000205f72fd0e0,
0x00000205f72fea30, 0x00000205f72fef40, 0x00000205f72ff450, 0x00000205f72ff960,
0x00000205f72ffe70, 0x00000205f72fd5f0, 0x00000205f36c4010, 0x00000205f36c4520,
0x00000205f36c21b0, 0x00000205f36c4a30, 0x00000205f36c4f40, 0x00000205f36c1790,
0x00000205f36c5450, 0x00000205f36c1ca0, 0x00000205f36c26c0, 0x00000205f36c6380,
0x00000205f36c3b00, 0x00000205f36c5960, 0x00000205f36c5e70, 0x00000205f36c2bd0,
0x00000205f36c6890, 0x00000205f36c30e0, 0x00000205f36c6da0, 0x00000205f36c35f0,
0x00000205f36c86f0, 0x00000205f36c72b0, 0x00000205f36c8c00, 0x00000205f36c9110,
0x00000205f36c77c0, 0x00000205f36c7cd0, 0x00000205f36c81e0, 0x00000205f59d16a0,
0x00000205f59d0770, 0x00000205f59d0c80, 0x00000205f59cf330, 0x00000205f59d1190,
0x00000205f59cf840, 0x00000205f59d1bb0, 0x00000205f59ce910, 0x00000205f59ce400,
0x00000205f59cfd50, 0x00000205f59d25d0, 0x00000205f59d2ff0, 0x00000205f59d0260,
0x00000205f59cee20, 0x00000205f59d4430, 0x00000205f59d20c0, 0x00000205f59d4940,
0x00000205f59d2ae0, 0x00000205f59d5360, 0x00000205f59d3500, 0x00000205f59d3a10,
0x00000205f59d3f20, 0x00000205f59d4e50, 0x00000205f59d5870, 0x00000205f216b4a0,
0x00000205f216af90, 0x00000205f216d810, 0x00000205f216b9b0, 0x00000205f216c3d0,
0x00000205f216dd20, 0x00000205f216cdf0, 0x00000205f216c8e0, 0x00000205f216d300,
0x00000205f216e230, 0x00000205f216aa80, 0x00000205f216e740, 0x00000205f216f670,
0x00000205f216bec0, 0x00000205f2171ef0, 0x00000205f216fb80, 0x00000205f2172400,
0x00000205f2170090, 0x00000205f21705a0, 0x00000205f2170ab0, 0x00000205f21714d0,
0x00000205f21719e0, 0x00000205f54fccb0, 0x00000205f35298e0, 0x00000205f352a300,
0x00000205f3528ec0, 0x00000205f352ad20, 0x00000205f352d5a0, 0x00000205f352f400,
0x00000205f352f910, 0x00000205f352dfc0, 0x00000205f66de4c0, 0x00000205f66dfe10,
0x00000205f66dcb70, 0x00000205f66e2180, 0x00000205f66e2ba0, 0x00000205f66e30b0,
0x00000205f66e35c0, 0x00000205f66e44f0, 0x00000205f66e0d40, 0x00000205f66e6860,
0x00000205f66e4a00, 0x00000205f66e6d70, 0x00000205f66e8bd0, 0x00000205f66e90e0,
0x00000205f66e95f0, 0x00000205f66e5e40, 0x00000205f66e9b00, 0x00000205f35293d0,
0x00000205f3529df0, 0x00000205f352dab0, 0x00000205f352e9e0, 0x00000205f54fbd80,
0x00000205f54fd6d0, 0x00000205f2170fc0, 0x00000205f663e4a0, 0x00000205f55022c0,
0x00000205f66dd080, 0x000002059c309cb0, 0x000002059c308870, 0x000002059c307e50,
0x000002059c309290, 0x000002059c3097a0, 0x000002059c30abe0, 0x000002059c30b600,
0x000002059c30d460, 0x00000205fdb5f650, 0x00000205fe4b8200, 0x00000205fe4b72d0,
0x00000205fe0448c0, 0x00000205fe4b5e90
}

Java Threads: ( => current thread )
  0x00000205c93788b0 JavaThread "main" [_thread_blocked, id=12896, stack(0x000000522d500000,0x000000522d600000)]
  0x00000205ec65d370 JavaThread "Reference Handler" daemon [_thread_blocked, id=30208, stack(0x000000522dc00000,0x000000522dd00000)]
  0x00000205ec65fe50 JavaThread "Finalizer" daemon [_thread_blocked, id=24588, stack(0x000000522dd00000,0x000000522de00000)]
  0x00000205ec679940 JavaThread "Signal Dispatcher" daemon [_thread_blocked, id=29576, stack(0x000000522de00000,0x000000522df00000)]
  0x00000205ec67c320 JavaThread "Attach Listener" daemon [_thread_blocked, id=21620, stack(0x000000522df00000,0x000000522e000000)]
  0x00000205ec67cbf0 JavaThread "Service Thread" daemon [_thread_blocked, id=10256, stack(0x000000522e000000,0x000000522e100000)]
  0x00000205ec67d4c0 JavaThread "Monitor Deflation Thread" daemon [_thread_blocked, id=32580, stack(0x000000522e100000,0x000000522e200000)]
  0x00000205ec8a7030 JavaThread "C2 CompilerThread0" daemon [_thread_blocked, id=9060, stack(0x000000522e200000,0x000000522e300000)]
  0x00000205ec8cfb70 JavaThread "C1 CompilerThread0" daemon [_thread_blocked, id=27148, stack(0x000000522e300000,0x000000522e400000)]
  0x00000205ec8e28b0 JavaThread "Sweeper thread" daemon [_thread_blocked, id=31380, stack(0x000000522e400000,0x000000522e500000)]
  0x00000205ec9d8520 JavaThread "Common-Cleaner" daemon [_thread_blocked, id=16756, stack(0x000000522e500000,0x000000522e600000)]
  0x00000205eca9d790 JavaThread "Notification Thread" daemon [_thread_blocked, id=4128, stack(0x000000522e600000,0x000000522e700000)]
  0x00000205f245c160 JavaThread "Daemon health stats" [_thread_blocked, id=3860, stack(0x000000522e900000,0x000000522ea00000)]
  0x00000205f29d2040 JavaThread "Incoming local TCP Connector on port 52535" [_thread_in_native, id=33760, stack(0x000000522ee00000,0x000000522ef00000)]
  0x00000205f2a325f0 JavaThread "Daemon periodic checks" [_thread_blocked, id=34580, stack(0x000000522ef00000,0x000000522f000000)]
  0x00000205f21fbc70 JavaThread "Daemon" [_thread_blocked, id=32932, stack(0x000000522f000000,0x000000522f100000)]
  0x00000205f137a7c0 JavaThread "Handler for socket connection from /127.0.0.1:52535 to /127.0.0.1:52536" [_thread_in_native, id=32884, stack(0x000000522f100000,0x000000522f200000)]
  0x00000205f12ef950 JavaThread "Cancel handler" [_thread_blocked, id=28828, stack(0x000000522f200000,0x000000522f300000)]
  0x00000205f12eea20 JavaThread "Daemon worker" [_thread_blocked, id=5580, stack(0x000000522f300000,0x000000522f400000)]
  0x00000205f12eef30 JavaThread "Asynchronous log dispatcher for DefaultDaemonConnection: socket connection from /127.0.0.1:52535 to /127.0.0.1:52536" [_thread_blocked, id=34852, stack(0x000000522f400000,0x000000522f500000)]
  0x00000205f12ed0d0 JavaThread "Stdin handler" [_thread_blocked, id=28868, stack(0x000000522f500000,0x000000522f600000)]
  0x00000205f12ec6b0 JavaThread "Daemon client event forwarder" [_thread_blocked, id=4024, stack(0x000000522f600000,0x000000522f700000)]
  0x00000205f12ef440 JavaThread "Cache worker for journal cache (C:\Users\laxman\.gradle\caches\journal-1)" [_thread_blocked, id=27952, stack(0x000000522e800000,0x000000522e900000)]
  0x00000205f12edaf0 JavaThread "File lock request listener" [_thread_in_native, id=5040, stack(0x000000522fc00000,0x000000522fd00000)]
  0x00000205f12ecbc0 JavaThread "Cache worker for file hash cache (C:\Users\laxman\.gradle\caches\8.14.3\fileHashes)" [_thread_blocked, id=34292, stack(0x000000522fd00000,0x000000522fe00000)]
  0x00000205f12ee510 JavaThread "Cache worker for file hash cache (C:\sttribe_Internship\sttribe-app\android\.gradle\8.14.3\fileHashes)" [_thread_blocked, id=33980, stack(0x0000005230000000,0x0000005230100000)]
  0x00000205f54fd1c0 JavaThread "Cache worker for Build Output Cleanup Cache (C:\sttribe_Internship\sttribe-app\android\.gradle\buildOutputCleanup)" [_thread_blocked, id=31036, stack(0x0000005230100000,0x0000005230200000)]
  0x00000205f54fc7a0 JavaThread "File watcher server" daemon [_thread_blocked, id=23844, stack(0x0000005230400000,0x0000005230500000)]
  0x00000205f54fc290 JavaThread "File watcher consumer" daemon [_thread_blocked, id=10832, stack(0x0000005230500000,0x0000005230600000)]
  0x00000205f54ff530 JavaThread "jar transforms" [_thread_blocked, id=28304, stack(0x0000005230600000,0x0000005230700000)]
  0x00000205f54fff50 JavaThread "Cache worker for checksums cache (C:\sttribe_Internship\sttribe-app\android\.gradle\8.14.3\checksums)" [_thread_blocked, id=28508, stack(0x0000005230700000,0x0000005230800000)]
  0x00000205f54fe0f0 JavaThread "Cache worker for file content cache (C:\Users\laxman\.gradle\caches\8.14.3\fileContent)" [_thread_blocked, id=32256, stack(0x0000005230800000,0x0000005230900000)]
  0x00000205f54ffa40 JavaThread "Cache worker for cache directory md-supplier (C:\Users\laxman\.gradle\caches\8.14.3\md-supplier)" [_thread_blocked, id=15016, stack(0x0000005230900000,0x0000005230a00000)]
  0x00000205f5501390 JavaThread "Cache worker for cache directory md-rule (C:\Users\laxman\.gradle\caches\8.14.3\md-rule)" [_thread_blocked, id=20488, stack(0x0000005230a00000,0x0000005230b00000)]
  0x00000205f55018a0 JavaThread "Cache worker for Build Output Cleanup Cache (C:\sttribe_Internship\sttribe-app\node_modules\@react-native\gradle-plugin\.gradle\buildOutputCleanup)" [_thread_blocked, id=3784, stack(0x0000005230b00000,0x0000005230c00000)]
  0x00000205f12efe60 JavaThread "Unconstrained build operations" [_thread_blocked, id=8012, stack(0x000000522ff00000,0x0000005230000000)]
  0x00000205f663fdf0 JavaThread "Unconstrained build operations Thread 2" [_thread_blocked, id=34464, stack(0x0000005230c00000,0x0000005230d00000)]
  0x00000205f663e9b0 JavaThread "Unconstrained build operations Thread 3" [_thread_blocked, id=25628, stack(0x0000005230d00000,0x0000005230e00000)]
  0x00000205f663d570 JavaThread "Unconstrained build operations Thread 4" [_thread_blocked, id=7524, stack(0x0000005230e00000,0x0000005230f00000)]
  0x00000205f6640300 JavaThread "Unconstrained build operations Thread 5" [_thread_blocked, id=34060, stack(0x0000005230f00000,0x0000005231000000)]
  0x00000205f663da80 JavaThread "Unconstrained build operations Thread 6" [_thread_blocked, id=31068, stack(0x0000005231000000,0x0000005231100000)]
  0x00000205f663d060 JavaThread "Unconstrained build operations Thread 7" [_thread_blocked, id=18776, stack(0x0000005231100000,0x0000005231200000)]
  0x00000205f6641230 JavaThread "Unconstrained build operations Thread 8" [_thread_blocked, id=33620, stack(0x0000005231200000,0x0000005231300000)]
  0x00000205f663eec0 JavaThread "Unconstrained build operations Thread 9" [_thread_blocked, id=25828, stack(0x0000005231300000,0x0000005231400000)]
  0x00000205f6640810 JavaThread "Unconstrained build operations Thread 10" [_thread_blocked, id=34212, stack(0x0000005231400000,0x0000005231500000)]
  0x00000205f663f8e0 JavaThread "Unconstrained build operations Thread 11" [_thread_blocked, id=30380, stack(0x0000005231500000,0x0000005231600000)]
  0x00000205f6640d20 JavaThread "Unconstrained build operations Thread 12" [_thread_blocked, id=29940, stack(0x0000005231600000,0x0000005231700000)]
  0x00000205f663f3d0 JavaThread "Unconstrained build operations Thread 13" [_thread_blocked, id=28780, stack(0x0000005231700000,0x0000005231800000)]
  0x00000205f6641740 JavaThread "Unconstrained build operations Thread 14" [_thread_blocked, id=16260, stack(0x0000005231800000,0x0000005231900000)]
  0x00000205f663df90 JavaThread "Unconstrained build operations Thread 15" [_thread_blocked, id=35224, stack(0x0000005231900000,0x0000005231a00000)]
  0x00000205f6641c50 JavaThread "Unconstrained build operations Thread 16" [_thread_blocked, id=10680, stack(0x0000005231a00000,0x0000005231b00000)]
  0x00000205f66449e0 JavaThread "Unconstrained build operations Thread 17" [_thread_blocked, id=22820, stack(0x0000005231b00000,0x0000005231c00000)]
  0x00000205f6642160 JavaThread "Unconstrained build operations Thread 18" [_thread_blocked, id=29052, stack(0x0000005231c00000,0x0000005231d00000)]
  0x00000205f6642b80 JavaThread "Unconstrained build operations Thread 19" [_thread_blocked, id=34828, stack(0x0000005231d00000,0x0000005231e00000)]
  0x00000205f6643090 JavaThread "Unconstrained build operations Thread 20" [_thread_blocked, id=18792, stack(0x0000005231e00000,0x0000005231f00000)]
  0x00000205f6642670 JavaThread "Unconstrained build operations Thread 21" [_thread_blocked, id=24064, stack(0x0000005231f00000,0x0000005232000000)]
  0x00000205f66435a0 JavaThread "Unconstrained build operations Thread 22" [_thread_blocked, id=27252, stack(0x0000005232000000,0x0000005232100000)]
  0x00000205f6643ab0 JavaThread "Unconstrained build operations Thread 23" [_thread_blocked, id=29972, stack(0x0000005232100000,0x0000005232200000)]
  0x00000205f66444d0 JavaThread "Unconstrained build operations Thread 24" [_thread_blocked, id=8672, stack(0x0000005232200000,0x0000005232300000)]
  0x00000205f6643fc0 JavaThread "Unconstrained build operations Thread 25" [_thread_blocked, id=29636, stack(0x0000005232300000,0x0000005232400000)]
  0x00000205f3107760 JavaThread "Unconstrained build operations Thread 26" [_thread_blocked, id=34104, stack(0x0000005232400000,0x0000005232500000)]
  0x00000205f310af10 JavaThread "Unconstrained build operations Thread 27" [_thread_blocked, id=25932, stack(0x0000005232500000,0x0000005232600000)]
  0x00000205f310aa00 JavaThread "Unconstrained build operations Thread 28" [_thread_blocked, id=32108, stack(0x0000005232600000,0x0000005232700000)]
  0x00000205f310b420 JavaThread "Unconstrained build operations Thread 29" [_thread_blocked, id=10900, stack(0x0000005232700000,0x0000005232800000)]
  0x00000205f3107c70 JavaThread "Unconstrained build operations Thread 30" [_thread_blocked, id=33672, stack(0x0000005232800000,0x0000005232900000)]
  0x00000205f3109ad0 JavaThread "Unconstrained build operations Thread 31" [_thread_blocked, id=31844, stack(0x0000005232900000,0x0000005232a00000)]
  0x00000205f310b930 JavaThread "Unconstrained build operations Thread 32" [_thread_blocked, id=26632, stack(0x0000005232a00000,0x0000005232b00000)]
  0x00000205f3109fe0 JavaThread "Unconstrained build operations Thread 33" [_thread_blocked, id=10524, stack(0x0000005232b00000,0x0000005232c00000)]
  0x00000205f3108180 JavaThread "Unconstrained build operations Thread 34" [_thread_blocked, id=33808, stack(0x0000005232c00000,0x0000005232d00000)]
  0x00000205f31095c0 JavaThread "Unconstrained build operations Thread 35" [_thread_blocked, id=24276, stack(0x0000005232d00000,0x0000005232e00000)]
  0x00000205f3108ba0 JavaThread "Unconstrained build operations Thread 36" [_thread_blocked, id=32748, stack(0x0000005232e00000,0x0000005232f00000)]
  0x00000205f310be40 JavaThread "Unconstrained build operations Thread 37" [_thread_blocked, id=34844, stack(0x0000005232f00000,0x0000005233000000)]
  0x00000205f3108690 JavaThread "Unconstrained build operations Thread 38" [_thread_blocked, id=18016, stack(0x0000005233000000,0x0000005233100000)]
  0x00000205f310c350 JavaThread "Unconstrained build operations Thread 39" [_thread_blocked, id=33436, stack(0x0000005233100000,0x0000005233200000)]
  0x00000205f310a4f0 JavaThread "build event listener" [_thread_blocked, id=35192, stack(0x0000005233300000,0x0000005233400000)]
  0x00000205f31090b0 JavaThread "Memory manager" [_thread_blocked, id=1252, stack(0x0000005233200000,0x0000005233300000)]
  0x00000205f310ebd0 JavaThread "ForkJoinPool.commonPool-worker-2" daemon [_thread_blocked, id=24776, stack(0x0000005233600000,0x0000005233700000)]
  0x00000205f310d790 JavaThread "ForkJoinPool.commonPool-worker-3" daemon [_thread_blocked, id=29236, stack(0x0000005233700000,0x0000005233800000)]
  0x00000205f310f0e0 JavaThread "ForkJoinPool.commonPool-worker-5" daemon [_thread_blocked, id=8148, stack(0x0000005233900000,0x0000005233a00000)]
  0x00000205f4348fd0 JavaThread "ForkJoinPool.commonPool-worker-6" daemon [_thread_blocked, id=5924, stack(0x0000005233a00000,0x0000005233b00000)]
  0x00000205f4345d30 JavaThread "ForkJoinPool.commonPool-worker-8" daemon [_thread_blocked, id=30548, stack(0x0000005233c00000,0x0000005233d00000)]
  0x00000205f4347680 JavaThread "ForkJoinPool.commonPool-worker-9" daemon [_thread_blocked, id=18112, stack(0x0000005233d00000,0x0000005233e00000)]
  0x00000205f4347b90 JavaThread "ForkJoinPool.commonPool-worker-10" daemon [_thread_blocked, id=19776, stack(0x0000005233e00000,0x0000005233f00000)]
  0x00000205f4348ac0 JavaThread "included builds" [_thread_blocked, id=24416, stack(0x0000005234200000,0x0000005234300000)]
  0x00000205f4347170 JavaThread "Execution worker" [_thread_blocked, id=856, stack(0x0000005234300000,0x0000005234400000)]
  0x00000205f72f9420 JavaThread "Execution worker Thread 2" [_thread_blocked, id=26232, stack(0x0000005234400000,0x0000005234500000)]
  0x00000205f72fb280 JavaThread "Execution worker Thread 3" [_thread_blocked, id=22320, stack(0x0000005234500000,0x0000005234600000)]
  0x00000205f72f9930 JavaThread "Execution worker Thread 4" [_thread_blocked, id=35444, stack(0x0000005234600000,0x0000005234700000)]
  0x00000205f72f84f0 JavaThread "Execution worker Thread 5" [_thread_blocked, id=35340, stack(0x0000005234700000,0x0000005234800000)]
  0x00000205f72f9e40 JavaThread "Execution worker Thread 6" [_thread_blocked, id=27972, stack(0x0000005234800000,0x0000005234900000)]
  0x00000205f72fa860 JavaThread "Execution worker Thread 7" [_thread_blocked, id=24896, stack(0x0000005234900000,0x0000005234a00000)]
  0x00000205f72fa350 JavaThread "Execution worker Thread 8" [_thread_blocked, id=12480, stack(0x0000005234a00000,0x0000005234b00000)]
  0x00000205f72fc1b0 JavaThread "Execution worker Thread 9" [_thread_blocked, id=33744, stack(0x0000005234b00000,0x0000005234c00000)]
  0x00000205f72fb790 JavaThread "Execution worker Thread 10" [_thread_blocked, id=29640, stack(0x0000005234c00000,0x0000005234d00000)]
  0x00000205f72fad70 JavaThread "Execution worker Thread 11" [_thread_blocked, id=30652, stack(0x0000005234d00000,0x0000005234e00000)]
  0x00000205f72f8a00 JavaThread "Cache worker for execution history cache (C:\sttribe_Internship\sttribe-app\node_modules\@react-native\gradle-plugin\.gradle\8.14.3\executionHistory)" [_thread_blocked, id=25552, stack(0x0000005234e00000,0x0000005234f00000)]
  0x00000205f72fbca0 JavaThread "Unconstrained build operations Thread 40" [_thread_blocked, id=27408, stack(0x0000005234f00000,0x0000005235000000)]
  0x00000205f72fc6c0 JavaThread "Unconstrained build operations Thread 41" [_thread_blocked, id=9064, stack(0x0000005235000000,0x0000005235100000)]
  0x00000205f72f8f10 JavaThread "Unconstrained build operations Thread 42" [_thread_blocked, id=33732, stack(0x0000005235100000,0x0000005235200000)]
  0x00000205f72fe520 JavaThread "Unconstrained build operations Thread 43" [_thread_blocked, id=18372, stack(0x0000005235200000,0x0000005235300000)]
  0x00000205f72fdb00 JavaThread "Unconstrained build operations Thread 44" [_thread_blocked, id=34660, stack(0x0000005235300000,0x0000005235400000)]
  0x00000205f72fcbd0 JavaThread "Unconstrained build operations Thread 45" [_thread_blocked, id=11532, stack(0x0000005235400000,0x0000005235500000)]
  0x00000205f72fe010 JavaThread "Unconstrained build operations Thread 46" [_thread_blocked, id=11016, stack(0x0000005235500000,0x0000005235600000)]
  0x00000205f72fd0e0 JavaThread "Unconstrained build operations Thread 47" [_thread_blocked, id=29164, stack(0x0000005235600000,0x0000005235700000)]
  0x00000205f72fea30 JavaThread "Unconstrained build operations Thread 48" [_thread_blocked, id=18804, stack(0x0000005235700000,0x0000005235800000)]
  0x00000205f72fef40 JavaThread "Unconstrained build operations Thread 49" [_thread_blocked, id=31112, stack(0x0000005235800000,0x0000005235900000)]
  0x00000205f72ff450 JavaThread "Unconstrained build operations Thread 50" [_thread_blocked, id=29172, stack(0x0000005233400000,0x0000005233500000)]
  0x00000205f72ff960 JavaThread "Unconstrained build operations Thread 51" [_thread_blocked, id=33552, stack(0x0000005235900000,0x0000005235a00000)]
  0x00000205f72ffe70 JavaThread "Unconstrained build operations Thread 52" [_thread_blocked, id=26884, stack(0x0000005235a00000,0x0000005235b00000)]
  0x00000205f72fd5f0 JavaThread "Unconstrained build operations Thread 53" [_thread_blocked, id=5660, stack(0x0000005235b00000,0x0000005235c00000)]
  0x00000205f36c4010 JavaThread "Unconstrained build operations Thread 54" [_thread_blocked, id=23924, stack(0x0000005235c00000,0x0000005235d00000)]
  0x00000205f36c4520 JavaThread "Unconstrained build operations Thread 55" [_thread_blocked, id=23492, stack(0x0000005235d00000,0x0000005235e00000)]
  0x00000205f36c21b0 JavaThread "Unconstrained build operations Thread 56" [_thread_blocked, id=1164, stack(0x0000005235e00000,0x0000005235f00000)]
  0x00000205f36c4a30 JavaThread "Unconstrained build operations Thread 57" [_thread_blocked, id=34328, stack(0x0000005235f00000,0x0000005236000000)]
  0x00000205f36c4f40 JavaThread "Unconstrained build operations Thread 58" [_thread_blocked, id=28348, stack(0x0000005236000000,0x0000005236100000)]
  0x00000205f36c1790 JavaThread "Unconstrained build operations Thread 59" [_thread_blocked, id=30664, stack(0x0000005236100000,0x0000005236200000)]
  0x00000205f36c5450 JavaThread "Unconstrained build operations Thread 60" [_thread_blocked, id=27212, stack(0x0000005236200000,0x0000005236300000)]
  0x00000205f36c1ca0 JavaThread "Unconstrained build operations Thread 61" [_thread_blocked, id=12568, stack(0x0000005236300000,0x0000005236400000)]
  0x00000205f36c26c0 JavaThread "Unconstrained build operations Thread 62" [_thread_blocked, id=11416, stack(0x0000005236400000,0x0000005236500000)]
  0x00000205f36c6380 JavaThread "Unconstrained build operations Thread 63" [_thread_blocked, id=28820, stack(0x0000005236500000,0x0000005236600000)]
  0x00000205f36c3b00 JavaThread "Unconstrained build operations Thread 64" [_thread_blocked, id=31144, stack(0x0000005236600000,0x0000005236700000)]
  0x00000205f36c5960 JavaThread "Unconstrained build operations Thread 65" [_thread_blocked, id=24560, stack(0x0000005236700000,0x0000005236800000)]
  0x00000205f36c5e70 JavaThread "Unconstrained build operations Thread 66" [_thread_blocked, id=28936, stack(0x0000005236800000,0x0000005236900000)]
  0x00000205f36c2bd0 JavaThread "Unconstrained build operations Thread 67" [_thread_blocked, id=18840, stack(0x0000005236900000,0x0000005236a00000)]
  0x00000205f36c6890 JavaThread "Unconstrained build operations Thread 68" [_thread_blocked, id=26228, stack(0x0000005236a00000,0x0000005236b00000)]
  0x00000205f36c30e0 JavaThread "Unconstrained build operations Thread 69" [_thread_blocked, id=25488, stack(0x0000005236b00000,0x0000005236c00000)]
  0x00000205f36c6da0 JavaThread "Unconstrained build operations Thread 70" [_thread_blocked, id=5584, stack(0x0000005236c00000,0x0000005236d00000)]
  0x00000205f36c35f0 JavaThread "Unconstrained build operations Thread 71" [_thread_blocked, id=32988, stack(0x0000005236d00000,0x0000005236e00000)]
  0x00000205f36c86f0 JavaThread "Unconstrained build operations Thread 72" [_thread_blocked, id=424, stack(0x0000005236e00000,0x0000005236f00000)]
  0x00000205f36c72b0 JavaThread "Unconstrained build operations Thread 73" [_thread_blocked, id=24088, stack(0x0000005236f00000,0x0000005237000000)]
  0x00000205f36c8c00 JavaThread "Unconstrained build operations Thread 74" [_thread_blocked, id=2760, stack(0x0000005237000000,0x0000005237100000)]
  0x00000205f36c9110 JavaThread "Unconstrained build operations Thread 75" [_thread_blocked, id=27916, stack(0x0000005237100000,0x0000005237200000)]
  0x00000205f36c77c0 JavaThread "Unconstrained build operations Thread 76" [_thread_blocked, id=30972, stack(0x0000005237200000,0x0000005237300000)]
  0x00000205f36c7cd0 JavaThread "Unconstrained build operations Thread 77" [_thread_blocked, id=20680, stack(0x0000005237300000,0x0000005237400000)]
  0x00000205f36c81e0 JavaThread "Unconstrained build operations Thread 78" [_thread_blocked, id=24568, stack(0x0000005237400000,0x0000005237500000)]
  0x00000205f59d16a0 JavaThread "Unconstrained build operations Thread 79" [_thread_blocked, id=29356, stack(0x0000005237500000,0x0000005237600000)]
  0x00000205f59d0770 JavaThread "Unconstrained build operations Thread 80" [_thread_blocked, id=25988, stack(0x0000005237600000,0x0000005237700000)]
  0x00000205f59d0c80 JavaThread "Unconstrained build operations Thread 81" [_thread_blocked, id=26000, stack(0x0000005237700000,0x0000005237800000)]
  0x00000205f59cf330 JavaThread "Unconstrained build operations Thread 82" [_thread_blocked, id=26804, stack(0x0000005237800000,0x0000005237900000)]
  0x00000205f59d1190 JavaThread "Unconstrained build operations Thread 83" [_thread_blocked, id=24648, stack(0x0000005237900000,0x0000005237a00000)]
  0x00000205f59cf840 JavaThread "Unconstrained build operations Thread 84" [_thread_blocked, id=21012, stack(0x0000005237a00000,0x0000005237b00000)]
  0x00000205f59d1bb0 JavaThread "Unconstrained build operations Thread 85" [_thread_blocked, id=31860, stack(0x0000005237b00000,0x0000005237c00000)]
  0x00000205f59ce910 JavaThread "Unconstrained build operations Thread 86" [_thread_blocked, id=19812, stack(0x0000005237c00000,0x0000005237d00000)]
  0x00000205f59ce400 JavaThread "Unconstrained build operations Thread 87" [_thread_blocked, id=17600, stack(0x0000005237d00000,0x0000005237e00000)]
  0x00000205f59cfd50 JavaThread "Unconstrained build operations Thread 88" [_thread_blocked, id=31740, stack(0x0000005237e00000,0x0000005237f00000)]
  0x00000205f59d25d0 JavaThread "Unconstrained build operations Thread 89" [_thread_blocked, id=27676, stack(0x0000005237f00000,0x0000005238000000)]
  0x00000205f59d2ff0 JavaThread "Unconstrained build operations Thread 90" [_thread_blocked, id=32368, stack(0x0000005238000000,0x0000005238100000)]
  0x00000205f59d0260 JavaThread "Unconstrained build operations Thread 91" [_thread_blocked, id=16032, stack(0x0000005238100000,0x0000005238200000)]
  0x00000205f59cee20 JavaThread "Unconstrained build operations Thread 92" [_thread_blocked, id=28172, stack(0x0000005238200000,0x0000005238300000)]
  0x00000205f59d4430 JavaThread "Unconstrained build operations Thread 93" [_thread_blocked, id=4012, stack(0x0000005238300000,0x0000005238400000)]
  0x00000205f59d20c0 JavaThread "Unconstrained build operations Thread 94" [_thread_blocked, id=16068, stack(0x0000005238400000,0x0000005238500000)]
  0x00000205f59d4940 JavaThread "Unconstrained build operations Thread 95" [_thread_blocked, id=18968, stack(0x0000005238500000,0x0000005238600000)]
  0x00000205f59d2ae0 JavaThread "Unconstrained build operations Thread 96" [_thread_blocked, id=25520, stack(0x0000005238600000,0x0000005238700000)]
  0x00000205f59d5360 JavaThread "Unconstrained build operations Thread 97" [_thread_blocked, id=35276, stack(0x0000005238700000,0x0000005238800000)]
  0x00000205f59d3500 JavaThread "Unconstrained build operations Thread 98" [_thread_blocked, id=4212, stack(0x0000005238800000,0x0000005238900000)]
  0x00000205f59d3a10 JavaThread "Unconstrained build operations Thread 99" [_thread_blocked, id=35296, stack(0x0000005238900000,0x0000005238a00000)]
  0x00000205f59d3f20 JavaThread "Unconstrained build operations Thread 100" [_thread_blocked, id=33400, stack(0x0000005238a00000,0x0000005238b00000)]
  0x00000205f59d4e50 JavaThread "Unconstrained build operations Thread 101" [_thread_blocked, id=34872, stack(0x0000005238b00000,0x0000005238c00000)]
  0x00000205f59d5870 JavaThread "Unconstrained build operations Thread 102" [_thread_blocked, id=8840, stack(0x0000005238c00000,0x0000005238d00000)]
  0x00000205f216b4a0 JavaThread "Unconstrained build operations Thread 103" [_thread_blocked, id=34248, stack(0x0000005238d00000,0x0000005238e00000)]
  0x00000205f216af90 JavaThread "Unconstrained build operations Thread 104" [_thread_blocked, id=28132, stack(0x0000005238e00000,0x0000005238f00000)]
  0x00000205f216d810 JavaThread "Unconstrained build operations Thread 105" [_thread_blocked, id=28764, stack(0x0000005238f00000,0x0000005239000000)]
  0x00000205f216b9b0 JavaThread "Unconstrained build operations Thread 106" [_thread_blocked, id=27316, stack(0x0000005239000000,0x0000005239100000)]
  0x00000205f216c3d0 JavaThread "Unconstrained build operations Thread 107" [_thread_blocked, id=8136, stack(0x0000005239100000,0x0000005239200000)]
  0x00000205f216dd20 JavaThread "Unconstrained build operations Thread 108" [_thread_blocked, id=24428, stack(0x0000005239200000,0x0000005239300000)]
  0x00000205f216cdf0 JavaThread "Unconstrained build operations Thread 109" [_thread_blocked, id=25640, stack(0x0000005239300000,0x0000005239400000)]
  0x00000205f216c8e0 JavaThread "Unconstrained build operations Thread 110" [_thread_blocked, id=30216, stack(0x0000005239400000,0x0000005239500000)]
  0x00000205f216d300 JavaThread "Unconstrained build operations Thread 111" [_thread_blocked, id=32608, stack(0x0000005239500000,0x0000005239600000)]
  0x00000205f216e230 JavaThread "Unconstrained build operations Thread 112" [_thread_blocked, id=34216, stack(0x0000005239600000,0x0000005239700000)]
  0x00000205f216aa80 JavaThread "Unconstrained build operations Thread 113" [_thread_blocked, id=26708, stack(0x0000005239700000,0x0000005239800000)]
  0x00000205f216e740 JavaThread "Unconstrained build operations Thread 114" [_thread_blocked, id=33728, stack(0x0000005239800000,0x0000005239900000)]
  0x00000205f216f670 JavaThread "jar transforms Thread 2" [_thread_blocked, id=31556, stack(0x0000005239900000,0x0000005239a00000)]
  0x00000205f216bec0 JavaThread "jar transforms Thread 3" [_thread_blocked, id=14164, stack(0x0000005239a00000,0x0000005239b00000)]
  0x00000205f2171ef0 JavaThread "Unconstrained build operations Thread 115" [_thread_blocked, id=30776, stack(0x0000005239b00000,0x0000005239c00000)]
  0x00000205f216fb80 JavaThread "Unconstrained build operations Thread 116" [_thread_blocked, id=25144, stack(0x0000005239c00000,0x0000005239d00000)]
  0x00000205f2172400 JavaThread "Unconstrained build operations Thread 117" [_thread_blocked, id=17400, stack(0x0000005239d00000,0x0000005239e00000)]
  0x00000205f2170090 JavaThread "Unconstrained build operations Thread 118" [_thread_blocked, id=29968, stack(0x0000005239e00000,0x0000005239f00000)]
  0x00000205f21705a0 JavaThread "Unconstrained build operations Thread 119" [_thread_blocked, id=12776, stack(0x0000005239f00000,0x000000523a000000)]
  0x00000205f2170ab0 JavaThread "Unconstrained build operations Thread 120" [_thread_blocked, id=23568, stack(0x000000523a000000,0x000000523a100000)]
  0x00000205f21714d0 JavaThread "jar transforms Thread 4" [_thread_blocked, id=30328, stack(0x000000523a100000,0x000000523a200000)]
  0x00000205f21719e0 JavaThread "jar transforms Thread 5" [_thread_blocked, id=23240, stack(0x000000523a200000,0x000000523a300000)]
  0x00000205f54fccb0 JavaThread "jar transforms Thread 6" [_thread_blocked, id=16012, stack(0x000000523a300000,0x000000523a400000)]
  0x00000205f35298e0 JavaThread "build event listener" [_thread_blocked, id=33132, stack(0x000000523a400000,0x000000523a500000)]
  0x00000205f352a300 JavaThread "jar transforms Thread 7" [_thread_blocked, id=6180, stack(0x000000523a500000,0x000000523a600000)]
  0x00000205f3528ec0 JavaThread "jar transforms Thread 8" [_thread_blocked, id=35172, stack(0x000000523a600000,0x000000523a700000)]
  0x00000205f352ad20 JavaThread "Problems report writer" [_thread_blocked, id=33984, stack(0x000000523a700000,0x000000523a800000)]
  0x00000205f352d5a0 JavaThread "jar transforms Thread 9" [_thread_blocked, id=10312, stack(0x000000523a800000,0x000000523a900000)]
  0x00000205f352f400 JavaThread "jar transforms Thread 10" [_thread_blocked, id=10536, stack(0x000000523a900000,0x000000523aa00000)]
  0x00000205f352f910 JavaThread "jar transforms Thread 11" [_thread_blocked, id=31520, stack(0x000000523aa00000,0x000000523ab00000)]
  0x00000205f352dfc0 JavaThread "jar transforms Thread 12" [_thread_blocked, id=14368, stack(0x000000523ab00000,0x000000523ac00000)]
  0x00000205f66de4c0 JavaThread "ForkJoinPool.commonPool-worker-11" daemon [_thread_blocked, id=32140, stack(0x000000523af00000,0x000000523b000000)]
  0x00000205f66dfe10 JavaThread "pool-3-thread-1" [_thread_blocked, id=22612, stack(0x000000523b300000,0x000000523b400000)]
  0x00000205f66dcb70 JavaThread "build event listener" [_thread_blocked, id=4092, stack(0x000000523b400000,0x000000523b500000)]
  0x00000205f66e2180 JavaThread "Cache worker for execution history cache (C:\sttribe_Internship\sttribe-app\android\.gradle\8.14.3\executionHistory)" [_thread_blocked, id=30416, stack(0x000000523b500000,0x000000523b600000)]
  0x00000205f66e2ba0 JavaThread "WorkerExecutor Queue" [_thread_blocked, id=16228, stack(0x000000523b000000,0x000000523b100000)]
  0x00000205f66e30b0 JavaThread "RMI Scheduler(0)" daemon [_thread_blocked, id=3880, stack(0x000000523b700000,0x000000523b800000)]
  0x00000205f66e35c0 JavaThread "RMI RenewClean-[127.0.0.1:17133,org.jetbrains.kotlin.daemon.common.LoopbackNetworkInterface$ClientLoopbackSocketFactory@29048201]" daemon [_thread_blocked, id=15808, stack(0x000000523b800000,0x000000523b900000)]
  0x00000205f66e44f0 JavaThread "RMI GC Daemon" daemon [_thread_blocked, id=3748, stack(0x000000523b900000,0x000000523ba00000)]
  0x00000205f66e0d40 JavaThread "WorkerExecutor Queue Thread 2" [_thread_blocked, id=2312, stack(0x000000523ba00000,0x000000523bb00000)]
  0x00000205f66e6860 JavaThread "RMI TCP Accept-0" daemon [_thread_in_native, id=15396, stack(0x000000523bc00000,0x000000523bd00000)]
  0x00000205f66e4a00 JavaThread "RMI Reaper" [_thread_blocked, id=15388, stack(0x000000523bd00000,0x000000523be00000)]
  0x00000205f66e6d70 JavaThread "Cache worker for Java compile cache (C:\Users\laxman\.gradle\caches\8.14.3\javaCompile)" [_thread_blocked, id=15776, stack(0x000000523c000000,0x000000523c100000)]
  0x00000205f66e8bd0 JavaThread "Build operations" [_thread_blocked, id=31688, stack(0x000000522fe00000,0x000000522ff00000)]
  0x00000205f66e90e0 JavaThread "Build operations Thread 2" [_thread_blocked, id=21276, stack(0x000000523c200000,0x000000523c300000)]
  0x00000205f66e95f0 JavaThread "Build operations Thread 3" [_thread_blocked, id=20380, stack(0x000000523c300000,0x000000523c400000)]
  0x00000205f66e5e40 JavaThread "Build operations Thread 4" [_thread_blocked, id=31080, stack(0x000000523c400000,0x000000523c500000)]
  0x00000205f66e9b00 JavaThread "Build operations Thread 5" [_thread_blocked, id=27552, stack(0x000000523c500000,0x000000523c600000)]
  0x00000205f35293d0 JavaThread "Build operations Thread 6" [_thread_blocked, id=24580, stack(0x000000523c600000,0x000000523c700000)]
  0x00000205f3529df0 JavaThread "Build operations Thread 7" [_thread_blocked, id=34408, stack(0x000000523c700000,0x000000523c800000)]
  0x00000205f352dab0 JavaThread "Build operations Thread 8" [_thread_blocked, id=19280, stack(0x000000523c800000,0x000000523c900000)]
  0x00000205f352e9e0 JavaThread "Build operations Thread 9" [_thread_blocked, id=32564, stack(0x000000523c900000,0x000000523ca00000)]
  0x00000205f54fbd80 JavaThread "Build operations Thread 10" [_thread_blocked, id=5780, stack(0x000000523ca00000,0x000000523cb00000)]
  0x00000205f54fd6d0 JavaThread "Build operations Thread 11" [_thread_blocked, id=10088, stack(0x000000523cb00000,0x000000523cc00000)]
  0x00000205f2170fc0 JavaThread "WorkerExecutor Queue Thread 3" [_thread_blocked, id=28032, stack(0x000000523ce00000,0x000000523cf00000)]
  0x00000205f663e4a0 JavaThread "WorkerExecutor Queue Thread 4" [_thread_blocked, id=30036, stack(0x000000523cf00000,0x000000523d000000)]
  0x00000205f55022c0 JavaThread "Build operations Thread 12" [_thread_blocked, id=25100, stack(0x000000523cd00000,0x000000523ce00000)]
  0x00000205f66dd080 JavaThread "WorkerExecutor Queue Thread 5" [_thread_blocked, id=24160, stack(0x000000523d000000,0x000000523d100000)]
  0x000002059c309cb0 JavaThread "RMI RenewClean-[127.0.0.1:17133,org.jetbrains.kotlin.daemon.common.LoopbackNetworkInterface$ClientLoopbackSocketFactory@22ca1e44]" daemon [_thread_blocked, id=8188, stack(0x000000523d400000,0x000000523d500000)]
  0x000002059c308870 JavaThread "WorkerExecutor Queue Thread 8" [_thread_blocked, id=32296, stack(0x000000523bb00000,0x000000523bc00000)]
  0x000002059c307e50 JavaThread "RMI RenewClean-[127.0.0.1:17133,org.jetbrains.kotlin.daemon.common.LoopbackNetworkInterface$ClientLoopbackSocketFactory@75627d54]" daemon [_thread_blocked, id=32128, stack(0x000000523d600000,0x000000523d700000)]
  0x000002059c309290 JavaThread "WorkerExecutor Queue Thread 9" [_thread_blocked, id=2100, stack(0x000000522d300000,0x000000522d400000)]
  0x000002059c3097a0 JavaThread "WorkerExecutor Queue Thread 10" [_thread_blocked, id=25916, stack(0x000000522d400000,0x000000522d500000)]
  0x000002059c30abe0 JavaThread "WorkerExecutor Queue Thread 11" [_thread_blocked, id=23464, stack(0x000000523d800000,0x000000523d900000)]
  0x000002059c30b600 JavaThread "WorkerExecutor Queue Thread 12" [_thread_blocked, id=15692, stack(0x000000522d200000,0x000000522d300000)]
  0x000002059c30d460 JavaThread "WorkerExecutor Queue Thread 13" [_thread_blocked, id=35160, stack(0x000000523da00000,0x000000523db00000)]
  0x00000205fdb5f650 JavaThread "WorkerExecutor Queue Thread 14" [_thread_blocked, id=31800, stack(0x0000005233f00000,0x0000005234000000)]
  0x00000205fe4b8200 JavaThread "RMI TCP Connection(idle)" daemon [_thread_blocked, id=28072, stack(0x0000005233b00000,0x0000005233c00000)]
  0x00000205fe4b72d0 JavaThread "RMI TCP Connection(idle)" daemon [_thread_blocked, id=33064, stack(0x0000005234100000,0x0000005234200000)]
  0x00000205fe0448c0 JavaThread "C2 CompilerThread1" daemon [_thread_blocked, id=19884, stack(0x000000523ac00000,0x000000523ad00000)]
  0x00000205fe4b5e90 JavaThread "RMI TCP Connection(9)-127.0.0.1" daemon [_thread_blocked, id=26424, stack(0x000000523ae00000,0x000000523af00000)]

Other Threads:
=>0x00000205ec658f20 VMThread "VM Thread" [stack: 0x000000522db00000,0x000000522dc00000] [id=15580]
  0x00000205eca9dc70 WatcherThread [stack: 0x000000522e700000,0x000000522e800000] [id=31648]
  0x00000205c70a9f20 GCTaskThread "GC Thread#0" [stack: 0x000000522d600000,0x000000522d700000] [id=5368]
  0x00000205ecb60390 GCTaskThread "GC Thread#1" [stack: 0x000000522ea00000,0x000000522eb00000] [id=6452]
  0x00000205f12cc180 GCTaskThread "GC Thread#2" [stack: 0x000000522eb00000,0x000000522ec00000] [id=2912]
  0x00000205f1c6e910 GCTaskThread "GC Thread#3" [stack: 0x000000522ec00000,0x000000522ed00000] [id=34336]
  0x00000205f17380f0 GCTaskThread "GC Thread#4" [stack: 0x000000522ed00000,0x000000522ee00000] [id=21212]
  0x00000205f2ad9960 GCTaskThread "GC Thread#5" [stack: 0x000000522f700000,0x000000522f800000] [id=18308]
  0x00000205f2b0ff50 GCTaskThread "GC Thread#6" [stack: 0x000000522f800000,0x000000522f900000] [id=34224]
  0x00000205f20d0f60 GCTaskThread "GC Thread#7" [stack: 0x000000522f900000,0x000000522fa00000] [id=20264]
  0x00000205f2ae9950 GCTaskThread "GC Thread#8" [stack: 0x000000522fa00000,0x000000522fb00000] [id=5604]
  0x00000205f2f18520 GCTaskThread "GC Thread#9" [stack: 0x000000522fb00000,0x000000522fc00000] [id=12392]
  0x00000205c70aea20 ConcurrentGCThread "G1 Main Marker" [stack: 0x000000522d700000,0x000000522d800000] [id=22120]
  0x00000205c93f6170 ConcurrentGCThread "G1 Conc#0" [stack: 0x000000522d800000,0x000000522d900000] [id=21516]
  0x00000205f3c1ff50 ConcurrentGCThread "G1 Conc#1" [stack: 0x0000005230200000,0x0000005230300000] [id=16164]
  0x00000205f3c20790 ConcurrentGCThread "G1 Conc#2" [stack: 0x0000005230300000,0x0000005230400000] [id=12348]
  0x00000205ec5114e0 ConcurrentGCThread "G1 Refine#0" [stack: 0x000000522d900000,0x000000522da00000] [id=2840]
  0x00000205f46303e0 ConcurrentGCThread "G1 Refine#1" [stack: 0x000000523b600000,0x000000523b700000] [id=9104]
  0x00000205f3f4f390 ConcurrentGCThread "G1 Refine#2" [stack: 0x000000523c100000,0x000000523c200000] [id=2256]
  0x00000205fc85f4c0 ConcurrentGCThread "G1 Refine#3" [stack: 0x0000005233500000,0x0000005233600000] [id=33688]
  0x00000205f462e680 ConcurrentGCThread "G1 Refine#4" [stack: 0x0000005234000000,0x0000005234100000] [id=23932]
  0x00000205ec511cc0 ConcurrentGCThread "G1 Service" [stack: 0x000000522da00000,0x000000522db00000] [id=35532]

Threads with active compile tasks:
C2 CompilerThread0   220424 37107       4       com.android.tools.r8.graph.H2$$Lambda$6387/0x0000020582745410::accept (12 bytes)
C2 CompilerThread1   220424 37840       4       com.android.tools.r8.internal.de::a (4509 bytes)

VM state: at safepoint (normal execution)

VM Mutex/Monitor currently owned by a thread:  ([mutex/lock_event])
[0x00000205c7007440] Threads_lock - owner thread: 0x00000205ec658f20
[0x00000205c93779d0] Heap_lock - owner thread: 0x00000205f310b420

Heap address: 0x0000000700000000, size: 4096 MB, Compressed Oops mode: Zero based, Oop shift amount: 3

CDS archive(s) mapped at: [0x0000020580000000-0x0000020580bb0000-0x0000020580bb0000), size 12255232, SharedBaseAddress: 0x0000020580000000, ArchiveRelocationMode: 1.
Compressed class space mapped at: 0x0000020581000000-0x000002059b000000, reserved size: 436207616
Narrow klass base: 0x0000020580000000, Narrow klass shift: 0, Narrow klass range: 0x100000000

GC Precious Log:
 CPUs: 12 total, 12 available
 Memory: 5989M
 Large Page Support: Disabled
 NUMA Support: Disabled
 Compressed Oops: Enabled (Zero based)
 Heap Region Size: 2M
 Heap Min Capacity: 8M
 Heap Initial Capacity: 94M
 Heap Max Capacity: 4G
 Pre-touch: Disabled
 Parallel Workers: 10
 Concurrent Workers: 3
 Concurrent Refinement Workers: 10
 Periodic GC: Disabled

Heap:
 garbage-first heap   total 2123776K, used 613159K [0x0000000700000000, 0x0000000800000000)
  region size 2048K, 5 young (10240K), 5 survivors (10240K)
 Metaspace       used 167760K, committed 170048K, reserved 622592K
  class space    used 23127K, committed 24192K, reserved 425984K

Heap Regions: E=young(eden), S=young(survivor), O=old, HS=humongous(starts), HC=humongous(continues), CS=collection set, F=free, OA=open archive, CA=closed archive, TAMS=top-at-mark-start (previous, next)
|   0|0x0000000700000000, 0x0000000700200000, 0x0000000700200000|100%|HS|  |TAMS 0x0000000700200000, 0x0000000700000000| Complete 
|   1|0x0000000700200000, 0x0000000700400000, 0x0000000700400000|100%|HC|  |TAMS 0x0000000700400000, 0x0000000700200000| Complete 
|   2|0x0000000700400000, 0x0000000700600000, 0x0000000700600000|100%| O|  |TAMS 0x0000000700600000, 0x0000000700400000| Untracked 
|   3|0x0000000700600000, 0x0000000700800000, 0x0000000700800000|100%| O|  |TAMS 0x0000000700800000, 0x0000000700600000| Untracked 
|   4|0x0000000700800000, 0x0000000700a00000, 0x0000000700a00000|100%| O|  |TAMS 0x0000000700a00000, 0x0000000700800000| Untracked 
|   5|0x0000000700a00000, 0x0000000700c00000, 0x0000000700c00000|100%| O|  |TAMS 0x0000000700c00000, 0x0000000700a00000| Untracked 
|   6|0x0000000700c00000, 0x0000000700e00000, 0x0000000700e00000|100%| O|  |TAMS 0x0000000700e00000, 0x0000000700c00000| Untracked 
|   7|0x0000000700e00000, 0x0000000701000000, 0x0000000701000000|100%| O|  |TAMS 0x0000000701000000, 0x0000000700e00000| Untracked 
|   8|0x0000000701000000, 0x0000000701200000, 0x0000000701200000|100%| O|  |TAMS 0x0000000701200000, 0x0000000701000000| Untracked 
|   9|0x0000000701200000, 0x0000000701400000, 0x0000000701400000|100%| O|  |TAMS 0x0000000701400000, 0x0000000701200000| Untracked 
|  10|0x0000000701400000, 0x0000000701600000, 0x0000000701600000|100%| O|  |TAMS 0x0000000701600000, 0x0000000701400000| Untracked 
|  11|0x0000000701600000, 0x0000000701800000, 0x0000000701800000|100%| O|  |TAMS 0x0000000701800000, 0x0000000701600000| Untracked 
|  12|0x0000000701800000, 0x0000000701a00000, 0x0000000701a00000|100%| O|  |TAMS 0x0000000701a00000, 0x0000000701800000| Untracked 
|  13|0x0000000701a00000, 0x0000000701c00000, 0x0000000701c00000|100%| O|  |TAMS 0x0000000701c00000, 0x0000000701a00000| Untracked 
|  14|0x0000000701c00000, 0x0000000701e00000, 0x0000000701e00000|100%| O|  |TAMS 0x0000000701e00000, 0x0000000701c00000| Untracked 
|  15|0x0000000701e00000, 0x0000000702000000, 0x0000000702000000|100%| O|  |TAMS 0x0000000702000000, 0x0000000701e00000| Untracked 
|  16|0x0000000702000000, 0x0000000702200000, 0x0000000702200000|100%| O|  |TAMS 0x0000000702200000, 0x0000000702000000| Untracked 
|  17|0x0000000702200000, 0x0000000702400000, 0x0000000702400000|100%| O|  |TAMS 0x0000000702400000, 0x0000000702200000| Untracked 
|  18|0x0000000702400000, 0x0000000702600000, 0x0000000702600000|100%|HS|  |TAMS 0x0000000702600000, 0x0000000702400000| Complete 
|  19|0x0000000702600000, 0x0000000702800000, 0x0000000702800000|100%|HC|  |TAMS 0x0000000702800000, 0x0000000702600000| Complete 
|  20|0x0000000702800000, 0x0000000702a00000, 0x0000000702a00000|100%| O|  |TAMS 0x0000000702a00000, 0x0000000702800000| Untracked 
|  21|0x0000000702a00000, 0x0000000702c00000, 0x0000000702c00000|100%| O|  |TAMS 0x0000000702c00000, 0x0000000702a00000| Untracked 
|  22|0x0000000702c00000, 0x0000000702e00000, 0x0000000702e00000|100%|HS|  |TAMS 0x0000000702e00000, 0x0000000702c00000| Complete 
|  23|0x0000000702e00000, 0x0000000703000000, 0x0000000703000000|100%|HC|  |TAMS 0x0000000703000000, 0x0000000702e00000| Complete 
|  24|0x0000000703000000, 0x0000000703200000, 0x0000000703200000|100%| O|  |TAMS 0x0000000703200000, 0x0000000703000000| Untracked 
|  25|0x0000000703200000, 0x0000000703400000, 0x0000000703400000|100%| O|  |TAMS 0x0000000703400000, 0x0000000703200000| Untracked 
|  26|0x0000000703400000, 0x0000000703600000, 0x0000000703600000|100%| O|  |TAMS 0x0000000703600000, 0x0000000703400000| Untracked 
|  27|0x0000000703600000, 0x0000000703800000, 0x0000000703800000|100%| O|  |TAMS 0x0000000703800000, 0x0000000703600000| Untracked 
|  28|0x0000000703800000, 0x0000000703a00000, 0x0000000703a00000|100%| O|  |TAMS 0x0000000703a00000, 0x0000000703800000| Untracked 
|  29|0x0000000703a00000, 0x0000000703c00000, 0x0000000703c00000|100%| O|  |TAMS 0x0000000703c00000, 0x0000000703a00000| Untracked 
|  30|0x0000000703c00000, 0x0000000703e00000, 0x0000000703e00000|100%| O|  |TAMS 0x0000000703e00000, 0x0000000703c00000| Untracked 
|  31|0x0000000703e00000, 0x0000000704000000, 0x0000000704000000|100%| O|  |TAMS 0x0000000704000000, 0x0000000703e00000| Untracked 
|  32|0x0000000704000000, 0x0000000704200000, 0x0000000704200000|100%| O|  |TAMS 0x0000000704200000, 0x0000000704000000| Untracked 
|  33|0x0000000704200000, 0x0000000704400000, 0x0000000704400000|100%| O|  |TAMS 0x0000000704400000, 0x0000000704200000| Untracked 
|  34|0x0000000704400000, 0x0000000704600000, 0x0000000704600000|100%| O|  |TAMS 0x0000000704400000, 0x0000000704400000| Untracked 
|  35|0x0000000704600000, 0x0000000704800000, 0x0000000704800000|100%| O|  |TAMS 0x0000000704800000, 0x0000000704600000| Untracked 
|  36|0x0000000704800000, 0x0000000704a00000, 0x0000000704a00000|100%| O|  |TAMS 0x0000000704a00000, 0x0000000704800000| Untracked 
|  37|0x0000000704a00000, 0x0000000704c00000, 0x0000000704c00000|100%| O|  |TAMS 0x0000000704c00000, 0x0000000704a00000| Untracked 
|  38|0x0000000704c00000, 0x0000000704e00000, 0x0000000704e00000|100%| O|  |TAMS 0x0000000704e00000, 0x0000000704c00000| Untracked 
|  39|0x0000000704e00000, 0x0000000705000000, 0x0000000705000000|100%| O|  |TAMS 0x0000000705000000, 0x0000000704e00000| Untracked 
|  40|0x0000000705000000, 0x0000000705200000, 0x0000000705200000|100%| O|  |TAMS 0x0000000705200000, 0x0000000705000000| Untracked 
|  41|0x0000000705200000, 0x0000000705400000, 0x0000000705400000|100%| O|  |TAMS 0x0000000705400000, 0x0000000705200000| Untracked 
|  42|0x0000000705400000, 0x0000000705600000, 0x0000000705600000|100%| O|  |TAMS 0x0000000705400000, 0x0000000705400000| Untracked 
|  43|0x0000000705600000, 0x0000000705800000, 0x0000000705800000|100%| O|  |TAMS 0x0000000705800000, 0x0000000705600000| Untracked 
|  44|0x0000000705800000, 0x0000000705a00000, 0x0000000705a00000|100%| O|  |TAMS 0x0000000705a00000, 0x0000000705800000| Untracked 
|  45|0x0000000705a00000, 0x0000000705c00000, 0x0000000705c00000|100%| O|  |TAMS 0x0000000705c00000, 0x0000000705a00000| Untracked 
|  46|0x0000000705c00000, 0x0000000705e00000, 0x0000000705e00000|100%| O|  |TAMS 0x0000000705e00000, 0x0000000705c00000| Untracked 
|  47|0x0000000705e00000, 0x0000000706000000, 0x0000000706000000|100%| O|  |TAMS 0x0000000706000000, 0x0000000705e00000| Untracked 
|  48|0x0000000706000000, 0x0000000706200000, 0x0000000706200000|100%| O|  |TAMS 0x0000000706200000, 0x0000000706000000| Untracked 
|  49|0x0000000706200000, 0x0000000706400000, 0x0000000706400000|100%| O|  |TAMS 0x0000000706400000, 0x0000000706200000| Untracked 
|  50|0x0000000706400000, 0x0000000706600000, 0x0000000706600000|100%| O|  |TAMS 0x0000000706600000, 0x0000000706400000| Untracked 
|  51|0x0000000706600000, 0x0000000706800000, 0x0000000706800000|100%| O|  |TAMS 0x0000000706800000, 0x0000000706600000| Untracked 
|  52|0x0000000706800000, 0x0000000706a00000, 0x0000000706a00000|100%| O|  |TAMS 0x0000000706a00000, 0x0000000706800000| Untracked 
|  53|0x0000000706a00000, 0x0000000706c00000, 0x0000000706c00000|100%| O|  |TAMS 0x0000000706c00000, 0x0000000706a00000| Untracked 
|  54|0x0000000706c00000, 0x0000000706e00000, 0x0000000706e00000|100%|HS|  |TAMS 0x0000000706e00000, 0x0000000706c00000| Complete 
|  55|0x0000000706e00000, 0x0000000707000000, 0x0000000707000000|100%|HC|  |TAMS 0x0000000707000000, 0x0000000706e00000| Complete 
|  56|0x0000000707000000, 0x0000000707200000, 0x0000000707200000|100%| O|  |TAMS 0x0000000707200000, 0x0000000707000000| Untracked 
|  57|0x0000000707200000, 0x0000000707400000, 0x0000000707400000|100%| O|  |TAMS 0x0000000707400000, 0x0000000707200000| Untracked 
|  58|0x0000000707400000, 0x0000000707600000, 0x0000000707600000|100%| O|  |TAMS 0x0000000707600000, 0x0000000707400000| Untracked 
|  59|0x0000000707600000, 0x0000000707800000, 0x0000000707800000|100%| O|  |TAMS 0x0000000707800000, 0x0000000707600000| Untracked 
|  60|0x0000000707800000, 0x0000000707a00000, 0x0000000707a00000|100%| O|  |TAMS 0x0000000707a00000, 0x0000000707800000| Untracked 
|  61|0x0000000707a00000, 0x0000000707c00000, 0x0000000707c00000|100%| O|  |TAMS 0x0000000707c00000, 0x0000000707a00000| Untracked 
|  62|0x0000000707c00000, 0x0000000707e00000, 0x0000000707e00000|100%| O|  |TAMS 0x0000000707e00000, 0x0000000707c00000| Untracked 
|  63|0x0000000707e00000, 0x0000000708000000, 0x0000000708000000|100%| O|  |TAMS 0x0000000708000000, 0x0000000707e00000| Untracked 
|  64|0x0000000708000000, 0x0000000708200000, 0x0000000708200000|100%| O|  |TAMS 0x0000000708200000, 0x0000000708000000| Untracked 
|  65|0x0000000708200000, 0x0000000708400000, 0x0000000708400000|100%| O|  |TAMS 0x0000000708400000, 0x0000000708200000| Untracked 
|  66|0x0000000708400000, 0x0000000708600000, 0x0000000708600000|100%| O|  |TAMS 0x0000000708600000, 0x0000000708400000| Untracked 
|  67|0x0000000708600000, 0x0000000708800000, 0x0000000708800000|100%| O|  |TAMS 0x0000000708600000, 0x0000000708600000| Untracked 
|  68|0x0000000708800000, 0x0000000708a00000, 0x0000000708a00000|100%|HS|  |TAMS 0x0000000708a00000, 0x0000000708800000| Complete 
|  69|0x0000000708a00000, 0x0000000708c00000, 0x0000000708c00000|100%|HC|  |TAMS 0x0000000708c00000, 0x0000000708a00000| Complete 
|  70|0x0000000708c00000, 0x0000000708e00000, 0x0000000708e00000|100%|HS|  |TAMS 0x0000000708e00000, 0x0000000708c00000| Complete 
|  71|0x0000000708e00000, 0x0000000709000000, 0x0000000709000000|100%| O|  |TAMS 0x0000000709000000, 0x0000000708e00000| Untracked 
|  72|0x0000000709000000, 0x0000000709200000, 0x0000000709200000|100%| O|  |TAMS 0x0000000709200000, 0x0000000709000000| Untracked 
|  73|0x0000000709200000, 0x0000000709400000, 0x0000000709400000|100%| O|  |TAMS 0x0000000709400000, 0x0000000709200000| Untracked 
|  74|0x0000000709400000, 0x0000000709600000, 0x0000000709600000|100%| O|  |TAMS 0x0000000709600000, 0x0000000709400000| Untracked 
|  75|0x0000000709600000, 0x0000000709800000, 0x0000000709800000|100%| O|  |TAMS 0x0000000709800000, 0x0000000709600000| Untracked 
|  76|0x0000000709800000, 0x0000000709a00000, 0x0000000709a00000|100%| O|  |TAMS 0x0000000709a00000, 0x0000000709800000| Untracked 
|  77|0x0000000709a00000, 0x0000000709c00000, 0x0000000709c00000|100%| O|  |TAMS 0x0000000709c00000, 0x0000000709a00000| Untracked 
|  78|0x0000000709c00000, 0x0000000709e00000, 0x0000000709e00000|100%| O|  |TAMS 0x0000000709e00000, 0x0000000709c00000| Untracked 
|  79|0x0000000709e00000, 0x000000070a000000, 0x000000070a000000|100%| O|  |TAMS 0x000000070a000000, 0x0000000709e00000| Untracked 
|  80|0x000000070a000000, 0x000000070a200000, 0x000000070a200000|100%| O|  |TAMS 0x000000070a200000, 0x000000070a000000| Untracked 
|  81|0x000000070a200000, 0x000000070a400000, 0x000000070a400000|100%|HS|  |TAMS 0x000000070a400000, 0x000000070a200000| Complete 
|  82|0x000000070a400000, 0x000000070a600000, 0x000000070a600000|100%| O|  |TAMS 0x000000070a600000, 0x000000070a400000| Untracked 
|  83|0x000000070a600000, 0x000000070a800000, 0x000000070a800000|100%| O|  |TAMS 0x000000070a800000, 0x000000070a600000| Untracked 
|  84|0x000000070a800000, 0x000000070aa00000, 0x000000070aa00000|100%| O|  |TAMS 0x000000070a800000, 0x000000070a800000| Untracked 
|  85|0x000000070aa00000, 0x000000070ac00000, 0x000000070ac00000|100%| O|  |TAMS 0x000000070ac00000, 0x000000070aa00000| Untracked 
|  86|0x000000070ac00000, 0x000000070ae00000, 0x000000070ae00000|100%| O|  |TAMS 0x000000070ae00000, 0x000000070ac00000| Untracked 
|  87|0x000000070ae00000, 0x000000070b000000, 0x000000070b000000|100%| O|  |TAMS 0x000000070b000000, 0x000000070ae00000| Untracked 
|  88|0x000000070b000000, 0x000000070b200000, 0x000000070b200000|100%| O|  |TAMS 0x000000070b200000, 0x000000070b000000| Untracked 
|  89|0x000000070b200000, 0x000000070b400000, 0x000000070b400000|100%| O|  |TAMS 0x000000070b200000, 0x000000070b200000| Untracked 
|  90|0x000000070b400000, 0x000000070b600000, 0x000000070b600000|100%| O|  |TAMS 0x000000070b600000, 0x000000070b400000| Untracked 
|  91|0x000000070b600000, 0x000000070b800000, 0x000000070b800000|100%| O|  |TAMS 0x000000070b800000, 0x000000070b600000| Untracked 
|  92|0x000000070b800000, 0x000000070ba00000, 0x000000070ba00000|100%| O|  |TAMS 0x000000070ba00000, 0x000000070b800000| Untracked 
|  93|0x000000070ba00000, 0x000000070bc00000, 0x000000070bc00000|100%| O|  |TAMS 0x000000070bc00000, 0x000000070ba00000| Untracked 
|  94|0x000000070bc00000, 0x000000070be00000, 0x000000070be00000|100%| O|  |TAMS 0x000000070be00000, 0x000000070bc00000| Untracked 
|  95|0x000000070be00000, 0x000000070c000000, 0x000000070c000000|100%|HS|  |TAMS 0x000000070c000000, 0x000000070be00000| Complete 
|  96|0x000000070c000000, 0x000000070c200000, 0x000000070c200000|100%| O|  |TAMS 0x000000070c000000, 0x000000070c000000| Untracked 
|  97|0x000000070c200000, 0x000000070c400000, 0x000000070c400000|100%| O|  |TAMS 0x000000070c400000, 0x000000070c200000| Untracked 
|  98|0x000000070c400000, 0x000000070c600000, 0x000000070c600000|100%| O|  |TAMS 0x000000070c600000, 0x000000070c400000| Untracked 
|  99|0x000000070c600000, 0x000000070c800000, 0x000000070c800000|100%| O|  |TAMS 0x000000070c800000, 0x000000070c600000| Untracked 
| 100|0x000000070c800000, 0x000000070ca00000, 0x000000070ca00000|100%| O|  |TAMS 0x000000070ca00000, 0x000000070c800000| Untracked 
| 101|0x000000070ca00000, 0x000000070cc00000, 0x000000070cc00000|100%| O|  |TAMS 0x000000070cc00000, 0x000000070ca00000| Untracked 
| 102|0x000000070cc00000, 0x000000070ce00000, 0x000000070ce00000|100%| O|  |TAMS 0x000000070ce00000, 0x000000070cc00000| Untracked 
| 103|0x000000070ce00000, 0x000000070d000000, 0x000000070d000000|100%| O|  |TAMS 0x000000070d000000, 0x000000070ce00000| Untracked 
| 104|0x000000070d000000, 0x000000070d200000, 0x000000070d200000|100%| O|  |TAMS 0x000000070d200000, 0x000000070d000000| Untracked 
| 105|0x000000070d200000, 0x000000070d400000, 0x000000070d400000|100%| O|  |TAMS 0x000000070d400000, 0x000000070d200000| Untracked 
| 106|0x000000070d400000, 0x000000070d600000, 0x000000070d600000|100%| O|  |TAMS 0x000000070d400000, 0x000000070d400000| Untracked 
| 107|0x000000070d600000, 0x000000070d800000, 0x000000070d800000|100%| O|  |TAMS 0x000000070d800000, 0x000000070d600000| Untracked 
| 108|0x000000070d800000, 0x000000070da00000, 0x000000070da00000|100%| O|  |TAMS 0x000000070da00000, 0x000000070d800000| Untracked 
| 109|0x000000070da00000, 0x000000070dc00000, 0x000000070dc00000|100%| O|  |TAMS 0x000000070dc00000, 0x000000070da00000| Untracked 
| 110|0x000000070dc00000, 0x000000070de00000, 0x000000070de00000|100%| O|  |TAMS 0x000000070de00000, 0x000000070dc00000| Untracked 
| 111|0x000000070de00000, 0x000000070e000000, 0x000000070e000000|100%| O|  |TAMS 0x000000070e000000, 0x000000070de00000| Untracked 
| 112|0x000000070e000000, 0x000000070e200000, 0x000000070e200000|100%| O|  |TAMS 0x000000070e200000, 0x000000070e000000| Untracked 
| 113|0x000000070e200000, 0x000000070e400000, 0x000000070e400000|100%| O|  |TAMS 0x000000070e200000, 0x000000070e200000| Untracked 
| 114|0x000000070e400000, 0x000000070e600000, 0x000000070e600000|100%| O|  |TAMS 0x000000070e600000, 0x000000070e400000| Untracked 
| 115|0x000000070e600000, 0x000000070e800000, 0x000000070e800000|100%| O|  |TAMS 0x000000070e800000, 0x000000070e600000| Untracked 
| 116|0x000000070e800000, 0x000000070ea00000, 0x000000070ea00000|100%| O|  |TAMS 0x000000070ea00000, 0x000000070e800000| Untracked 
| 117|0x000000070ea00000, 0x000000070ec00000, 0x000000070ec00000|100%| O|  |TAMS 0x000000070ec00000, 0x000000070ea00000| Untracked 
| 118|0x000000070ec00000, 0x000000070ee00000, 0x000000070ee00000|100%| O|  |TAMS 0x000000070ee00000, 0x000000070ec00000| Untracked 
| 119|0x000000070ee00000, 0x000000070f000000, 0x000000070f000000|100%| O|  |TAMS 0x000000070f000000, 0x000000070ee00000| Untracked 
| 120|0x000000070f000000, 0x000000070f200000, 0x000000070f200000|100%| O|  |TAMS 0x000000070f200000, 0x000000070f000000| Untracked 
| 121|0x000000070f200000, 0x000000070f400000, 0x000000070f400000|100%| O|  |TAMS 0x000000070f400000, 0x000000070f200000| Untracked 
| 122|0x000000070f400000, 0x000000070f600000, 0x000000070f600000|100%| O|  |TAMS 0x000000070f600000, 0x000000070f400000| Untracked 
| 123|0x000000070f600000, 0x000000070f800000, 0x000000070f800000|100%| O|  |TAMS 0x000000070f800000, 0x000000070f600000| Untracked 
| 124|0x000000070f800000, 0x000000070fa00000, 0x000000070fa00000|100%| O|  |TAMS 0x000000070fa00000, 0x000000070f800000| Untracked 
| 125|0x000000070fa00000, 0x000000070fc00000, 0x000000070fc00000|100%| O|  |TAMS 0x000000070fc00000, 0x000000070fa00000| Untracked 
| 126|0x000000070fc00000, 0x000000070fe00000, 0x000000070fe00000|100%| O|  |TAMS 0x000000070fe00000, 0x000000070fc00000| Untracked 
| 127|0x000000070fe00000, 0x0000000710000000, 0x0000000710000000|100%| O|  |TAMS 0x0000000710000000, 0x000000070fe00000| Untracked 
| 128|0x0000000710000000, 0x0000000710200000, 0x0000000710200000|100%| O|  |TAMS 0x0000000710200000, 0x0000000710000000| Untracked 
| 129|0x0000000710200000, 0x0000000710400000, 0x0000000710400000|100%| O|  |TAMS 0x0000000710400000, 0x0000000710200000| Untracked 
| 130|0x0000000710400000, 0x0000000710600000, 0x0000000710600000|100%|HS|  |TAMS 0x0000000710400000, 0x0000000710400000| Complete 
| 131|0x0000000710600000, 0x0000000710800000, 0x0000000710800000|100%| O|  |TAMS 0x0000000710800000, 0x0000000710600000| Untracked 
| 132|0x0000000710800000, 0x0000000710a00000, 0x0000000710a00000|100%| O|  |TAMS 0x0000000710a00000, 0x0000000710800000| Untracked 
| 133|0x0000000710a00000, 0x0000000710c00000, 0x0000000710c00000|100%| O|  |TAMS 0x0000000710c00000, 0x0000000710a00000| Untracked 
| 134|0x0000000710c00000, 0x0000000710e00000, 0x0000000710e00000|100%| O|  |TAMS 0x0000000710c00000, 0x0000000710c00000| Untracked 
| 135|0x0000000710e00000, 0x0000000711000000, 0x0000000711000000|100%| O|  |TAMS 0x0000000710e00000, 0x0000000710e00000| Untracked 
| 136|0x0000000711000000, 0x0000000711200000, 0x0000000711200000|100%| O|  |TAMS 0x0000000711200000, 0x0000000711000000| Untracked 
| 137|0x0000000711200000, 0x0000000711400000, 0x0000000711400000|100%| O|  |TAMS 0x0000000711400000, 0x0000000711200000| Untracked 
| 138|0x0000000711400000, 0x0000000711600000, 0x0000000711600000|100%| O|  |TAMS 0x0000000711600000, 0x0000000711400000| Untracked 
| 139|0x0000000711600000, 0x0000000711800000, 0x0000000711800000|100%| O|  |TAMS 0x0000000711800000, 0x0000000711600000| Untracked 
| 140|0x0000000711800000, 0x0000000711a00000, 0x0000000711a00000|100%| O|  |TAMS 0x0000000711a00000, 0x0000000711800000| Untracked 
| 141|0x0000000711a00000, 0x0000000711c00000, 0x0000000711c00000|100%| O|  |TAMS 0x0000000711c00000, 0x0000000711a00000| Untracked 
| 142|0x0000000711c00000, 0x0000000711e00000, 0x0000000711e00000|100%| O|  |TAMS 0x0000000711e00000, 0x0000000711c00000| Untracked 
| 143|0x0000000711e00000, 0x0000000712000000, 0x0000000712000000|100%| O|  |TAMS 0x0000000712000000, 0x0000000711e00000| Untracked 
| 144|0x0000000712000000, 0x0000000712200000, 0x0000000712200000|100%| O|  |TAMS 0x0000000712200000, 0x0000000712000000| Untracked 
| 145|0x0000000712200000, 0x0000000712400000, 0x0000000712400000|100%| O|  |TAMS 0x0000000712400000, 0x0000000712200000| Untracked 
| 146|0x0000000712400000, 0x0000000712600000, 0x0000000712600000|100%| O|  |TAMS 0x0000000712600000, 0x0000000712400000| Untracked 
| 147|0x0000000712600000, 0x0000000712800000, 0x0000000712800000|100%| O|  |TAMS 0x0000000712800000, 0x0000000712600000| Untracked 
| 148|0x0000000712800000, 0x0000000712a00000, 0x0000000712a00000|100%| O|  |TAMS 0x0000000712a00000, 0x0000000712800000| Untracked 
| 149|0x0000000712a00000, 0x0000000712c00000, 0x0000000712c00000|100%| O|  |TAMS 0x0000000712c00000, 0x0000000712a00000| Untracked 
| 150|0x0000000712c00000, 0x0000000712e00000, 0x0000000712e00000|100%| O|  |TAMS 0x0000000712e00000, 0x0000000712c00000| Untracked 
| 151|0x0000000712e00000, 0x0000000713000000, 0x0000000713000000|100%| O|  |TAMS 0x0000000713000000, 0x0000000712e00000| Untracked 
| 152|0x0000000713000000, 0x0000000713200000, 0x0000000713200000|100%| O|  |TAMS 0x0000000713000000, 0x0000000713000000| Untracked 
| 153|0x0000000713200000, 0x0000000713400000, 0x0000000713400000|100%| O|  |TAMS 0x0000000713400000, 0x0000000713200000| Untracked 
| 154|0x0000000713400000, 0x0000000713600000, 0x0000000713600000|100%|HS|  |TAMS 0x0000000713400000, 0x0000000713400000| Complete 
| 155|0x0000000713600000, 0x0000000713800000, 0x0000000713800000|100%|HS|  |TAMS 0x0000000713600000, 0x0000000713600000| Complete 
| 156|0x0000000713800000, 0x0000000713a00000, 0x0000000713a00000|100%| O|  |TAMS 0x0000000713800000, 0x0000000713800000| Untracked 
| 157|0x0000000713a00000, 0x0000000713c00000, 0x0000000713c00000|100%| O|  |TAMS 0x0000000713a00000, 0x0000000713a00000| Untracked 
| 158|0x0000000713c00000, 0x0000000713e00000, 0x0000000713e00000|100%| O|  |TAMS 0x0000000713c00000, 0x0000000713c00000| Untracked 
| 159|0x0000000713e00000, 0x0000000714000000, 0x0000000714000000|100%| O|  |TAMS 0x0000000713e00000, 0x0000000713e00000| Untracked 
| 160|0x0000000714000000, 0x0000000714200000, 0x0000000714200000|100%| O|  |TAMS 0x0000000714000000, 0x0000000714000000| Untracked 
| 161|0x0000000714200000, 0x0000000714400000, 0x0000000714400000|100%| O|  |TAMS 0x0000000714200000, 0x0000000714200000| Untracked 
| 162|0x0000000714400000, 0x0000000714600000, 0x0000000714600000|100%| O|  |TAMS 0x0000000714400000, 0x0000000714400000| Untracked 
| 163|0x0000000714600000, 0x0000000714800000, 0x0000000714800000|100%| O|  |TAMS 0x0000000714800000, 0x0000000714600000| Untracked 
| 164|0x0000000714800000, 0x0000000714a00000, 0x0000000714a00000|100%| O|  |TAMS 0x0000000714a00000, 0x0000000714800000| Untracked 
| 165|0x0000000714a00000, 0x0000000714c00000, 0x0000000714c00000|100%| O|  |TAMS 0x0000000714c00000, 0x0000000714a00000| Untracked 
| 166|0x0000000714c00000, 0x0000000714e00000, 0x0000000714e00000|100%| O|  |TAMS 0x0000000714e00000, 0x0000000714c00000| Untracked 
| 167|0x0000000714e00000, 0x0000000715000000, 0x0000000715000000|100%| O|  |TAMS 0x0000000714e00000, 0x0000000714e00000| Untracked 
| 168|0x0000000715000000, 0x0000000715200000, 0x0000000715200000|100%| O|  |TAMS 0x0000000715200000, 0x0000000715000000| Untracked 
| 169|0x0000000715200000, 0x0000000715400000, 0x0000000715400000|100%| O|  |TAMS 0x00000007153c0c00, 0x0000000715200000| Untracked 
| 170|0x0000000715400000, 0x0000000715600000, 0x0000000715600000|100%| O|  |TAMS 0x0000000715400000, 0x0000000715400000| Untracked 
| 171|0x0000000715600000, 0x0000000715800000, 0x0000000715800000|100%| O|  |TAMS 0x0000000715600000, 0x0000000715600000| Untracked 
| 172|0x0000000715800000, 0x0000000715a00000, 0x0000000715a00000|100%| O|  |TAMS 0x0000000715800000, 0x0000000715800000| Untracked 
| 173|0x0000000715a00000, 0x0000000715c00000, 0x0000000715c00000|100%| O|  |TAMS 0x0000000715a00000, 0x0000000715a00000| Untracked 
| 174|0x0000000715c00000, 0x0000000715e00000, 0x0000000715e00000|100%| O|  |TAMS 0x0000000715c00000, 0x0000000715c00000| Untracked 
| 175|0x0000000715e00000, 0x0000000716000000, 0x0000000716000000|100%| O|  |TAMS 0x0000000715e00000, 0x0000000715e00000| Untracked 
| 176|0x0000000716000000, 0x0000000716200000, 0x0000000716200000|100%| O|  |TAMS 0x0000000716000000, 0x0000000716000000| Untracked 
| 177|0x0000000716200000, 0x0000000716400000, 0x0000000716400000|100%| O|  |TAMS 0x0000000716200000, 0x0000000716200000| Untracked 
| 178|0x0000000716400000, 0x0000000716600000, 0x0000000716600000|100%| O|  |TAMS 0x0000000716400000, 0x0000000716400000| Untracked 
| 179|0x0000000716600000, 0x0000000716800000, 0x0000000716800000|100%| O|  |TAMS 0x0000000716600000, 0x0000000716600000| Untracked 
| 180|0x0000000716800000, 0x0000000716a00000, 0x0000000716a00000|100%| O|  |TAMS 0x0000000716800000, 0x0000000716800000| Untracked 
| 181|0x0000000716a00000, 0x0000000716c00000, 0x0000000716c00000|100%| O|  |TAMS 0x0000000716a00000, 0x0000000716a00000| Untracked 
| 182|0x0000000716c00000, 0x0000000716e00000, 0x0000000716e00000|100%| O|  |TAMS 0x0000000716c00000, 0x0000000716c00000| Untracked 
| 183|0x0000000716e00000, 0x0000000717000000, 0x0000000717000000|100%| O|  |TAMS 0x0000000716e00000, 0x0000000716e00000| Untracked 
| 184|0x0000000717000000, 0x0000000717200000, 0x0000000717200000|100%| O|  |TAMS 0x0000000717000000, 0x0000000717000000| Untracked 
| 185|0x0000000717200000, 0x0000000717400000, 0x0000000717400000|100%| O|  |TAMS 0x0000000717200000, 0x0000000717200000| Untracked 
| 186|0x0000000717400000, 0x0000000717600000, 0x0000000717600000|100%| O|  |TAMS 0x0000000717400000, 0x0000000717400000| Untracked 
| 187|0x0000000717600000, 0x0000000717800000, 0x0000000717800000|100%| O|  |TAMS 0x0000000717600000, 0x0000000717600000| Untracked 
| 188|0x0000000717800000, 0x0000000717a00000, 0x0000000717a00000|100%| O|  |TAMS 0x0000000717800000, 0x0000000717800000| Untracked 
| 189|0x0000000717a00000, 0x0000000717c00000, 0x0000000717c00000|100%| O|  |TAMS 0x0000000717a00000, 0x0000000717a00000| Untracked 
| 190|0x0000000717c00000, 0x0000000717e00000, 0x0000000717e00000|100%| O|  |TAMS 0x0000000717c00000, 0x0000000717c00000| Untracked 
| 191|0x0000000717e00000, 0x0000000718000000, 0x0000000718000000|100%| O|  |TAMS 0x0000000717e00000, 0x0000000717e00000| Untracked 
| 192|0x0000000718000000, 0x0000000718200000, 0x0000000718200000|100%| O|  |TAMS 0x0000000718000000, 0x0000000718000000| Untracked 
| 193|0x0000000718200000, 0x0000000718400000, 0x0000000718400000|100%| O|  |TAMS 0x0000000718200000, 0x0000000718200000| Untracked 
| 194|0x0000000718400000, 0x0000000718600000, 0x0000000718600000|100%| O|  |TAMS 0x0000000718400000, 0x0000000718400000| Untracked 
| 195|0x0000000718600000, 0x0000000718800000, 0x0000000718800000|100%| O|  |TAMS 0x0000000718600000, 0x0000000718600000| Untracked 
| 196|0x0000000718800000, 0x0000000718a00000, 0x0000000718a00000|100%| O|  |TAMS 0x0000000718800000, 0x0000000718800000| Untracked 
| 197|0x0000000718a00000, 0x0000000718c00000, 0x0000000718c00000|100%| O|  |TAMS 0x0000000718a00000, 0x0000000718a00000| Untracked 
| 198|0x0000000718c00000, 0x0000000718e00000, 0x0000000718e00000|100%| O|  |TAMS 0x0000000718c00000, 0x0000000718c00000| Untracked 
| 199|0x0000000718e00000, 0x0000000719000000, 0x0000000719000000|100%| O|  |TAMS 0x0000000718e00000, 0x0000000718e00000| Untracked 
| 200|0x0000000719000000, 0x0000000719200000, 0x0000000719200000|100%| O|  |TAMS 0x0000000719000000, 0x0000000719000000| Untracked 
| 201|0x0000000719200000, 0x0000000719400000, 0x0000000719400000|100%| O|  |TAMS 0x0000000719200000, 0x0000000719200000| Untracked 
| 202|0x0000000719400000, 0x0000000719600000, 0x0000000719600000|100%| O|  |TAMS 0x0000000719400000, 0x0000000719400000| Untracked 
| 203|0x0000000719600000, 0x0000000719800000, 0x0000000719800000|100%| O|  |TAMS 0x0000000719600000, 0x0000000719600000| Untracked 
| 204|0x0000000719800000, 0x0000000719a00000, 0x0000000719a00000|100%| O|  |TAMS 0x0000000719800000, 0x0000000719800000| Untracked 
| 205|0x0000000719a00000, 0x0000000719c00000, 0x0000000719c00000|100%| O|  |TAMS 0x0000000719a00000, 0x0000000719a00000| Untracked 
| 206|0x0000000719c00000, 0x0000000719e00000, 0x0000000719e00000|100%| O|  |TAMS 0x0000000719c00000, 0x0000000719c00000| Untracked 
| 207|0x0000000719e00000, 0x000000071a000000, 0x000000071a000000|100%| O|  |TAMS 0x0000000719e00000, 0x0000000719e00000| Untracked 
| 208|0x000000071a000000, 0x000000071a200000, 0x000000071a200000|100%| O|  |TAMS 0x000000071a000000, 0x000000071a000000| Untracked 
| 209|0x000000071a200000, 0x000000071a400000, 0x000000071a400000|100%| O|  |TAMS 0x000000071a200000, 0x000000071a200000| Untracked 
| 210|0x000000071a400000, 0x000000071a600000, 0x000000071a600000|100%| O|  |TAMS 0x000000071a400000, 0x000000071a400000| Untracked 
| 211|0x000000071a600000, 0x000000071a800000, 0x000000071a800000|100%| O|  |TAMS 0x000000071a600000, 0x000000071a600000| Untracked 
| 212|0x000000071a800000, 0x000000071aa00000, 0x000000071aa00000|100%| O|  |TAMS 0x000000071a800000, 0x000000071a800000| Untracked 
| 213|0x000000071aa00000, 0x000000071ac00000, 0x000000071ac00000|100%| O|  |TAMS 0x000000071aa00000, 0x000000071aa00000| Untracked 
| 214|0x000000071ac00000, 0x000000071ae00000, 0x000000071ae00000|100%| O|  |TAMS 0x000000071ac00000, 0x000000071ac00000| Untracked 
| 215|0x000000071ae00000, 0x000000071b000000, 0x000000071b000000|100%| O|  |TAMS 0x000000071ae00000, 0x000000071ae00000| Untracked 
| 216|0x000000071b000000, 0x000000071b200000, 0x000000071b200000|100%| O|  |TAMS 0x000000071b000000, 0x000000071b000000| Untracked 
| 217|0x000000071b200000, 0x000000071b400000, 0x000000071b400000|100%| O|  |TAMS 0x000000071b200000, 0x000000071b200000| Untracked 
| 218|0x000000071b400000, 0x000000071b600000, 0x000000071b600000|100%| O|  |TAMS 0x000000071b400000, 0x000000071b400000| Untracked 
| 219|0x000000071b600000, 0x000000071b800000, 0x000000071b800000|100%| O|  |TAMS 0x000000071b600000, 0x000000071b600000| Untracked 
| 220|0x000000071b800000, 0x000000071ba00000, 0x000000071ba00000|100%| O|  |TAMS 0x000000071b800000, 0x000000071b800000| Untracked 
| 221|0x000000071ba00000, 0x000000071bc00000, 0x000000071bc00000|100%| O|  |TAMS 0x000000071ba00000, 0x000000071ba00000| Untracked 
| 222|0x000000071bc00000, 0x000000071be00000, 0x000000071be00000|100%| O|  |TAMS 0x000000071bc00000, 0x000000071bc00000| Untracked 
| 223|0x000000071be00000, 0x000000071c000000, 0x000000071c000000|100%| O|  |TAMS 0x000000071be00000, 0x000000071be00000| Untracked 
| 224|0x000000071c000000, 0x000000071c200000, 0x000000071c200000|100%| O|  |TAMS 0x000000071c000000, 0x000000071c000000| Untracked 
| 225|0x000000071c200000, 0x000000071c400000, 0x000000071c400000|100%| O|  |TAMS 0x000000071c200000, 0x000000071c200000| Untracked 
| 226|0x000000071c400000, 0x000000071c600000, 0x000000071c600000|100%| O|  |TAMS 0x000000071c400000, 0x000000071c400000| Untracked 
| 227|0x000000071c600000, 0x000000071c800000, 0x000000071c800000|100%| O|  |TAMS 0x000000071c600000, 0x000000071c600000| Untracked 
| 228|0x000000071c800000, 0x000000071ca00000, 0x000000071ca00000|100%| O|  |TAMS 0x000000071c800000, 0x000000071c800000| Untracked 
| 229|0x000000071ca00000, 0x000000071cc00000, 0x000000071cc00000|100%| O|  |TAMS 0x000000071ca00000, 0x000000071ca00000| Untracked 
| 230|0x000000071cc00000, 0x000000071ce00000, 0x000000071ce00000|100%| O|  |TAMS 0x000000071cc00000, 0x000000071cc00000| Untracked 
| 231|0x000000071ce00000, 0x000000071d000000, 0x000000071d000000|100%| O|  |TAMS 0x000000071ce00000, 0x000000071ce00000| Untracked 
| 232|0x000000071d000000, 0x000000071d200000, 0x000000071d200000|100%| O|  |TAMS 0x000000071d000000, 0x000000071d000000| Untracked 
| 233|0x000000071d200000, 0x000000071d400000, 0x000000071d400000|100%| O|  |TAMS 0x000000071d200000, 0x000000071d200000| Untracked 
| 234|0x000000071d400000, 0x000000071d600000, 0x000000071d600000|100%| O|  |TAMS 0x000000071d400000, 0x000000071d400000| Untracked 
| 235|0x000000071d600000, 0x000000071d800000, 0x000000071d800000|100%| O|  |TAMS 0x000000071d600000, 0x000000071d600000| Untracked 
| 236|0x000000071d800000, 0x000000071da00000, 0x000000071da00000|100%| O|  |TAMS 0x000000071d800000, 0x000000071d800000| Untracked 
| 237|0x000000071da00000, 0x000000071dc00000, 0x000000071dc00000|100%| O|  |TAMS 0x000000071da00000, 0x000000071da00000| Untracked 
| 238|0x000000071dc00000, 0x000000071ddffff8, 0x000000071de00000| 99%| O|  |TAMS 0x000000071dc00000, 0x000000071dc00000| Untracked 
| 239|0x000000071de00000, 0x000000071e000000, 0x000000071e000000|100%| O|  |TAMS 0x000000071de00000, 0x000000071de00000| Untracked 
| 240|0x000000071e000000, 0x000000071e200000, 0x000000071e200000|100%| O|  |TAMS 0x000000071e000000, 0x000000071e000000| Untracked 
| 241|0x000000071e200000, 0x000000071e400000, 0x000000071e400000|100%| O|  |TAMS 0x000000071e200000, 0x000000071e200000| Untracked 
| 242|0x000000071e400000, 0x000000071e600000, 0x000000071e600000|100%| O|  |TAMS 0x000000071e400000, 0x000000071e400000| Untracked 
| 243|0x000000071e600000, 0x000000071e800000, 0x000000071e800000|100%| O|  |TAMS 0x000000071e600000, 0x000000071e600000| Untracked 
| 244|0x000000071e800000, 0x000000071ea00000, 0x000000071ea00000|100%| O|  |TAMS 0x000000071e800000, 0x000000071e800000| Untracked 
| 245|0x000000071ea00000, 0x000000071ec00000, 0x000000071ec00000|100%| O|  |TAMS 0x000000071ea00000, 0x000000071ea00000| Untracked 
| 246|0x000000071ec00000, 0x000000071ee00000, 0x000000071ee00000|100%| O|  |TAMS 0x000000071ec00000, 0x000000071ec00000| Untracked 
| 247|0x000000071ee00000, 0x000000071f000000, 0x000000071f000000|100%| O|  |TAMS 0x000000071ee00000, 0x000000071ee00000| Untracked 
| 248|0x000000071f000000, 0x000000071f200000, 0x000000071f200000|100%| O|  |TAMS 0x000000071f000000, 0x000000071f000000| Untracked 
| 249|0x000000071f200000, 0x000000071f400000, 0x000000071f400000|100%| O|  |TAMS 0x000000071f200000, 0x000000071f200000| Untracked 
| 250|0x000000071f400000, 0x000000071f600000, 0x000000071f600000|100%| O|  |TAMS 0x000000071f400000, 0x000000071f400000| Untracked 
| 251|0x000000071f600000, 0x000000071f800000, 0x000000071f800000|100%| O|  |TAMS 0x000000071f600000, 0x000000071f600000| Untracked 
| 252|0x000000071f800000, 0x000000071fa00000, 0x000000071fa00000|100%| O|  |TAMS 0x000000071f800000, 0x000000071f800000| Untracked 
| 253|0x000000071fa00000, 0x000000071fc00000, 0x000000071fc00000|100%| O|  |TAMS 0x000000071fa00000, 0x000000071fa00000| Untracked 
| 254|0x000000071fc00000, 0x000000071fe00000, 0x000000071fe00000|100%| O|  |TAMS 0x000000071fc00000, 0x000000071fc00000| Untracked 
| 255|0x000000071fe00000, 0x0000000720000000, 0x0000000720000000|100%| O|  |TAMS 0x000000071fe00000, 0x000000071fe00000| Untracked 
| 256|0x0000000720000000, 0x0000000720200000, 0x0000000720200000|100%| O|  |TAMS 0x0000000720000000, 0x0000000720000000| Untracked 
| 257|0x0000000720200000, 0x0000000720400000, 0x0000000720400000|100%| O|  |TAMS 0x0000000720200000, 0x0000000720200000| Untracked 
| 258|0x0000000720400000, 0x0000000720600000, 0x0000000720600000|100%| O|  |TAMS 0x0000000720400000, 0x0000000720400000| Untracked 
| 259|0x0000000720600000, 0x0000000720800000, 0x0000000720800000|100%| O|  |TAMS 0x0000000720600000, 0x0000000720600000| Untracked 
| 260|0x0000000720800000, 0x0000000720a00000, 0x0000000720a00000|100%| O|  |TAMS 0x0000000720800000, 0x0000000720800000| Untracked 
| 261|0x0000000720a00000, 0x0000000720c00000, 0x0000000720c00000|100%| O|  |TAMS 0x0000000720a00000, 0x0000000720a00000| Untracked 
| 262|0x0000000720c00000, 0x0000000720e00000, 0x0000000720e00000|100%| O|  |TAMS 0x0000000720c00000, 0x0000000720c00000| Untracked 
| 263|0x0000000720e00000, 0x0000000721000000, 0x0000000721000000|100%| O|  |TAMS 0x0000000720e00000, 0x0000000720e00000| Untracked 
| 264|0x0000000721000000, 0x0000000721200000, 0x0000000721200000|100%| O|  |TAMS 0x0000000721000000, 0x0000000721000000| Untracked 
| 265|0x0000000721200000, 0x0000000721400000, 0x0000000721400000|100%| O|  |TAMS 0x0000000721200000, 0x0000000721200000| Untracked 
| 266|0x0000000721400000, 0x0000000721600000, 0x0000000721600000|100%| O|  |TAMS 0x0000000721400000, 0x0000000721400000| Untracked 
| 267|0x0000000721600000, 0x0000000721800000, 0x0000000721800000|100%| O|  |TAMS 0x0000000721600000, 0x0000000721600000| Untracked 
| 268|0x0000000721800000, 0x0000000721a00000, 0x0000000721a00000|100%| O|  |TAMS 0x0000000721800000, 0x0000000721800000| Untracked 
| 269|0x0000000721a00000, 0x0000000721c00000, 0x0000000721c00000|100%| O|  |TAMS 0x0000000721a00000, 0x0000000721a00000| Untracked 
| 270|0x0000000721c00000, 0x0000000721e00000, 0x0000000721e00000|100%| O|  |TAMS 0x0000000721c00000, 0x0000000721c00000| Untracked 
| 271|0x0000000721e00000, 0x0000000722000000, 0x0000000722000000|100%| O|  |TAMS 0x0000000721e00000, 0x0000000721e00000| Untracked 
| 272|0x0000000722000000, 0x0000000722200000, 0x0000000722200000|100%| O|  |TAMS 0x0000000722000000, 0x0000000722000000| Untracked 
| 273|0x0000000722200000, 0x0000000722400000, 0x0000000722400000|100%| O|  |TAMS 0x0000000722200000, 0x0000000722200000| Untracked 
| 274|0x0000000722400000, 0x0000000722600000, 0x0000000722600000|100%| O|  |TAMS 0x0000000722400000, 0x0000000722400000| Untracked 
| 275|0x0000000722600000, 0x0000000722800000, 0x0000000722800000|100%| O|  |TAMS 0x0000000722600000, 0x0000000722600000| Untracked 
| 276|0x0000000722800000, 0x0000000722a00000, 0x0000000722a00000|100%| O|  |TAMS 0x0000000722800000, 0x0000000722800000| Untracked 
| 277|0x0000000722a00000, 0x0000000722c00000, 0x0000000722c00000|100%| O|  |TAMS 0x0000000722a00000, 0x0000000722a00000| Untracked 
| 278|0x0000000722c00000, 0x0000000722e00000, 0x0000000722e00000|100%| O|  |TAMS 0x0000000722c00000, 0x0000000722c00000| Untracked 
| 279|0x0000000722e00000, 0x0000000723000000, 0x0000000723000000|100%| O|  |TAMS 0x0000000722e00000, 0x0000000722e00000| Untracked 
| 280|0x0000000723000000, 0x0000000723200000, 0x0000000723200000|100%| O|  |TAMS 0x0000000723000000, 0x0000000723000000| Untracked 
| 281|0x0000000723200000, 0x0000000723400000, 0x0000000723400000|100%| O|  |TAMS 0x0000000723200000, 0x0000000723200000| Untracked 
| 282|0x0000000723400000, 0x0000000723600000, 0x0000000723600000|100%| O|  |TAMS 0x0000000723400000, 0x0000000723400000| Untracked 
| 283|0x0000000723600000, 0x0000000723800000, 0x0000000723800000|100%| O|  |TAMS 0x0000000723600000, 0x0000000723600000| Untracked 
| 284|0x0000000723800000, 0x0000000723a00000, 0x0000000723a00000|100%| O|  |TAMS 0x0000000723800000, 0x0000000723800000| Untracked 
| 285|0x0000000723a00000, 0x0000000723c00000, 0x0000000723c00000|100%| O|  |TAMS 0x0000000723a00000, 0x0000000723a00000| Untracked 
| 286|0x0000000723c00000, 0x0000000723e00000, 0x0000000723e00000|100%| O|  |TAMS 0x0000000723c00000, 0x0000000723c00000| Untracked 
| 287|0x0000000723e00000, 0x0000000724000000, 0x0000000724000000|100%| O|  |TAMS 0x0000000723e00000, 0x0000000723e00000| Untracked 
| 288|0x0000000724000000, 0x0000000724200000, 0x0000000724200000|100%| O|  |TAMS 0x0000000724000000, 0x0000000724000000| Untracked 
| 289|0x0000000724200000, 0x0000000724400000, 0x0000000724400000|100%| O|  |TAMS 0x0000000724200000, 0x0000000724200000| Untracked 
| 290|0x0000000724400000, 0x0000000724600000, 0x0000000724600000|100%| O|  |TAMS 0x0000000724400000, 0x0000000724400000| Untracked 
| 291|0x0000000724600000, 0x0000000724800000, 0x0000000724800000|100%| O|  |TAMS 0x0000000724600000, 0x0000000724600000| Untracked 
| 292|0x0000000724800000, 0x0000000724a00000, 0x0000000724a00000|100%| O|  |TAMS 0x0000000724800000, 0x0000000724800000| Untracked 
| 293|0x0000000724a00000, 0x0000000724a00000, 0x0000000724c00000|  0%| F|  |TAMS 0x0000000724a00000, 0x0000000724a00000| Untracked 
| 294|0x0000000724c00000, 0x0000000724c00000, 0x0000000724e00000|  0%| F|  |TAMS 0x0000000724c00000, 0x0000000724c00000| Untracked 
| 295|0x0000000724e00000, 0x0000000724e00000, 0x0000000725000000|  0%| F|  |TAMS 0x0000000724e00000, 0x0000000724e00000| Untracked 
| 296|0x0000000725000000, 0x0000000725000000, 0x0000000725200000|  0%| F|  |TAMS 0x0000000725000000, 0x0000000725000000| Untracked 
| 297|0x0000000725200000, 0x0000000725400000, 0x0000000725400000|100%| O|  |TAMS 0x0000000725200000, 0x0000000725200000| Untracked 
| 298|0x0000000725400000, 0x0000000725532c00, 0x0000000725600000| 59%| O|  |TAMS 0x0000000725400000, 0x0000000725400000| Untracked 
| 299|0x0000000725600000, 0x0000000725600000, 0x0000000725800000|  0%| F|  |TAMS 0x0000000725600000, 0x0000000725600000| Untracked 
| 300|0x0000000725800000, 0x0000000725800000, 0x0000000725a00000|  0%| F|  |TAMS 0x0000000725800000, 0x0000000725800000| Untracked 
| 301|0x0000000725a00000, 0x0000000725a00000, 0x0000000725c00000|  0%| F|  |TAMS 0x0000000725a00000, 0x0000000725a00000| Untracked 
| 302|0x0000000725c00000, 0x0000000725c00000, 0x0000000725e00000|  0%| F|  |TAMS 0x0000000725c00000, 0x0000000725c00000| Untracked 
| 303|0x0000000725e00000, 0x0000000725e00000, 0x0000000726000000|  0%| F|  |TAMS 0x0000000725e00000, 0x0000000725e00000| Untracked 
| 304|0x0000000726000000, 0x0000000726000000, 0x0000000726200000|  0%| F|  |TAMS 0x0000000726000000, 0x0000000726000000| Untracked 
| 305|0x0000000726200000, 0x0000000726200000, 0x0000000726400000|  0%| F|  |TAMS 0x0000000726200000, 0x0000000726200000| Untracked 
| 306|0x0000000726400000, 0x0000000726400000, 0x0000000726600000|  0%| F|  |TAMS 0x0000000726400000, 0x0000000726400000| Untracked 
| 307|0x0000000726600000, 0x0000000726600000, 0x0000000726800000|  0%| F|  |TAMS 0x0000000726600000, 0x0000000726600000| Untracked 
| 308|0x0000000726800000, 0x0000000726800000, 0x0000000726a00000|  0%| F|  |TAMS 0x0000000726800000, 0x0000000726800000| Untracked 
| 309|0x0000000726a00000, 0x0000000726a00000, 0x0000000726c00000|  0%| F|  |TAMS 0x0000000726a00000, 0x0000000726a00000| Untracked 
| 310|0x0000000726c00000, 0x0000000726c00000, 0x0000000726e00000|  0%| F|  |TAMS 0x0000000726c00000, 0x0000000726c00000| Untracked 
| 311|0x0000000726e00000, 0x0000000726e00000, 0x0000000727000000|  0%| F|  |TAMS 0x0000000726e00000, 0x0000000726e00000| Untracked 
| 312|0x0000000727000000, 0x0000000727000000, 0x0000000727200000|  0%| F|  |TAMS 0x0000000727000000, 0x0000000727000000| Untracked 
| 313|0x0000000727200000, 0x0000000727200000, 0x0000000727400000|  0%| F|  |TAMS 0x0000000727200000, 0x0000000727200000| Untracked 
| 314|0x0000000727400000, 0x0000000727400000, 0x0000000727600000|  0%| F|  |TAMS 0x0000000727400000, 0x0000000727400000| Untracked 
| 315|0x0000000727600000, 0x0000000727600000, 0x0000000727800000|  0%| F|  |TAMS 0x0000000727600000, 0x0000000727600000| Untracked 
| 316|0x0000000727800000, 0x0000000727800000, 0x0000000727a00000|  0%| F|  |TAMS 0x0000000727800000, 0x0000000727800000| Untracked 
| 317|0x0000000727a00000, 0x0000000727a00000, 0x0000000727c00000|  0%| F|  |TAMS 0x0000000727a00000, 0x0000000727a00000| Untracked 
| 318|0x0000000727c00000, 0x0000000727c00000, 0x0000000727e00000|  0%| F|  |TAMS 0x0000000727c00000, 0x0000000727c00000| Untracked 
| 319|0x0000000727e00000, 0x0000000727e00000, 0x0000000728000000|  0%| F|  |TAMS 0x0000000727e00000, 0x0000000727e00000| Untracked 
| 320|0x0000000728000000, 0x0000000728000000, 0x0000000728200000|  0%| F|  |TAMS 0x0000000728000000, 0x0000000728000000| Untracked 
| 321|0x0000000728200000, 0x0000000728200000, 0x0000000728400000|  0%| F|  |TAMS 0x0000000728200000, 0x0000000728200000| Untracked 
| 322|0x0000000728400000, 0x0000000728400000, 0x0000000728600000|  0%| F|  |TAMS 0x0000000728400000, 0x0000000728400000| Untracked 
| 323|0x0000000728600000, 0x0000000728600000, 0x0000000728800000|  0%| F|  |TAMS 0x0000000728600000, 0x0000000728600000| Untracked 
| 324|0x0000000728800000, 0x0000000728800000, 0x0000000728a00000|  0%| F|  |TAMS 0x0000000728800000, 0x0000000728800000| Untracked 
| 325|0x0000000728a00000, 0x0000000728a00000, 0x0000000728c00000|  0%| F|  |TAMS 0x0000000728a00000, 0x0000000728a00000| Untracked 
| 326|0x0000000728c00000, 0x0000000728c00000, 0x0000000728e00000|  0%| F|  |TAMS 0x0000000728c00000, 0x0000000728c00000| Untracked 
| 327|0x0000000728e00000, 0x0000000728e00000, 0x0000000729000000|  0%| F|  |TAMS 0x0000000728e00000, 0x0000000728e00000| Untracked 
| 328|0x0000000729000000, 0x0000000729000000, 0x0000000729200000|  0%| F|  |TAMS 0x0000000729000000, 0x0000000729000000| Untracked 
| 329|0x0000000729200000, 0x0000000729200000, 0x0000000729400000|  0%| F|  |TAMS 0x0000000729200000, 0x0000000729200000| Untracked 
| 330|0x0000000729400000, 0x0000000729400000, 0x0000000729600000|  0%| F|  |TAMS 0x0000000729400000, 0x0000000729400000| Untracked 
| 331|0x0000000729600000, 0x0000000729600000, 0x0000000729800000|  0%| F|  |TAMS 0x0000000729600000, 0x0000000729600000| Untracked 
| 332|0x0000000729800000, 0x0000000729800000, 0x0000000729a00000|  0%| F|  |TAMS 0x0000000729800000, 0x0000000729800000| Untracked 
| 333|0x0000000729a00000, 0x0000000729a00000, 0x0000000729c00000|  0%| F|  |TAMS 0x0000000729a00000, 0x0000000729a00000| Untracked 
| 334|0x0000000729c00000, 0x0000000729c00000, 0x0000000729e00000|  0%| F|  |TAMS 0x0000000729c00000, 0x0000000729c00000| Untracked 
| 335|0x0000000729e00000, 0x0000000729e00000, 0x000000072a000000|  0%| F|  |TAMS 0x0000000729e00000, 0x0000000729e00000| Untracked 
| 336|0x000000072a000000, 0x000000072a000000, 0x000000072a200000|  0%| F|  |TAMS 0x000000072a000000, 0x000000072a000000| Untracked 
| 337|0x000000072a200000, 0x000000072a200000, 0x000000072a400000|  0%| F|  |TAMS 0x000000072a200000, 0x000000072a200000| Untracked 
| 338|0x000000072a400000, 0x000000072a400000, 0x000000072a600000|  0%| F|  |TAMS 0x000000072a400000, 0x000000072a400000| Untracked 
| 339|0x000000072a600000, 0x000000072a600000, 0x000000072a800000|  0%| F|  |TAMS 0x000000072a600000, 0x000000072a600000| Untracked 
| 340|0x000000072a800000, 0x000000072a800000, 0x000000072aa00000|  0%| F|  |TAMS 0x000000072a800000, 0x000000072a800000| Untracked 
| 341|0x000000072aa00000, 0x000000072aa00000, 0x000000072ac00000|  0%| F|  |TAMS 0x000000072aa00000, 0x000000072aa00000| Untracked 
| 342|0x000000072ac00000, 0x000000072ac00000, 0x000000072ae00000|  0%| F|  |TAMS 0x000000072ac00000, 0x000000072ac00000| Untracked 
| 343|0x000000072ae00000, 0x000000072ae00000, 0x000000072b000000|  0%| F|  |TAMS 0x000000072ae00000, 0x000000072ae00000| Untracked 
| 344|0x000000072b000000, 0x000000072b000000, 0x000000072b200000|  0%| F|  |TAMS 0x000000072b000000, 0x000000072b000000| Untracked 
| 345|0x000000072b200000, 0x000000072b200000, 0x000000072b400000|  0%| F|  |TAMS 0x000000072b200000, 0x000000072b200000| Untracked 
| 346|0x000000072b400000, 0x000000072b400000, 0x000000072b600000|  0%| F|  |TAMS 0x000000072b400000, 0x000000072b400000| Untracked 
| 347|0x000000072b600000, 0x000000072b600000, 0x000000072b800000|  0%| F|  |TAMS 0x000000072b600000, 0x000000072b600000| Untracked 
| 348|0x000000072b800000, 0x000000072b800000, 0x000000072ba00000|  0%| F|  |TAMS 0x000000072b800000, 0x000000072b800000| Untracked 
| 349|0x000000072ba00000, 0x000000072ba00000, 0x000000072bc00000|  0%| F|  |TAMS 0x000000072ba00000, 0x000000072ba00000| Untracked 
| 350|0x000000072bc00000, 0x000000072bc00000, 0x000000072be00000|  0%| F|  |TAMS 0x000000072bc00000, 0x000000072bc00000| Untracked 
| 351|0x000000072be00000, 0x000000072be00000, 0x000000072c000000|  0%| F|  |TAMS 0x000000072be00000, 0x000000072be00000| Untracked 
| 352|0x000000072c000000, 0x000000072c000000, 0x000000072c200000|  0%| F|  |TAMS 0x000000072c000000, 0x000000072c000000| Untracked 
| 353|0x000000072c200000, 0x000000072c200000, 0x000000072c400000|  0%| F|  |TAMS 0x000000072c200000, 0x000000072c200000| Untracked 
| 354|0x000000072c400000, 0x000000072c400000, 0x000000072c600000|  0%| F|  |TAMS 0x000000072c400000, 0x000000072c400000| Untracked 
| 355|0x000000072c600000, 0x000000072c600000, 0x000000072c800000|  0%| F|  |TAMS 0x000000072c600000, 0x000000072c600000| Untracked 
| 356|0x000000072c800000, 0x000000072c800000, 0x000000072ca00000|  0%| F|  |TAMS 0x000000072c800000, 0x000000072c800000| Untracked 
| 357|0x000000072ca00000, 0x000000072ca00000, 0x000000072cc00000|  0%| F|  |TAMS 0x000000072ca00000, 0x000000072ca00000| Untracked 
| 358|0x000000072cc00000, 0x000000072cc00000, 0x000000072ce00000|  0%| F|  |TAMS 0x000000072cc00000, 0x000000072cc00000| Untracked 
| 359|0x000000072ce00000, 0x000000072ce00000, 0x000000072d000000|  0%| F|  |TAMS 0x000000072ce00000, 0x000000072ce00000| Untracked 
| 360|0x000000072d000000, 0x000000072d000000, 0x000000072d200000|  0%| F|  |TAMS 0x000000072d000000, 0x000000072d000000| Untracked 
| 361|0x000000072d200000, 0x000000072d200000, 0x000000072d400000|  0%| F|  |TAMS 0x000000072d200000, 0x000000072d200000| Untracked 
| 362|0x000000072d400000, 0x000000072d400000, 0x000000072d600000|  0%| F|  |TAMS 0x000000072d400000, 0x000000072d400000| Untracked 
| 363|0x000000072d600000, 0x000000072d600000, 0x000000072d800000|  0%| F|  |TAMS 0x000000072d600000, 0x000000072d600000| Untracked 
| 364|0x000000072d800000, 0x000000072d800000, 0x000000072da00000|  0%| F|  |TAMS 0x000000072d800000, 0x000000072d800000| Untracked 
| 365|0x000000072da00000, 0x000000072da00000, 0x000000072dc00000|  0%| F|  |TAMS 0x000000072da00000, 0x000000072da00000| Untracked 
| 366|0x000000072dc00000, 0x000000072dc00000, 0x000000072de00000|  0%| F|  |TAMS 0x000000072dc00000, 0x000000072dc00000| Untracked 
| 367|0x000000072de00000, 0x000000072de00000, 0x000000072e000000|  0%| F|  |TAMS 0x000000072de00000, 0x000000072de00000| Untracked 
| 368|0x000000072e000000, 0x000000072e000000, 0x000000072e200000|  0%| F|  |TAMS 0x000000072e000000, 0x000000072e000000| Untracked 
| 369|0x000000072e200000, 0x000000072e200000, 0x000000072e400000|  0%| F|  |TAMS 0x000000072e200000, 0x000000072e200000| Untracked 
| 370|0x000000072e400000, 0x000000072e400000, 0x000000072e600000|  0%| F|  |TAMS 0x000000072e400000, 0x000000072e400000| Untracked 
| 371|0x000000072e600000, 0x000000072e600000, 0x000000072e800000|  0%| F|  |TAMS 0x000000072e600000, 0x000000072e600000| Untracked 
| 372|0x000000072e800000, 0x000000072e800000, 0x000000072ea00000|  0%| F|  |TAMS 0x000000072e800000, 0x000000072e800000| Untracked 
| 373|0x000000072ea00000, 0x000000072ea00000, 0x000000072ec00000|  0%| F|  |TAMS 0x000000072ea00000, 0x000000072ea00000| Untracked 
| 374|0x000000072ec00000, 0x000000072ec00000, 0x000000072ee00000|  0%| F|  |TAMS 0x000000072ec00000, 0x000000072ec00000| Untracked 
| 375|0x000000072ee00000, 0x000000072ee00000, 0x000000072f000000|  0%| F|  |TAMS 0x000000072ee00000, 0x000000072ee00000| Untracked 
| 376|0x000000072f000000, 0x000000072f000000, 0x000000072f200000|  0%| F|  |TAMS 0x000000072f000000, 0x000000072f000000| Untracked 
| 377|0x000000072f200000, 0x000000072f200000, 0x000000072f400000|  0%| F|  |TAMS 0x000000072f200000, 0x000000072f200000| Untracked 
| 378|0x000000072f400000, 0x000000072f400000, 0x000000072f600000|  0%| F|  |TAMS 0x000000072f400000, 0x000000072f400000| Untracked 
| 379|0x000000072f600000, 0x000000072f600000, 0x000000072f800000|  0%| F|  |TAMS 0x000000072f600000, 0x000000072f600000| Untracked 
| 380|0x000000072f800000, 0x000000072f800000, 0x000000072fa00000|  0%| F|  |TAMS 0x000000072f800000, 0x000000072f800000| Untracked 
| 381|0x000000072fa00000, 0x000000072fa00000, 0x000000072fc00000|  0%| F|  |TAMS 0x000000072fa00000, 0x000000072fa00000| Untracked 
| 382|0x000000072fc00000, 0x000000072fc00000, 0x000000072fe00000|  0%| F|  |TAMS 0x000000072fc00000, 0x000000072fc00000| Untracked 
| 383|0x000000072fe00000, 0x000000072fe00000, 0x0000000730000000|  0%| F|  |TAMS 0x000000072fe00000, 0x000000072fe00000| Untracked 
| 384|0x0000000730000000, 0x0000000730000000, 0x0000000730200000|  0%| F|  |TAMS 0x0000000730000000, 0x0000000730000000| Untracked 
| 385|0x0000000730200000, 0x0000000730200000, 0x0000000730400000|  0%| F|  |TAMS 0x0000000730200000, 0x0000000730200000| Untracked 
| 386|0x0000000730400000, 0x0000000730400000, 0x0000000730600000|  0%| F|  |TAMS 0x0000000730400000, 0x0000000730400000| Untracked 
| 387|0x0000000730600000, 0x0000000730600000, 0x0000000730800000|  0%| F|  |TAMS 0x0000000730600000, 0x0000000730600000| Untracked 
| 388|0x0000000730800000, 0x0000000730800000, 0x0000000730a00000|  0%| F|  |TAMS 0x0000000730800000, 0x0000000730800000| Untracked 
| 389|0x0000000730a00000, 0x0000000730a00000, 0x0000000730c00000|  0%| F|  |TAMS 0x0000000730a00000, 0x0000000730a00000| Untracked 
| 390|0x0000000730c00000, 0x0000000730c00000, 0x0000000730e00000|  0%| F|  |TAMS 0x0000000730c00000, 0x0000000730c00000| Untracked 
| 391|0x0000000730e00000, 0x0000000730e00000, 0x0000000731000000|  0%| F|  |TAMS 0x0000000730e00000, 0x0000000730e00000| Untracked 
| 392|0x0000000731000000, 0x0000000731000000, 0x0000000731200000|  0%| F|  |TAMS 0x0000000731000000, 0x0000000731000000| Untracked 
| 393|0x0000000731200000, 0x0000000731200000, 0x0000000731400000|  0%| F|  |TAMS 0x0000000731200000, 0x0000000731200000| Untracked 
| 394|0x0000000731400000, 0x0000000731400000, 0x0000000731600000|  0%| F|  |TAMS 0x0000000731400000, 0x0000000731400000| Untracked 
| 395|0x0000000731600000, 0x0000000731600000, 0x0000000731800000|  0%| F|  |TAMS 0x0000000731600000, 0x0000000731600000| Untracked 
| 396|0x0000000731800000, 0x0000000731800000, 0x0000000731a00000|  0%| F|  |TAMS 0x0000000731800000, 0x0000000731800000| Untracked 
| 397|0x0000000731a00000, 0x0000000731a00000, 0x0000000731c00000|  0%| F|  |TAMS 0x0000000731a00000, 0x0000000731a00000| Untracked 
| 398|0x0000000731c00000, 0x0000000731c00000, 0x0000000731e00000|  0%| F|  |TAMS 0x0000000731c00000, 0x0000000731c00000| Untracked 
| 399|0x0000000731e00000, 0x0000000731e00000, 0x0000000732000000|  0%| F|  |TAMS 0x0000000731e00000, 0x0000000731e00000| Untracked 
| 400|0x0000000732000000, 0x0000000732000000, 0x0000000732200000|  0%| F|  |TAMS 0x0000000732000000, 0x0000000732000000| Untracked 
| 401|0x0000000732200000, 0x0000000732200000, 0x0000000732400000|  0%| F|  |TAMS 0x0000000732200000, 0x0000000732200000| Untracked 
| 402|0x0000000732400000, 0x0000000732400000, 0x0000000732600000|  0%| F|  |TAMS 0x0000000732400000, 0x0000000732400000| Untracked 
| 403|0x0000000732600000, 0x0000000732600000, 0x0000000732800000|  0%| F|  |TAMS 0x0000000732600000, 0x0000000732600000| Untracked 
| 404|0x0000000732800000, 0x0000000732800000, 0x0000000732a00000|  0%| F|  |TAMS 0x0000000732800000, 0x0000000732800000| Untracked 
| 405|0x0000000732a00000, 0x0000000732a00000, 0x0000000732c00000|  0%| F|  |TAMS 0x0000000732a00000, 0x0000000732a00000| Untracked 
| 406|0x0000000732c00000, 0x0000000732c00000, 0x0000000732e00000|  0%| F|  |TAMS 0x0000000732c00000, 0x0000000732c00000| Untracked 
| 407|0x0000000732e00000, 0x0000000732e00000, 0x0000000733000000|  0%| F|  |TAMS 0x0000000732e00000, 0x0000000732e00000| Untracked 
| 408|0x0000000733000000, 0x0000000733000000, 0x0000000733200000|  0%| F|  |TAMS 0x0000000733000000, 0x0000000733000000| Untracked 
| 409|0x0000000733200000, 0x0000000733200000, 0x0000000733400000|  0%| F|  |TAMS 0x0000000733200000, 0x0000000733200000| Untracked 
| 410|0x0000000733400000, 0x0000000733400000, 0x0000000733600000|  0%| F|  |TAMS 0x0000000733400000, 0x0000000733400000| Untracked 
| 411|0x0000000733600000, 0x0000000733600000, 0x0000000733800000|  0%| F|  |TAMS 0x0000000733600000, 0x0000000733600000| Untracked 
| 412|0x0000000733800000, 0x0000000733800000, 0x0000000733a00000|  0%| F|  |TAMS 0x0000000733800000, 0x0000000733800000| Untracked 
| 413|0x0000000733a00000, 0x0000000733a00000, 0x0000000733c00000|  0%| F|  |TAMS 0x0000000733a00000, 0x0000000733a00000| Untracked 
| 414|0x0000000733c00000, 0x0000000733c00000, 0x0000000733e00000|  0%| F|  |TAMS 0x0000000733c00000, 0x0000000733c00000| Untracked 
| 415|0x0000000733e00000, 0x0000000733e00000, 0x0000000734000000|  0%| F|  |TAMS 0x0000000733e00000, 0x0000000733e00000| Untracked 
| 416|0x0000000734000000, 0x0000000734000000, 0x0000000734200000|  0%| F|  |TAMS 0x0000000734000000, 0x0000000734000000| Untracked 
| 417|0x0000000734200000, 0x0000000734200000, 0x0000000734400000|  0%| F|  |TAMS 0x0000000734200000, 0x0000000734200000| Untracked 
| 418|0x0000000734400000, 0x0000000734400000, 0x0000000734600000|  0%| F|  |TAMS 0x0000000734400000, 0x0000000734400000| Untracked 
| 419|0x0000000734600000, 0x0000000734600000, 0x0000000734800000|  0%| F|  |TAMS 0x0000000734600000, 0x0000000734600000| Untracked 
| 420|0x0000000734800000, 0x0000000734800000, 0x0000000734a00000|  0%| F|  |TAMS 0x0000000734800000, 0x0000000734800000| Untracked 
| 421|0x0000000734a00000, 0x0000000734a00000, 0x0000000734c00000|  0%| F|  |TAMS 0x0000000734a00000, 0x0000000734a00000| Untracked 
| 422|0x0000000734c00000, 0x0000000734c00000, 0x0000000734e00000|  0%| F|  |TAMS 0x0000000734c00000, 0x0000000734c00000| Untracked 
| 423|0x0000000734e00000, 0x0000000734e00000, 0x0000000735000000|  0%| F|  |TAMS 0x0000000734e00000, 0x0000000734e00000| Untracked 
| 424|0x0000000735000000, 0x0000000735000000, 0x0000000735200000|  0%| F|  |TAMS 0x0000000735000000, 0x0000000735000000| Untracked 
| 425|0x0000000735200000, 0x0000000735200000, 0x0000000735400000|  0%| F|  |TAMS 0x0000000735200000, 0x0000000735200000| Untracked 
| 426|0x0000000735400000, 0x0000000735400000, 0x0000000735600000|  0%| F|  |TAMS 0x0000000735400000, 0x0000000735400000| Untracked 
| 427|0x0000000735600000, 0x0000000735600000, 0x0000000735800000|  0%| F|  |TAMS 0x0000000735600000, 0x0000000735600000| Untracked 
| 428|0x0000000735800000, 0x0000000735800000, 0x0000000735a00000|  0%| F|  |TAMS 0x0000000735800000, 0x0000000735800000| Untracked 
| 429|0x0000000735a00000, 0x0000000735a00000, 0x0000000735c00000|  0%| F|  |TAMS 0x0000000735a00000, 0x0000000735a00000| Untracked 
| 430|0x0000000735c00000, 0x0000000735c00000, 0x0000000735e00000|  0%| F|  |TAMS 0x0000000735c00000, 0x0000000735c00000| Untracked 
| 431|0x0000000735e00000, 0x0000000735e00000, 0x0000000736000000|  0%| F|  |TAMS 0x0000000735e00000, 0x0000000735e00000| Untracked 
| 432|0x0000000736000000, 0x0000000736000000, 0x0000000736200000|  0%| F|  |TAMS 0x0000000736000000, 0x0000000736000000| Untracked 
| 433|0x0000000736200000, 0x0000000736200000, 0x0000000736400000|  0%| F|  |TAMS 0x0000000736200000, 0x0000000736200000| Untracked 
| 434|0x0000000736400000, 0x0000000736400000, 0x0000000736600000|  0%| F|  |TAMS 0x0000000736400000, 0x0000000736400000| Untracked 
| 435|0x0000000736600000, 0x0000000736600000, 0x0000000736800000|  0%| F|  |TAMS 0x0000000736600000, 0x0000000736600000| Untracked 
| 436|0x0000000736800000, 0x0000000736800000, 0x0000000736a00000|  0%| F|  |TAMS 0x0000000736800000, 0x0000000736800000| Untracked 
| 437|0x0000000736a00000, 0x0000000736a00000, 0x0000000736c00000|  0%| F|  |TAMS 0x0000000736a00000, 0x0000000736a00000| Untracked 
| 438|0x0000000736c00000, 0x0000000736c00000, 0x0000000736e00000|  0%| F|  |TAMS 0x0000000736c00000, 0x0000000736c00000| Untracked 
| 439|0x0000000736e00000, 0x0000000736e00000, 0x0000000737000000|  0%| F|  |TAMS 0x0000000736e00000, 0x0000000736e00000| Untracked 
| 440|0x0000000737000000, 0x0000000737000000, 0x0000000737200000|  0%| F|  |TAMS 0x0000000737000000, 0x0000000737000000| Untracked 
| 441|0x0000000737200000, 0x0000000737200000, 0x0000000737400000|  0%| F|  |TAMS 0x0000000737200000, 0x0000000737200000| Untracked 
| 442|0x0000000737400000, 0x0000000737400000, 0x0000000737600000|  0%| F|  |TAMS 0x0000000737400000, 0x0000000737400000| Untracked 
| 443|0x0000000737600000, 0x0000000737600000, 0x0000000737800000|  0%| F|  |TAMS 0x0000000737600000, 0x0000000737600000| Untracked 
| 444|0x0000000737800000, 0x0000000737800000, 0x0000000737a00000|  0%| F|  |TAMS 0x0000000737800000, 0x0000000737800000| Untracked 
| 445|0x0000000737a00000, 0x0000000737a00000, 0x0000000737c00000|  0%| F|  |TAMS 0x0000000737a00000, 0x0000000737a00000| Untracked 
| 446|0x0000000737c00000, 0x0000000737c00000, 0x0000000737e00000|  0%| F|  |TAMS 0x0000000737c00000, 0x0000000737c00000| Untracked 
| 447|0x0000000737e00000, 0x0000000737e00000, 0x0000000738000000|  0%| F|  |TAMS 0x0000000737e00000, 0x0000000737e00000| Untracked 
| 448|0x0000000738000000, 0x0000000738000000, 0x0000000738200000|  0%| F|  |TAMS 0x0000000738000000, 0x0000000738000000| Untracked 
| 449|0x0000000738200000, 0x0000000738200000, 0x0000000738400000|  0%| F|  |TAMS 0x0000000738200000, 0x0000000738200000| Untracked 
| 450|0x0000000738400000, 0x0000000738400000, 0x0000000738600000|  0%| F|  |TAMS 0x0000000738400000, 0x0000000738400000| Untracked 
| 451|0x0000000738600000, 0x0000000738600000, 0x0000000738800000|  0%| F|  |TAMS 0x0000000738600000, 0x0000000738600000| Untracked 
| 452|0x0000000738800000, 0x0000000738800000, 0x0000000738a00000|  0%| F|  |TAMS 0x0000000738800000, 0x0000000738800000| Untracked 
| 453|0x0000000738a00000, 0x0000000738a00000, 0x0000000738c00000|  0%| F|  |TAMS 0x0000000738a00000, 0x0000000738a00000| Untracked 
| 454|0x0000000738c00000, 0x0000000738c00000, 0x0000000738e00000|  0%| F|  |TAMS 0x0000000738c00000, 0x0000000738c00000| Untracked 
| 455|0x0000000738e00000, 0x0000000738e00000, 0x0000000739000000|  0%| F|  |TAMS 0x0000000738e00000, 0x0000000738e00000| Untracked 
| 456|0x0000000739000000, 0x0000000739000000, 0x0000000739200000|  0%| F|  |TAMS 0x0000000739000000, 0x0000000739000000| Untracked 
| 457|0x0000000739200000, 0x0000000739200000, 0x0000000739400000|  0%| F|  |TAMS 0x0000000739200000, 0x0000000739200000| Untracked 
| 458|0x0000000739400000, 0x0000000739400000, 0x0000000739600000|  0%| F|  |TAMS 0x0000000739400000, 0x0000000739400000| Untracked 
| 459|0x0000000739600000, 0x0000000739600000, 0x0000000739800000|  0%| F|  |TAMS 0x0000000739600000, 0x0000000739600000| Untracked 
| 460|0x0000000739800000, 0x0000000739800000, 0x0000000739a00000|  0%| F|  |TAMS 0x0000000739800000, 0x0000000739800000| Untracked 
| 461|0x0000000739a00000, 0x0000000739a00000, 0x0000000739c00000|  0%| F|  |TAMS 0x0000000739a00000, 0x0000000739a00000| Untracked 
| 462|0x0000000739c00000, 0x0000000739c00000, 0x0000000739e00000|  0%| F|  |TAMS 0x0000000739c00000, 0x0000000739c00000| Untracked 
| 463|0x0000000739e00000, 0x0000000739e00000, 0x000000073a000000|  0%| F|  |TAMS 0x0000000739e00000, 0x0000000739e00000| Untracked 
| 464|0x000000073a000000, 0x000000073a000000, 0x000000073a200000|  0%| F|  |TAMS 0x000000073a000000, 0x000000073a000000| Untracked 
| 465|0x000000073a200000, 0x000000073a200000, 0x000000073a400000|  0%| F|  |TAMS 0x000000073a200000, 0x000000073a200000| Untracked 
| 466|0x000000073a400000, 0x000000073a400000, 0x000000073a600000|  0%| F|  |TAMS 0x000000073a400000, 0x000000073a400000| Untracked 
| 467|0x000000073a600000, 0x000000073a600000, 0x000000073a800000|  0%| F|  |TAMS 0x000000073a600000, 0x000000073a600000| Untracked 
| 468|0x000000073a800000, 0x000000073a800000, 0x000000073aa00000|  0%| F|  |TAMS 0x000000073a800000, 0x000000073a800000| Untracked 
| 469|0x000000073aa00000, 0x000000073aa00000, 0x000000073ac00000|  0%| F|  |TAMS 0x000000073aa00000, 0x000000073aa00000| Untracked 
| 470|0x000000073ac00000, 0x000000073ac00000, 0x000000073ae00000|  0%| F|  |TAMS 0x000000073ac00000, 0x000000073ac00000| Untracked 
| 471|0x000000073ae00000, 0x000000073ae00000, 0x000000073b000000|  0%| F|  |TAMS 0x000000073ae00000, 0x000000073ae00000| Untracked 
| 472|0x000000073b000000, 0x000000073b000000, 0x000000073b200000|  0%| F|  |TAMS 0x000000073b000000, 0x000000073b000000| Untracked 
| 473|0x000000073b200000, 0x000000073b200000, 0x000000073b400000|  0%| F|  |TAMS 0x000000073b200000, 0x000000073b200000| Untracked 
| 474|0x000000073b400000, 0x000000073b400000, 0x000000073b600000|  0%| F|  |TAMS 0x000000073b400000, 0x000000073b400000| Untracked 
| 475|0x000000073b600000, 0x000000073b600000, 0x000000073b800000|  0%| F|  |TAMS 0x000000073b600000, 0x000000073b600000| Untracked 
| 476|0x000000073b800000, 0x000000073b800000, 0x000000073ba00000|  0%| F|  |TAMS 0x000000073b800000, 0x000000073b800000| Untracked 
| 477|0x000000073ba00000, 0x000000073ba00000, 0x000000073bc00000|  0%| F|  |TAMS 0x000000073ba00000, 0x000000073ba00000| Untracked 
| 478|0x000000073bc00000, 0x000000073bc00000, 0x000000073be00000|  0%| F|  |TAMS 0x000000073bc00000, 0x000000073bc00000| Untracked 
| 479|0x000000073be00000, 0x000000073be00000, 0x000000073c000000|  0%| F|  |TAMS 0x000000073be00000, 0x000000073be00000| Untracked 
| 480|0x000000073c000000, 0x000000073c000000, 0x000000073c200000|  0%| F|  |TAMS 0x000000073c000000, 0x000000073c000000| Untracked 
| 481|0x000000073c200000, 0x000000073c200000, 0x000000073c400000|  0%| F|  |TAMS 0x000000073c200000, 0x000000073c200000| Untracked 
| 482|0x000000073c400000, 0x000000073c400000, 0x000000073c600000|  0%| F|  |TAMS 0x000000073c400000, 0x000000073c400000| Untracked 
| 483|0x000000073c600000, 0x000000073c600000, 0x000000073c800000|  0%| F|  |TAMS 0x000000073c600000, 0x000000073c600000| Untracked 
| 484|0x000000073c800000, 0x000000073c800000, 0x000000073ca00000|  0%| F|  |TAMS 0x000000073c800000, 0x000000073c800000| Untracked 
| 485|0x000000073ca00000, 0x000000073ca00000, 0x000000073cc00000|  0%| F|  |TAMS 0x000000073ca00000, 0x000000073ca00000| Untracked 
| 486|0x000000073cc00000, 0x000000073cc00000, 0x000000073ce00000|  0%| F|  |TAMS 0x000000073cc00000, 0x000000073cc00000| Untracked 
| 487|0x000000073ce00000, 0x000000073ce00000, 0x000000073d000000|  0%| F|  |TAMS 0x000000073ce00000, 0x000000073ce00000| Untracked 
| 488|0x000000073d000000, 0x000000073d000000, 0x000000073d200000|  0%| F|  |TAMS 0x000000073d000000, 0x000000073d000000| Untracked 
| 489|0x000000073d200000, 0x000000073d200000, 0x000000073d400000|  0%| F|  |TAMS 0x000000073d200000, 0x000000073d200000| Untracked 
| 490|0x000000073d400000, 0x000000073d400000, 0x000000073d600000|  0%| F|  |TAMS 0x000000073d400000, 0x000000073d400000| Untracked 
| 491|0x000000073d600000, 0x000000073d600000, 0x000000073d800000|  0%| F|  |TAMS 0x000000073d600000, 0x000000073d600000| Untracked 
| 492|0x000000073d800000, 0x000000073d800000, 0x000000073da00000|  0%| F|  |TAMS 0x000000073d800000, 0x000000073d800000| Untracked 
| 493|0x000000073da00000, 0x000000073da00000, 0x000000073dc00000|  0%| F|  |TAMS 0x000000073da00000, 0x000000073da00000| Untracked 
| 494|0x000000073dc00000, 0x000000073dc00000, 0x000000073de00000|  0%| F|  |TAMS 0x000000073dc00000, 0x000000073dc00000| Untracked 
| 495|0x000000073de00000, 0x000000073de00000, 0x000000073e000000|  0%| F|  |TAMS 0x000000073de00000, 0x000000073de00000| Untracked 
| 496|0x000000073e000000, 0x000000073e000000, 0x000000073e200000|  0%| F|  |TAMS 0x000000073e000000, 0x000000073e000000| Untracked 
| 497|0x000000073e200000, 0x000000073e200000, 0x000000073e400000|  0%| F|  |TAMS 0x000000073e200000, 0x000000073e200000| Untracked 
| 498|0x000000073e400000, 0x000000073e400000, 0x000000073e600000|  0%| F|  |TAMS 0x000000073e400000, 0x000000073e400000| Untracked 
| 499|0x000000073e600000, 0x000000073e600000, 0x000000073e800000|  0%| F|  |TAMS 0x000000073e600000, 0x000000073e600000| Untracked 
| 500|0x000000073e800000, 0x000000073e800000, 0x000000073ea00000|  0%| F|  |TAMS 0x000000073e800000, 0x000000073e800000| Untracked 
| 501|0x000000073ea00000, 0x000000073ea00000, 0x000000073ec00000|  0%| F|  |TAMS 0x000000073ea00000, 0x000000073ea00000| Untracked 
| 502|0x000000073ec00000, 0x000000073ec00000, 0x000000073ee00000|  0%| F|  |TAMS 0x000000073ec00000, 0x000000073ec00000| Untracked 
| 503|0x000000073ee00000, 0x000000073ee00000, 0x000000073f000000|  0%| F|  |TAMS 0x000000073ee00000, 0x000000073ee00000| Untracked 
| 504|0x000000073f000000, 0x000000073f000000, 0x000000073f200000|  0%| F|  |TAMS 0x000000073f000000, 0x000000073f000000| Untracked 
| 505|0x000000073f200000, 0x000000073f200000, 0x000000073f400000|  0%| F|  |TAMS 0x000000073f200000, 0x000000073f200000| Untracked 
| 506|0x000000073f400000, 0x000000073f400000, 0x000000073f600000|  0%| F|  |TAMS 0x000000073f400000, 0x000000073f400000| Untracked 
| 507|0x000000073f600000, 0x000000073f600000, 0x000000073f800000|  0%| F|  |TAMS 0x000000073f600000, 0x000000073f600000| Untracked 
| 508|0x000000073f800000, 0x000000073f800000, 0x000000073fa00000|  0%| F|  |TAMS 0x000000073f800000, 0x000000073f800000| Untracked 
| 509|0x000000073fa00000, 0x000000073fa00000, 0x000000073fc00000|  0%| F|  |TAMS 0x000000073fa00000, 0x000000073fa00000| Untracked 
| 510|0x000000073fc00000, 0x000000073fc00000, 0x000000073fe00000|  0%| F|  |TAMS 0x000000073fc00000, 0x000000073fc00000| Untracked 
| 511|0x000000073fe00000, 0x000000073fe00000, 0x0000000740000000|  0%| F|  |TAMS 0x000000073fe00000, 0x000000073fe00000| Untracked 
| 512|0x0000000740000000, 0x0000000740000000, 0x0000000740200000|  0%| F|  |TAMS 0x0000000740000000, 0x0000000740000000| Untracked 
| 513|0x0000000740200000, 0x0000000740200000, 0x0000000740400000|  0%| F|  |TAMS 0x0000000740200000, 0x0000000740200000| Untracked 
| 514|0x0000000740400000, 0x0000000740400000, 0x0000000740600000|  0%| F|  |TAMS 0x0000000740400000, 0x0000000740400000| Untracked 
| 515|0x0000000740600000, 0x0000000740600000, 0x0000000740800000|  0%| F|  |TAMS 0x0000000740600000, 0x0000000740600000| Untracked 
| 516|0x0000000740800000, 0x0000000740800000, 0x0000000740a00000|  0%| F|  |TAMS 0x0000000740800000, 0x0000000740800000| Untracked 
| 517|0x0000000740a00000, 0x0000000740a00000, 0x0000000740c00000|  0%| F|  |TAMS 0x0000000740a00000, 0x0000000740a00000| Untracked 
| 518|0x0000000740c00000, 0x0000000740c00000, 0x0000000740e00000|  0%| F|  |TAMS 0x0000000740c00000, 0x0000000740c00000| Untracked 
| 519|0x0000000740e00000, 0x0000000740e00000, 0x0000000741000000|  0%| F|  |TAMS 0x0000000740e00000, 0x0000000740e00000| Untracked 
| 520|0x0000000741000000, 0x0000000741000000, 0x0000000741200000|  0%| F|  |TAMS 0x0000000741000000, 0x0000000741000000| Untracked 
| 521|0x0000000741200000, 0x0000000741200000, 0x0000000741400000|  0%| F|  |TAMS 0x0000000741200000, 0x0000000741200000| Untracked 
| 522|0x0000000741400000, 0x0000000741400000, 0x0000000741600000|  0%| F|  |TAMS 0x0000000741400000, 0x0000000741400000| Untracked 
| 523|0x0000000741600000, 0x0000000741600000, 0x0000000741800000|  0%| F|  |TAMS 0x0000000741600000, 0x0000000741600000| Untracked 
| 524|0x0000000741800000, 0x0000000741800000, 0x0000000741a00000|  0%| F|  |TAMS 0x0000000741800000, 0x0000000741800000| Untracked 
| 525|0x0000000741a00000, 0x0000000741a00000, 0x0000000741c00000|  0%| F|  |TAMS 0x0000000741a00000, 0x0000000741a00000| Untracked 
| 526|0x0000000741c00000, 0x0000000741c00000, 0x0000000741e00000|  0%| F|  |TAMS 0x0000000741c00000, 0x0000000741c00000| Untracked 
| 527|0x0000000741e00000, 0x0000000741e00000, 0x0000000742000000|  0%| F|  |TAMS 0x0000000741e00000, 0x0000000741e00000| Untracked 
| 528|0x0000000742000000, 0x0000000742000000, 0x0000000742200000|  0%| F|  |TAMS 0x0000000742000000, 0x0000000742000000| Untracked 
| 529|0x0000000742200000, 0x0000000742200000, 0x0000000742400000|  0%| F|  |TAMS 0x0000000742200000, 0x0000000742200000| Untracked 
| 530|0x0000000742400000, 0x0000000742400000, 0x0000000742600000|  0%| F|  |TAMS 0x0000000742400000, 0x0000000742400000| Untracked 
| 531|0x0000000742600000, 0x0000000742600000, 0x0000000742800000|  0%| F|  |TAMS 0x0000000742600000, 0x0000000742600000| Untracked 
| 532|0x0000000742800000, 0x0000000742800000, 0x0000000742a00000|  0%| F|  |TAMS 0x0000000742800000, 0x0000000742800000| Untracked 
| 533|0x0000000742a00000, 0x0000000742a00000, 0x0000000742c00000|  0%| F|  |TAMS 0x0000000742a00000, 0x0000000742a00000| Untracked 
| 534|0x0000000742c00000, 0x0000000742c00000, 0x0000000742e00000|  0%| F|  |TAMS 0x0000000742c00000, 0x0000000742c00000| Untracked 
| 535|0x0000000742e00000, 0x0000000742e00000, 0x0000000743000000|  0%| F|  |TAMS 0x0000000742e00000, 0x0000000742e00000| Untracked 
| 536|0x0000000743000000, 0x0000000743000000, 0x0000000743200000|  0%| F|  |TAMS 0x0000000743000000, 0x0000000743000000| Untracked 
| 537|0x0000000743200000, 0x0000000743200000, 0x0000000743400000|  0%| F|  |TAMS 0x0000000743200000, 0x0000000743200000| Untracked 
| 538|0x0000000743400000, 0x0000000743400000, 0x0000000743600000|  0%| F|  |TAMS 0x0000000743400000, 0x0000000743400000| Untracked 
| 539|0x0000000743600000, 0x0000000743600000, 0x0000000743800000|  0%| F|  |TAMS 0x0000000743600000, 0x0000000743600000| Untracked 
| 540|0x0000000743800000, 0x0000000743800000, 0x0000000743a00000|  0%| F|  |TAMS 0x0000000743800000, 0x0000000743800000| Untracked 
| 541|0x0000000743a00000, 0x0000000743a00000, 0x0000000743c00000|  0%| F|  |TAMS 0x0000000743a00000, 0x0000000743a00000| Untracked 
| 542|0x0000000743c00000, 0x0000000743c00000, 0x0000000743e00000|  0%| F|  |TAMS 0x0000000743c00000, 0x0000000743c00000| Untracked 
| 543|0x0000000743e00000, 0x0000000743e00000, 0x0000000744000000|  0%| F|  |TAMS 0x0000000743e00000, 0x0000000743e00000| Untracked 
| 544|0x0000000744000000, 0x0000000744000000, 0x0000000744200000|  0%| F|  |TAMS 0x0000000744000000, 0x0000000744000000| Untracked 
| 545|0x0000000744200000, 0x0000000744200000, 0x0000000744400000|  0%| F|  |TAMS 0x0000000744200000, 0x0000000744200000| Untracked 
| 546|0x0000000744400000, 0x0000000744400000, 0x0000000744600000|  0%| F|  |TAMS 0x0000000744400000, 0x0000000744400000| Untracked 
| 547|0x0000000744600000, 0x0000000744600000, 0x0000000744800000|  0%| F|  |TAMS 0x0000000744600000, 0x0000000744600000| Untracked 
| 548|0x0000000744800000, 0x0000000744800000, 0x0000000744a00000|  0%| F|  |TAMS 0x0000000744800000, 0x0000000744800000| Untracked 
| 549|0x0000000744a00000, 0x0000000744a00000, 0x0000000744c00000|  0%| F|  |TAMS 0x0000000744a00000, 0x0000000744a00000| Untracked 
| 550|0x0000000744c00000, 0x0000000744c00000, 0x0000000744e00000|  0%| F|  |TAMS 0x0000000744c00000, 0x0000000744c00000| Untracked 
| 551|0x0000000744e00000, 0x0000000744e00000, 0x0000000745000000|  0%| F|  |TAMS 0x0000000744e00000, 0x0000000744e00000| Untracked 
| 552|0x0000000745000000, 0x0000000745000000, 0x0000000745200000|  0%| F|  |TAMS 0x0000000745000000, 0x0000000745000000| Untracked 
| 553|0x0000000745200000, 0x0000000745200000, 0x0000000745400000|  0%| F|  |TAMS 0x0000000745200000, 0x0000000745200000| Untracked 
| 554|0x0000000745400000, 0x0000000745400000, 0x0000000745600000|  0%| F|  |TAMS 0x0000000745400000, 0x0000000745400000| Untracked 
| 555|0x0000000745600000, 0x0000000745600000, 0x0000000745800000|  0%| F|  |TAMS 0x0000000745600000, 0x0000000745600000| Untracked 
| 556|0x0000000745800000, 0x0000000745800000, 0x0000000745a00000|  0%| F|  |TAMS 0x0000000745800000, 0x0000000745800000| Untracked 
| 557|0x0000000745a00000, 0x0000000745a00000, 0x0000000745c00000|  0%| F|  |TAMS 0x0000000745a00000, 0x0000000745a00000| Untracked 
| 558|0x0000000745c00000, 0x0000000745c00000, 0x0000000745e00000|  0%| F|  |TAMS 0x0000000745c00000, 0x0000000745c00000| Untracked 
| 559|0x0000000745e00000, 0x0000000745e00000, 0x0000000746000000|  0%| F|  |TAMS 0x0000000745e00000, 0x0000000745e00000| Untracked 
| 560|0x0000000746000000, 0x0000000746000000, 0x0000000746200000|  0%| F|  |TAMS 0x0000000746000000, 0x0000000746000000| Untracked 
| 561|0x0000000746200000, 0x0000000746200000, 0x0000000746400000|  0%| F|  |TAMS 0x0000000746200000, 0x0000000746200000| Untracked 
| 562|0x0000000746400000, 0x0000000746400000, 0x0000000746600000|  0%| F|  |TAMS 0x0000000746400000, 0x0000000746400000| Untracked 
| 563|0x0000000746600000, 0x0000000746600000, 0x0000000746800000|  0%| F|  |TAMS 0x0000000746600000, 0x0000000746600000| Untracked 
| 564|0x0000000746800000, 0x0000000746800000, 0x0000000746a00000|  0%| F|  |TAMS 0x0000000746800000, 0x0000000746800000| Untracked 
| 565|0x0000000746a00000, 0x0000000746a00000, 0x0000000746c00000|  0%| F|  |TAMS 0x0000000746a00000, 0x0000000746a00000| Untracked 
| 566|0x0000000746c00000, 0x0000000746c00000, 0x0000000746e00000|  0%| F|  |TAMS 0x0000000746c00000, 0x0000000746c00000| Untracked 
| 567|0x0000000746e00000, 0x0000000746e00000, 0x0000000747000000|  0%| F|  |TAMS 0x0000000746e00000, 0x0000000746e00000| Untracked 
| 568|0x0000000747000000, 0x0000000747000000, 0x0000000747200000|  0%| F|  |TAMS 0x0000000747000000, 0x0000000747000000| Untracked 
| 569|0x0000000747200000, 0x0000000747200000, 0x0000000747400000|  0%| F|  |TAMS 0x0000000747200000, 0x0000000747200000| Untracked 
| 570|0x0000000747400000, 0x0000000747400000, 0x0000000747600000|  0%| F|  |TAMS 0x0000000747400000, 0x0000000747400000| Untracked 
| 571|0x0000000747600000, 0x0000000747600000, 0x0000000747800000|  0%| F|  |TAMS 0x0000000747600000, 0x0000000747600000| Untracked 
| 572|0x0000000747800000, 0x0000000747800000, 0x0000000747a00000|  0%| F|  |TAMS 0x0000000747800000, 0x0000000747800000| Untracked 
| 573|0x0000000747a00000, 0x0000000747a00000, 0x0000000747c00000|  0%| F|  |TAMS 0x0000000747a00000, 0x0000000747a00000| Untracked 
| 574|0x0000000747c00000, 0x0000000747c00000, 0x0000000747e00000|  0%| F|  |TAMS 0x0000000747c00000, 0x0000000747c00000| Untracked 
| 575|0x0000000747e00000, 0x0000000747e00000, 0x0000000748000000|  0%| F|  |TAMS 0x0000000747e00000, 0x0000000747e00000| Untracked 
| 576|0x0000000748000000, 0x0000000748000000, 0x0000000748200000|  0%| F|  |TAMS 0x0000000748000000, 0x0000000748000000| Untracked 
| 577|0x0000000748200000, 0x0000000748200000, 0x0000000748400000|  0%| F|  |TAMS 0x0000000748200000, 0x0000000748200000| Untracked 
| 578|0x0000000748400000, 0x0000000748400000, 0x0000000748600000|  0%| F|  |TAMS 0x0000000748400000, 0x0000000748400000| Untracked 
| 579|0x0000000748600000, 0x0000000748600000, 0x0000000748800000|  0%| F|  |TAMS 0x0000000748600000, 0x0000000748600000| Untracked 
| 580|0x0000000748800000, 0x0000000748800000, 0x0000000748a00000|  0%| F|  |TAMS 0x0000000748800000, 0x0000000748800000| Untracked 
| 581|0x0000000748a00000, 0x0000000748a00000, 0x0000000748c00000|  0%| F|  |TAMS 0x0000000748a00000, 0x0000000748a00000| Untracked 
| 582|0x0000000748c00000, 0x0000000748c00000, 0x0000000748e00000|  0%| F|  |TAMS 0x0000000748c00000, 0x0000000748c00000| Untracked 
| 583|0x0000000748e00000, 0x0000000748e00000, 0x0000000749000000|  0%| F|  |TAMS 0x0000000748e00000, 0x0000000748e00000| Untracked 
| 584|0x0000000749000000, 0x0000000749000000, 0x0000000749200000|  0%| F|  |TAMS 0x0000000749000000, 0x0000000749000000| Untracked 
| 585|0x0000000749200000, 0x0000000749200000, 0x0000000749400000|  0%| F|  |TAMS 0x0000000749200000, 0x0000000749200000| Untracked 
| 586|0x0000000749400000, 0x0000000749400000, 0x0000000749600000|  0%| F|  |TAMS 0x0000000749400000, 0x0000000749400000| Untracked 
| 587|0x0000000749600000, 0x0000000749600000, 0x0000000749800000|  0%| F|  |TAMS 0x0000000749600000, 0x0000000749600000| Untracked 
| 588|0x0000000749800000, 0x0000000749800000, 0x0000000749a00000|  0%| F|  |TAMS 0x0000000749800000, 0x0000000749800000| Untracked 
| 589|0x0000000749a00000, 0x0000000749a00000, 0x0000000749c00000|  0%| F|  |TAMS 0x0000000749a00000, 0x0000000749a00000| Untracked 
| 590|0x0000000749c00000, 0x0000000749c00000, 0x0000000749e00000|  0%| F|  |TAMS 0x0000000749c00000, 0x0000000749c00000| Untracked 
| 591|0x0000000749e00000, 0x0000000749e00000, 0x000000074a000000|  0%| F|  |TAMS 0x0000000749e00000, 0x0000000749e00000| Untracked 
| 592|0x000000074a000000, 0x000000074a000000, 0x000000074a200000|  0%| F|  |TAMS 0x000000074a000000, 0x000000074a000000| Untracked 
| 593|0x000000074a200000, 0x000000074a200000, 0x000000074a400000|  0%| F|  |TAMS 0x000000074a200000, 0x000000074a200000| Untracked 
| 594|0x000000074a400000, 0x000000074a400000, 0x000000074a600000|  0%| F|  |TAMS 0x000000074a400000, 0x000000074a400000| Untracked 
| 595|0x000000074a600000, 0x000000074a600000, 0x000000074a800000|  0%| F|  |TAMS 0x000000074a600000, 0x000000074a600000| Untracked 
| 596|0x000000074a800000, 0x000000074a800000, 0x000000074aa00000|  0%| F|  |TAMS 0x000000074a800000, 0x000000074a800000| Untracked 
| 597|0x000000074aa00000, 0x000000074aa00000, 0x000000074ac00000|  0%| F|  |TAMS 0x000000074aa00000, 0x000000074aa00000| Untracked 
| 598|0x000000074ac00000, 0x000000074ac00000, 0x000000074ae00000|  0%| F|  |TAMS 0x000000074ac00000, 0x000000074ac00000| Untracked 
| 599|0x000000074ae00000, 0x000000074ae00000, 0x000000074b000000|  0%| F|  |TAMS 0x000000074ae00000, 0x000000074ae00000| Untracked 
| 600|0x000000074b000000, 0x000000074b000000, 0x000000074b200000|  0%| F|  |TAMS 0x000000074b000000, 0x000000074b000000| Untracked 
| 601|0x000000074b200000, 0x000000074b200000, 0x000000074b400000|  0%| F|  |TAMS 0x000000074b200000, 0x000000074b200000| Untracked 
| 602|0x000000074b400000, 0x000000074b400000, 0x000000074b600000|  0%| F|  |TAMS 0x000000074b400000, 0x000000074b400000| Untracked 
| 603|0x000000074b600000, 0x000000074b600000, 0x000000074b800000|  0%| F|  |TAMS 0x000000074b600000, 0x000000074b600000| Untracked 
| 604|0x000000074b800000, 0x000000074b800000, 0x000000074ba00000|  0%| F|  |TAMS 0x000000074b800000, 0x000000074b800000| Untracked 
| 605|0x000000074ba00000, 0x000000074ba00000, 0x000000074bc00000|  0%| F|  |TAMS 0x000000074ba00000, 0x000000074ba00000| Untracked 
| 606|0x000000074bc00000, 0x000000074bc00000, 0x000000074be00000|  0%| F|  |TAMS 0x000000074bc00000, 0x000000074bc00000| Untracked 
| 607|0x000000074be00000, 0x000000074be00000, 0x000000074c000000|  0%| F|  |TAMS 0x000000074be00000, 0x000000074be00000| Untracked 
| 608|0x000000074c000000, 0x000000074c000000, 0x000000074c200000|  0%| F|  |TAMS 0x000000074c000000, 0x000000074c000000| Untracked 
| 609|0x000000074c200000, 0x000000074c200000, 0x000000074c400000|  0%| F|  |TAMS 0x000000074c200000, 0x000000074c200000| Untracked 
| 610|0x000000074c400000, 0x000000074c400000, 0x000000074c600000|  0%| F|  |TAMS 0x000000074c400000, 0x000000074c400000| Untracked 
| 611|0x000000074c600000, 0x000000074c600000, 0x000000074c800000|  0%| F|  |TAMS 0x000000074c600000, 0x000000074c600000| Untracked 
| 612|0x000000074c800000, 0x000000074c800000, 0x000000074ca00000|  0%| F|  |TAMS 0x000000074c800000, 0x000000074c800000| Untracked 
| 613|0x000000074ca00000, 0x000000074ca00000, 0x000000074cc00000|  0%| F|  |TAMS 0x000000074ca00000, 0x000000074ca00000| Untracked 
| 614|0x000000074cc00000, 0x000000074cc00000, 0x000000074ce00000|  0%| F|  |TAMS 0x000000074cc00000, 0x000000074cc00000| Untracked 
| 615|0x000000074ce00000, 0x000000074ce00000, 0x000000074d000000|  0%| F|  |TAMS 0x000000074ce00000, 0x000000074ce00000| Untracked 
| 616|0x000000074d000000, 0x000000074d000000, 0x000000074d200000|  0%| F|  |TAMS 0x000000074d000000, 0x000000074d000000| Untracked 
| 617|0x000000074d200000, 0x000000074d200000, 0x000000074d400000|  0%| F|  |TAMS 0x000000074d200000, 0x000000074d200000| Untracked 
| 618|0x000000074d400000, 0x000000074d400000, 0x000000074d600000|  0%| F|  |TAMS 0x000000074d400000, 0x000000074d400000| Untracked 
| 619|0x000000074d600000, 0x000000074d600000, 0x000000074d800000|  0%| F|  |TAMS 0x000000074d600000, 0x000000074d600000| Untracked 
| 620|0x000000074d800000, 0x000000074d800000, 0x000000074da00000|  0%| F|  |TAMS 0x000000074d800000, 0x000000074d800000| Untracked 
| 621|0x000000074da00000, 0x000000074da00000, 0x000000074dc00000|  0%| F|  |TAMS 0x000000074da00000, 0x000000074da00000| Untracked 
| 622|0x000000074dc00000, 0x000000074dc00000, 0x000000074de00000|  0%| F|  |TAMS 0x000000074dc00000, 0x000000074dc00000| Untracked 
| 623|0x000000074de00000, 0x000000074de00000, 0x000000074e000000|  0%| F|  |TAMS 0x000000074de00000, 0x000000074de00000| Untracked 
| 624|0x000000074e000000, 0x000000074e000000, 0x000000074e200000|  0%| F|  |TAMS 0x000000074e000000, 0x000000074e000000| Untracked 
| 625|0x000000074e200000, 0x000000074e200000, 0x000000074e400000|  0%| F|  |TAMS 0x000000074e200000, 0x000000074e200000| Untracked 
| 626|0x000000074e400000, 0x000000074e400000, 0x000000074e600000|  0%| F|  |TAMS 0x000000074e400000, 0x000000074e400000| Untracked 
| 627|0x000000074e600000, 0x000000074e600000, 0x000000074e800000|  0%| F|  |TAMS 0x000000074e600000, 0x000000074e600000| Untracked 
| 628|0x000000074e800000, 0x000000074e800000, 0x000000074ea00000|  0%| F|  |TAMS 0x000000074e800000, 0x000000074e800000| Untracked 
| 629|0x000000074ea00000, 0x000000074ea00000, 0x000000074ec00000|  0%| F|  |TAMS 0x000000074ea00000, 0x000000074ea00000| Untracked 
| 630|0x000000074ec00000, 0x000000074ec00000, 0x000000074ee00000|  0%| F|  |TAMS 0x000000074ec00000, 0x000000074ec00000| Untracked 
| 631|0x000000074ee00000, 0x000000074ee00000, 0x000000074f000000|  0%| F|  |TAMS 0x000000074ee00000, 0x000000074ee00000| Untracked 
| 632|0x000000074f000000, 0x000000074f000000, 0x000000074f200000|  0%| F|  |TAMS 0x000000074f000000, 0x000000074f000000| Untracked 
| 633|0x000000074f200000, 0x000000074f200000, 0x000000074f400000|  0%| F|  |TAMS 0x000000074f200000, 0x000000074f200000| Untracked 
| 634|0x000000074f400000, 0x000000074f400000, 0x000000074f600000|  0%| F|  |TAMS 0x000000074f400000, 0x000000074f400000| Untracked 
| 635|0x000000074f600000, 0x000000074f600000, 0x000000074f800000|  0%| F|  |TAMS 0x000000074f600000, 0x000000074f600000| Untracked 
| 636|0x000000074f800000, 0x000000074f800000, 0x000000074fa00000|  0%| F|  |TAMS 0x000000074f800000, 0x000000074f800000| Untracked 
| 637|0x000000074fa00000, 0x000000074fa00000, 0x000000074fc00000|  0%| F|  |TAMS 0x000000074fa00000, 0x000000074fa00000| Untracked 
| 638|0x000000074fc00000, 0x000000074fc00000, 0x000000074fe00000|  0%| F|  |TAMS 0x000000074fc00000, 0x000000074fc00000| Untracked 
| 639|0x000000074fe00000, 0x000000074fe00000, 0x0000000750000000|  0%| F|  |TAMS 0x000000074fe00000, 0x000000074fe00000| Untracked 
| 640|0x0000000750000000, 0x0000000750000000, 0x0000000750200000|  0%| F|  |TAMS 0x0000000750000000, 0x0000000750000000| Untracked 
| 641|0x0000000750200000, 0x0000000750200000, 0x0000000750400000|  0%| F|  |TAMS 0x0000000750200000, 0x0000000750200000| Untracked 
| 642|0x0000000750400000, 0x0000000750400000, 0x0000000750600000|  0%| F|  |TAMS 0x0000000750400000, 0x0000000750400000| Untracked 
| 643|0x0000000750600000, 0x0000000750600000, 0x0000000750800000|  0%| F|  |TAMS 0x0000000750600000, 0x0000000750600000| Untracked 
| 644|0x0000000750800000, 0x0000000750800000, 0x0000000750a00000|  0%| F|  |TAMS 0x0000000750800000, 0x0000000750800000| Untracked 
| 645|0x0000000750a00000, 0x0000000750a00000, 0x0000000750c00000|  0%| F|  |TAMS 0x0000000750a00000, 0x0000000750a00000| Untracked 
| 646|0x0000000750c00000, 0x0000000750c00000, 0x0000000750e00000|  0%| F|  |TAMS 0x0000000750c00000, 0x0000000750c00000| Untracked 
| 647|0x0000000750e00000, 0x0000000750e00000, 0x0000000751000000|  0%| F|  |TAMS 0x0000000750e00000, 0x0000000750e00000| Untracked 
| 648|0x0000000751000000, 0x0000000751000000, 0x0000000751200000|  0%| F|  |TAMS 0x0000000751000000, 0x0000000751000000| Untracked 
| 649|0x0000000751200000, 0x0000000751200000, 0x0000000751400000|  0%| F|  |TAMS 0x0000000751200000, 0x0000000751200000| Untracked 
| 650|0x0000000751400000, 0x0000000751400000, 0x0000000751600000|  0%| F|  |TAMS 0x0000000751400000, 0x0000000751400000| Untracked 
| 651|0x0000000751600000, 0x0000000751600000, 0x0000000751800000|  0%| F|  |TAMS 0x0000000751600000, 0x0000000751600000| Untracked 
| 652|0x0000000751800000, 0x0000000751800000, 0x0000000751a00000|  0%| F|  |TAMS 0x0000000751800000, 0x0000000751800000| Untracked 
| 653|0x0000000751a00000, 0x0000000751a00000, 0x0000000751c00000|  0%| F|  |TAMS 0x0000000751a00000, 0x0000000751a00000| Untracked 
| 654|0x0000000751c00000, 0x0000000751c00000, 0x0000000751e00000|  0%| F|  |TAMS 0x0000000751c00000, 0x0000000751c00000| Untracked 
| 655|0x0000000751e00000, 0x0000000751e00000, 0x0000000752000000|  0%| F|  |TAMS 0x0000000751e00000, 0x0000000751e00000| Untracked 
| 656|0x0000000752000000, 0x0000000752000000, 0x0000000752200000|  0%| F|  |TAMS 0x0000000752000000, 0x0000000752000000| Untracked 
| 657|0x0000000752200000, 0x0000000752200000, 0x0000000752400000|  0%| F|  |TAMS 0x0000000752200000, 0x0000000752200000| Untracked 
| 658|0x0000000752400000, 0x0000000752400000, 0x0000000752600000|  0%| F|  |TAMS 0x0000000752400000, 0x0000000752400000| Untracked 
| 659|0x0000000752600000, 0x0000000752600000, 0x0000000752800000|  0%| F|  |TAMS 0x0000000752600000, 0x0000000752600000| Untracked 
| 660|0x0000000752800000, 0x0000000752800000, 0x0000000752a00000|  0%| F|  |TAMS 0x0000000752800000, 0x0000000752800000| Untracked 
| 661|0x0000000752a00000, 0x0000000752a00000, 0x0000000752c00000|  0%| F|  |TAMS 0x0000000752a00000, 0x0000000752a00000| Untracked 
| 662|0x0000000752c00000, 0x0000000752c00000, 0x0000000752e00000|  0%| F|  |TAMS 0x0000000752c00000, 0x0000000752c00000| Untracked 
| 663|0x0000000752e00000, 0x0000000752e00000, 0x0000000753000000|  0%| F|  |TAMS 0x0000000752e00000, 0x0000000752e00000| Untracked 
| 664|0x0000000753000000, 0x0000000753000000, 0x0000000753200000|  0%| F|  |TAMS 0x0000000753000000, 0x0000000753000000| Untracked 
| 665|0x0000000753200000, 0x0000000753200000, 0x0000000753400000|  0%| F|  |TAMS 0x0000000753200000, 0x0000000753200000| Untracked 
| 666|0x0000000753400000, 0x0000000753400000, 0x0000000753600000|  0%| F|  |TAMS 0x0000000753400000, 0x0000000753400000| Untracked 
| 667|0x0000000753600000, 0x0000000753600000, 0x0000000753800000|  0%| F|  |TAMS 0x0000000753600000, 0x0000000753600000| Untracked 
| 668|0x0000000753800000, 0x0000000753800000, 0x0000000753a00000|  0%| F|  |TAMS 0x0000000753800000, 0x0000000753800000| Untracked 
| 669|0x0000000753a00000, 0x0000000753a00000, 0x0000000753c00000|  0%| F|  |TAMS 0x0000000753a00000, 0x0000000753a00000| Untracked 
| 670|0x0000000753c00000, 0x0000000753c00000, 0x0000000753e00000|  0%| F|  |TAMS 0x0000000753c00000, 0x0000000753c00000| Untracked 
| 671|0x0000000753e00000, 0x0000000753e00000, 0x0000000754000000|  0%| F|  |TAMS 0x0000000753e00000, 0x0000000753e00000| Untracked 
| 672|0x0000000754000000, 0x0000000754000000, 0x0000000754200000|  0%| F|  |TAMS 0x0000000754000000, 0x0000000754000000| Untracked 
| 673|0x0000000754200000, 0x0000000754200000, 0x0000000754400000|  0%| F|  |TAMS 0x0000000754200000, 0x0000000754200000| Untracked 
| 674|0x0000000754400000, 0x0000000754400000, 0x0000000754600000|  0%| F|  |TAMS 0x0000000754400000, 0x0000000754400000| Untracked 
| 675|0x0000000754600000, 0x0000000754600000, 0x0000000754800000|  0%| F|  |TAMS 0x0000000754600000, 0x0000000754600000| Untracked 
| 676|0x0000000754800000, 0x0000000754800000, 0x0000000754a00000|  0%| F|  |TAMS 0x0000000754800000, 0x0000000754800000| Untracked 
| 677|0x0000000754a00000, 0x0000000754a00000, 0x0000000754c00000|  0%| F|  |TAMS 0x0000000754a00000, 0x0000000754a00000| Untracked 
| 678|0x0000000754c00000, 0x0000000754c00000, 0x0000000754e00000|  0%| F|  |TAMS 0x0000000754c00000, 0x0000000754c00000| Untracked 
| 679|0x0000000754e00000, 0x0000000754e00000, 0x0000000755000000|  0%| F|  |TAMS 0x0000000754e00000, 0x0000000754e00000| Untracked 
| 680|0x0000000755000000, 0x0000000755000000, 0x0000000755200000|  0%| F|  |TAMS 0x0000000755000000, 0x0000000755000000| Untracked 
| 681|0x0000000755200000, 0x0000000755200000, 0x0000000755400000|  0%| F|  |TAMS 0x0000000755200000, 0x0000000755200000| Untracked 
| 682|0x0000000755400000, 0x0000000755400000, 0x0000000755600000|  0%| F|  |TAMS 0x0000000755400000, 0x0000000755400000| Untracked 
| 683|0x0000000755600000, 0x0000000755600000, 0x0000000755800000|  0%| F|  |TAMS 0x0000000755600000, 0x0000000755600000| Untracked 
| 684|0x0000000755800000, 0x0000000755800000, 0x0000000755a00000|  0%| F|  |TAMS 0x0000000755800000, 0x0000000755800000| Untracked 
| 685|0x0000000755a00000, 0x0000000755a00000, 0x0000000755c00000|  0%| F|  |TAMS 0x0000000755a00000, 0x0000000755a00000| Untracked 
| 686|0x0000000755c00000, 0x0000000755c00000, 0x0000000755e00000|  0%| F|  |TAMS 0x0000000755c00000, 0x0000000755c00000| Untracked 
| 687|0x0000000755e00000, 0x0000000755e00000, 0x0000000756000000|  0%| F|  |TAMS 0x0000000755e00000, 0x0000000755e00000| Untracked 
| 688|0x0000000756000000, 0x0000000756000000, 0x0000000756200000|  0%| F|  |TAMS 0x0000000756000000, 0x0000000756000000| Untracked 
| 689|0x0000000756200000, 0x0000000756200000, 0x0000000756400000|  0%| F|  |TAMS 0x0000000756200000, 0x0000000756200000| Untracked 
| 690|0x0000000756400000, 0x0000000756400000, 0x0000000756600000|  0%| F|  |TAMS 0x0000000756400000, 0x0000000756400000| Untracked 
| 691|0x0000000756600000, 0x0000000756600000, 0x0000000756800000|  0%| F|  |TAMS 0x0000000756600000, 0x0000000756600000| Untracked 
| 692|0x0000000756800000, 0x0000000756800000, 0x0000000756a00000|  0%| F|  |TAMS 0x0000000756800000, 0x0000000756800000| Untracked 
| 693|0x0000000756a00000, 0x0000000756a00000, 0x0000000756c00000|  0%| F|  |TAMS 0x0000000756a00000, 0x0000000756a00000| Untracked 
| 694|0x0000000756c00000, 0x0000000756c00000, 0x0000000756e00000|  0%| F|  |TAMS 0x0000000756c00000, 0x0000000756c00000| Untracked 
| 695|0x0000000756e00000, 0x0000000756e00000, 0x0000000757000000|  0%| F|  |TAMS 0x0000000756e00000, 0x0000000756e00000| Untracked 
| 696|0x0000000757000000, 0x0000000757000000, 0x0000000757200000|  0%| F|  |TAMS 0x0000000757000000, 0x0000000757000000| Untracked 
| 697|0x0000000757200000, 0x0000000757200000, 0x0000000757400000|  0%| F|  |TAMS 0x0000000757200000, 0x0000000757200000| Untracked 
| 698|0x0000000757400000, 0x0000000757400000, 0x0000000757600000|  0%| F|  |TAMS 0x0000000757400000, 0x0000000757400000| Untracked 
| 699|0x0000000757600000, 0x0000000757600000, 0x0000000757800000|  0%| F|  |TAMS 0x0000000757600000, 0x0000000757600000| Untracked 
| 700|0x0000000757800000, 0x0000000757800000, 0x0000000757a00000|  0%| F|  |TAMS 0x0000000757800000, 0x0000000757800000| Untracked 
| 701|0x0000000757a00000, 0x0000000757a00000, 0x0000000757c00000|  0%| F|  |TAMS 0x0000000757a00000, 0x0000000757a00000| Untracked 
| 702|0x0000000757c00000, 0x0000000757c00000, 0x0000000757e00000|  0%| F|  |TAMS 0x0000000757c00000, 0x0000000757c00000| Untracked 
| 703|0x0000000757e00000, 0x0000000757e00000, 0x0000000758000000|  0%| F|  |TAMS 0x0000000757e00000, 0x0000000757e00000| Untracked 
| 704|0x0000000758000000, 0x0000000758000000, 0x0000000758200000|  0%| F|  |TAMS 0x0000000758000000, 0x0000000758000000| Untracked 
| 705|0x0000000758200000, 0x0000000758200000, 0x0000000758400000|  0%| F|  |TAMS 0x0000000758200000, 0x0000000758200000| Untracked 
| 706|0x0000000758400000, 0x0000000758400000, 0x0000000758600000|  0%| F|  |TAMS 0x0000000758400000, 0x0000000758400000| Untracked 
| 707|0x0000000758600000, 0x0000000758600000, 0x0000000758800000|  0%| F|  |TAMS 0x0000000758600000, 0x0000000758600000| Untracked 
| 708|0x0000000758800000, 0x0000000758800000, 0x0000000758a00000|  0%| F|  |TAMS 0x0000000758800000, 0x0000000758800000| Untracked 
| 709|0x0000000758a00000, 0x0000000758a00000, 0x0000000758c00000|  0%| F|  |TAMS 0x0000000758a00000, 0x0000000758a00000| Untracked 
| 710|0x0000000758c00000, 0x0000000758c00000, 0x0000000758e00000|  0%| F|  |TAMS 0x0000000758c00000, 0x0000000758c00000| Untracked 
| 711|0x0000000758e00000, 0x0000000758e00000, 0x0000000759000000|  0%| F|  |TAMS 0x0000000758e00000, 0x0000000758e00000| Untracked 
| 712|0x0000000759000000, 0x0000000759000000, 0x0000000759200000|  0%| F|  |TAMS 0x0000000759000000, 0x0000000759000000| Untracked 
| 713|0x0000000759200000, 0x0000000759200000, 0x0000000759400000|  0%| F|  |TAMS 0x0000000759200000, 0x0000000759200000| Untracked 
| 714|0x0000000759400000, 0x0000000759400000, 0x0000000759600000|  0%| F|  |TAMS 0x0000000759400000, 0x0000000759400000| Untracked 
| 715|0x0000000759600000, 0x0000000759600000, 0x0000000759800000|  0%| F|  |TAMS 0x0000000759600000, 0x0000000759600000| Untracked 
| 716|0x0000000759800000, 0x0000000759800000, 0x0000000759a00000|  0%| F|  |TAMS 0x0000000759800000, 0x0000000759800000| Untracked 
| 717|0x0000000759a00000, 0x0000000759a00000, 0x0000000759c00000|  0%| F|  |TAMS 0x0000000759a00000, 0x0000000759a00000| Untracked 
| 718|0x0000000759c00000, 0x0000000759c00000, 0x0000000759e00000|  0%| F|  |TAMS 0x0000000759c00000, 0x0000000759c00000| Untracked 
| 719|0x0000000759e00000, 0x0000000759e00000, 0x000000075a000000|  0%| F|  |TAMS 0x0000000759e00000, 0x0000000759e00000| Untracked 
| 720|0x000000075a000000, 0x000000075a000000, 0x000000075a200000|  0%| F|  |TAMS 0x000000075a000000, 0x000000075a000000| Untracked 
| 721|0x000000075a200000, 0x000000075a200000, 0x000000075a400000|  0%| F|  |TAMS 0x000000075a200000, 0x000000075a200000| Untracked 
| 722|0x000000075a400000, 0x000000075a400000, 0x000000075a600000|  0%| F|  |TAMS 0x000000075a400000, 0x000000075a400000| Untracked 
| 723|0x000000075a600000, 0x000000075a600000, 0x000000075a800000|  0%| F|  |TAMS 0x000000075a600000, 0x000000075a600000| Untracked 
| 724|0x000000075a800000, 0x000000075a800000, 0x000000075aa00000|  0%| F|  |TAMS 0x000000075a800000, 0x000000075a800000| Untracked 
| 725|0x000000075aa00000, 0x000000075aa00000, 0x000000075ac00000|  0%| F|  |TAMS 0x000000075aa00000, 0x000000075aa00000| Untracked 
| 726|0x000000075ac00000, 0x000000075ac00000, 0x000000075ae00000|  0%| F|  |TAMS 0x000000075ac00000, 0x000000075ac00000| Untracked 
| 727|0x000000075ae00000, 0x000000075ae00000, 0x000000075b000000|  0%| F|  |TAMS 0x000000075ae00000, 0x000000075ae00000| Untracked 
| 728|0x000000075b000000, 0x000000075b000000, 0x000000075b200000|  0%| F|  |TAMS 0x000000075b000000, 0x000000075b000000| Untracked 
| 729|0x000000075b200000, 0x000000075b200000, 0x000000075b400000|  0%| F|  |TAMS 0x000000075b200000, 0x000000075b200000| Untracked 
| 730|0x000000075b400000, 0x000000075b400000, 0x000000075b600000|  0%| F|  |TAMS 0x000000075b400000, 0x000000075b400000| Untracked 
| 731|0x000000075b600000, 0x000000075b600000, 0x000000075b800000|  0%| F|  |TAMS 0x000000075b600000, 0x000000075b600000| Untracked 
| 732|0x000000075b800000, 0x000000075b800000, 0x000000075ba00000|  0%| F|  |TAMS 0x000000075b800000, 0x000000075b800000| Untracked 
| 733|0x000000075ba00000, 0x000000075ba00000, 0x000000075bc00000|  0%| F|  |TAMS 0x000000075ba00000, 0x000000075ba00000| Untracked 
| 734|0x000000075bc00000, 0x000000075bc00000, 0x000000075be00000|  0%| F|  |TAMS 0x000000075bc00000, 0x000000075bc00000| Untracked 
| 735|0x000000075be00000, 0x000000075be00000, 0x000000075c000000|  0%| F|  |TAMS 0x000000075be00000, 0x000000075be00000| Untracked 
| 736|0x000000075c000000, 0x000000075c000000, 0x000000075c200000|  0%| F|  |TAMS 0x000000075c000000, 0x000000075c000000| Untracked 
| 737|0x000000075c200000, 0x000000075c200000, 0x000000075c400000|  0%| F|  |TAMS 0x000000075c200000, 0x000000075c200000| Untracked 
| 738|0x000000075c400000, 0x000000075c400000, 0x000000075c600000|  0%| F|  |TAMS 0x000000075c400000, 0x000000075c400000| Untracked 
| 739|0x000000075c600000, 0x000000075c600000, 0x000000075c800000|  0%| F|  |TAMS 0x000000075c600000, 0x000000075c600000| Untracked 
| 740|0x000000075c800000, 0x000000075c800000, 0x000000075ca00000|  0%| F|  |TAMS 0x000000075c800000, 0x000000075c800000| Untracked 
| 741|0x000000075ca00000, 0x000000075ca00000, 0x000000075cc00000|  0%| F|  |TAMS 0x000000075ca00000, 0x000000075ca00000| Untracked 
| 742|0x000000075cc00000, 0x000000075cc00000, 0x000000075ce00000|  0%| F|  |TAMS 0x000000075cc00000, 0x000000075cc00000| Untracked 
| 743|0x000000075ce00000, 0x000000075ce00000, 0x000000075d000000|  0%| F|  |TAMS 0x000000075ce00000, 0x000000075ce00000| Untracked 
| 744|0x000000075d000000, 0x000000075d000000, 0x000000075d200000|  0%| F|  |TAMS 0x000000075d000000, 0x000000075d000000| Untracked 
| 745|0x000000075d200000, 0x000000075d200000, 0x000000075d400000|  0%| F|  |TAMS 0x000000075d200000, 0x000000075d200000| Untracked 
| 746|0x000000075d400000, 0x000000075d400000, 0x000000075d600000|  0%| F|  |TAMS 0x000000075d400000, 0x000000075d400000| Untracked 
| 747|0x000000075d600000, 0x000000075d600000, 0x000000075d800000|  0%| F|  |TAMS 0x000000075d600000, 0x000000075d600000| Untracked 
| 748|0x000000075d800000, 0x000000075d800000, 0x000000075da00000|  0%| F|  |TAMS 0x000000075d800000, 0x000000075d800000| Untracked 
| 749|0x000000075da00000, 0x000000075da00000, 0x000000075dc00000|  0%| F|  |TAMS 0x000000075da00000, 0x000000075da00000| Untracked 
| 750|0x000000075dc00000, 0x000000075dc00000, 0x000000075de00000|  0%| F|  |TAMS 0x000000075dc00000, 0x000000075dc00000| Untracked 
| 751|0x000000075de00000, 0x000000075de00000, 0x000000075e000000|  0%| F|  |TAMS 0x000000075de00000, 0x000000075de00000| Untracked 
| 752|0x000000075e000000, 0x000000075e000000, 0x000000075e200000|  0%| F|  |TAMS 0x000000075e000000, 0x000000075e000000| Untracked 
| 753|0x000000075e200000, 0x000000075e200000, 0x000000075e400000|  0%| F|  |TAMS 0x000000075e200000, 0x000000075e200000| Untracked 
| 754|0x000000075e400000, 0x000000075e400000, 0x000000075e600000|  0%| F|  |TAMS 0x000000075e400000, 0x000000075e400000| Untracked 
| 755|0x000000075e600000, 0x000000075e600000, 0x000000075e800000|  0%| F|  |TAMS 0x000000075e600000, 0x000000075e600000| Untracked 
| 756|0x000000075e800000, 0x000000075e800000, 0x000000075ea00000|  0%| F|  |TAMS 0x000000075e800000, 0x000000075e800000| Untracked 
| 757|0x000000075ea00000, 0x000000075ea00000, 0x000000075ec00000|  0%| F|  |TAMS 0x000000075ea00000, 0x000000075ea00000| Untracked 
| 758|0x000000075ec00000, 0x000000075ec00000, 0x000000075ee00000|  0%| F|  |TAMS 0x000000075ec00000, 0x000000075ec00000| Untracked 
| 759|0x000000075ee00000, 0x000000075ee00000, 0x000000075f000000|  0%| F|  |TAMS 0x000000075ee00000, 0x000000075ee00000| Untracked 
| 760|0x000000075f000000, 0x000000075f000000, 0x000000075f200000|  0%| F|  |TAMS 0x000000075f000000, 0x000000075f000000| Untracked 
| 761|0x000000075f200000, 0x000000075f200000, 0x000000075f400000|  0%| F|  |TAMS 0x000000075f200000, 0x000000075f200000| Untracked 
| 762|0x000000075f400000, 0x000000075f400000, 0x000000075f600000|  0%| F|  |TAMS 0x000000075f400000, 0x000000075f400000| Untracked 
| 763|0x000000075f600000, 0x000000075f600000, 0x000000075f800000|  0%| F|  |TAMS 0x000000075f600000, 0x000000075f600000| Untracked 
| 764|0x000000075f800000, 0x000000075f800000, 0x000000075fa00000|  0%| F|  |TAMS 0x000000075f800000, 0x000000075f800000| Untracked 
| 765|0x000000075fa00000, 0x000000075fa00000, 0x000000075fc00000|  0%| F|  |TAMS 0x000000075fa00000, 0x000000075fa00000| Untracked 
| 766|0x000000075fc00000, 0x000000075fc00000, 0x000000075fe00000|  0%| F|  |TAMS 0x000000075fc00000, 0x000000075fc00000| Untracked 
| 767|0x000000075fe00000, 0x000000075fe00000, 0x0000000760000000|  0%| F|  |TAMS 0x000000075fe00000, 0x000000075fe00000| Untracked 
| 768|0x0000000760000000, 0x0000000760000000, 0x0000000760200000|  0%| F|  |TAMS 0x0000000760000000, 0x0000000760000000| Untracked 
| 769|0x0000000760200000, 0x0000000760200000, 0x0000000760400000|  0%| F|  |TAMS 0x0000000760200000, 0x0000000760200000| Untracked 
| 770|0x0000000760400000, 0x0000000760400000, 0x0000000760600000|  0%| F|  |TAMS 0x0000000760400000, 0x0000000760400000| Untracked 
| 771|0x0000000760600000, 0x0000000760600000, 0x0000000760800000|  0%| F|  |TAMS 0x0000000760600000, 0x0000000760600000| Untracked 
| 772|0x0000000760800000, 0x0000000760800000, 0x0000000760a00000|  0%| F|  |TAMS 0x0000000760800000, 0x0000000760800000| Untracked 
| 773|0x0000000760a00000, 0x0000000760a00000, 0x0000000760c00000|  0%| F|  |TAMS 0x0000000760a00000, 0x0000000760a00000| Untracked 
| 774|0x0000000760c00000, 0x0000000760c00000, 0x0000000760e00000|  0%| F|  |TAMS 0x0000000760c00000, 0x0000000760c00000| Untracked 
| 775|0x0000000760e00000, 0x0000000760e00000, 0x0000000761000000|  0%| F|  |TAMS 0x0000000760e00000, 0x0000000760e00000| Untracked 
| 776|0x0000000761000000, 0x0000000761000000, 0x0000000761200000|  0%| F|  |TAMS 0x0000000761000000, 0x0000000761000000| Untracked 
| 777|0x0000000761200000, 0x0000000761200000, 0x0000000761400000|  0%| F|  |TAMS 0x0000000761200000, 0x0000000761200000| Untracked 
| 778|0x0000000761400000, 0x0000000761400000, 0x0000000761600000|  0%| F|  |TAMS 0x0000000761400000, 0x0000000761400000| Untracked 
| 779|0x0000000761600000, 0x0000000761600000, 0x0000000761800000|  0%| F|  |TAMS 0x0000000761600000, 0x0000000761600000| Untracked 
| 780|0x0000000761800000, 0x0000000761800000, 0x0000000761a00000|  0%| F|  |TAMS 0x0000000761800000, 0x0000000761800000| Untracked 
| 781|0x0000000761a00000, 0x0000000761a00000, 0x0000000761c00000|  0%| F|  |TAMS 0x0000000761a00000, 0x0000000761a00000| Untracked 
| 782|0x0000000761c00000, 0x0000000761c00000, 0x0000000761e00000|  0%| F|  |TAMS 0x0000000761c00000, 0x0000000761c00000| Untracked 
| 783|0x0000000761e00000, 0x0000000761e00000, 0x0000000762000000|  0%| F|  |TAMS 0x0000000761e00000, 0x0000000761e00000| Untracked 
| 784|0x0000000762000000, 0x0000000762000000, 0x0000000762200000|  0%| F|  |TAMS 0x0000000762000000, 0x0000000762000000| Untracked 
| 785|0x0000000762200000, 0x0000000762200000, 0x0000000762400000|  0%| F|  |TAMS 0x0000000762200000, 0x0000000762200000| Untracked 
| 786|0x0000000762400000, 0x0000000762400000, 0x0000000762600000|  0%| F|  |TAMS 0x0000000762400000, 0x0000000762400000| Untracked 
| 787|0x0000000762600000, 0x0000000762600000, 0x0000000762800000|  0%| F|  |TAMS 0x0000000762600000, 0x0000000762600000| Untracked 
| 788|0x0000000762800000, 0x0000000762800000, 0x0000000762a00000|  0%| F|  |TAMS 0x0000000762800000, 0x0000000762800000| Untracked 
| 789|0x0000000762a00000, 0x0000000762a00000, 0x0000000762c00000|  0%| F|  |TAMS 0x0000000762a00000, 0x0000000762a00000| Untracked 
| 790|0x0000000762c00000, 0x0000000762c00000, 0x0000000762e00000|  0%| F|  |TAMS 0x0000000762c00000, 0x0000000762c00000| Untracked 
| 791|0x0000000762e00000, 0x0000000762e00000, 0x0000000763000000|  0%| F|  |TAMS 0x0000000762e00000, 0x0000000762e00000| Untracked 
| 792|0x0000000763000000, 0x0000000763000000, 0x0000000763200000|  0%| F|  |TAMS 0x0000000763000000, 0x0000000763000000| Untracked 
| 793|0x0000000763200000, 0x0000000763200000, 0x0000000763400000|  0%| F|  |TAMS 0x0000000763200000, 0x0000000763200000| Untracked 
| 794|0x0000000763400000, 0x0000000763400000, 0x0000000763600000|  0%| F|  |TAMS 0x0000000763400000, 0x0000000763400000| Untracked 
| 795|0x0000000763600000, 0x0000000763600000, 0x0000000763800000|  0%| F|  |TAMS 0x0000000763600000, 0x0000000763600000| Untracked 
| 796|0x0000000763800000, 0x0000000763800000, 0x0000000763a00000|  0%| F|  |TAMS 0x0000000763800000, 0x0000000763800000| Untracked 
| 797|0x0000000763a00000, 0x0000000763a00000, 0x0000000763c00000|  0%| F|  |TAMS 0x0000000763a00000, 0x0000000763a00000| Untracked 
| 798|0x0000000763c00000, 0x0000000763c00000, 0x0000000763e00000|  0%| F|  |TAMS 0x0000000763c00000, 0x0000000763c00000| Untracked 
| 799|0x0000000763e00000, 0x0000000763e00000, 0x0000000764000000|  0%| F|  |TAMS 0x0000000763e00000, 0x0000000763e00000| Untracked 
| 800|0x0000000764000000, 0x0000000764000000, 0x0000000764200000|  0%| F|  |TAMS 0x0000000764000000, 0x0000000764000000| Untracked 
| 801|0x0000000764200000, 0x0000000764200000, 0x0000000764400000|  0%| F|  |TAMS 0x0000000764200000, 0x0000000764200000| Untracked 
| 802|0x0000000764400000, 0x0000000764400000, 0x0000000764600000|  0%| F|  |TAMS 0x0000000764400000, 0x0000000764400000| Untracked 
| 803|0x0000000764600000, 0x0000000764600000, 0x0000000764800000|  0%| F|  |TAMS 0x0000000764600000, 0x0000000764600000| Untracked 
| 804|0x0000000764800000, 0x0000000764800000, 0x0000000764a00000|  0%| F|  |TAMS 0x0000000764800000, 0x0000000764800000| Untracked 
| 805|0x0000000764a00000, 0x0000000764a00000, 0x0000000764c00000|  0%| F|  |TAMS 0x0000000764a00000, 0x0000000764a00000| Untracked 
| 806|0x0000000764c00000, 0x0000000764c00000, 0x0000000764e00000|  0%| F|  |TAMS 0x0000000764c00000, 0x0000000764c00000| Untracked 
| 807|0x0000000764e00000, 0x0000000764e00000, 0x0000000765000000|  0%| F|  |TAMS 0x0000000764e00000, 0x0000000764e00000| Untracked 
| 808|0x0000000765000000, 0x0000000765000000, 0x0000000765200000|  0%| F|  |TAMS 0x0000000765000000, 0x0000000765000000| Untracked 
| 809|0x0000000765200000, 0x0000000765200000, 0x0000000765400000|  0%| F|  |TAMS 0x0000000765200000, 0x0000000765200000| Untracked 
| 810|0x0000000765400000, 0x0000000765400000, 0x0000000765600000|  0%| F|  |TAMS 0x0000000765400000, 0x0000000765400000| Untracked 
| 811|0x0000000765600000, 0x0000000765600000, 0x0000000765800000|  0%| F|  |TAMS 0x0000000765600000, 0x0000000765600000| Untracked 
| 812|0x0000000765800000, 0x0000000765800000, 0x0000000765a00000|  0%| F|  |TAMS 0x0000000765800000, 0x0000000765800000| Untracked 
| 813|0x0000000765a00000, 0x0000000765a00000, 0x0000000765c00000|  0%| F|  |TAMS 0x0000000765a00000, 0x0000000765a00000| Untracked 
| 814|0x0000000765c00000, 0x0000000765c00000, 0x0000000765e00000|  0%| F|  |TAMS 0x0000000765c00000, 0x0000000765c00000| Untracked 
| 815|0x0000000765e00000, 0x0000000765e00000, 0x0000000766000000|  0%| F|  |TAMS 0x0000000765e00000, 0x0000000765e00000| Untracked 
| 816|0x0000000766000000, 0x0000000766000000, 0x0000000766200000|  0%| F|  |TAMS 0x0000000766000000, 0x0000000766000000| Untracked 
| 817|0x0000000766200000, 0x0000000766200000, 0x0000000766400000|  0%| F|  |TAMS 0x0000000766200000, 0x0000000766200000| Untracked 
| 818|0x0000000766400000, 0x0000000766400000, 0x0000000766600000|  0%| F|  |TAMS 0x0000000766400000, 0x0000000766400000| Untracked 
| 819|0x0000000766600000, 0x0000000766600000, 0x0000000766800000|  0%| F|  |TAMS 0x0000000766600000, 0x0000000766600000| Untracked 
| 820|0x0000000766800000, 0x0000000766800000, 0x0000000766a00000|  0%| F|  |TAMS 0x0000000766800000, 0x0000000766800000| Untracked 
| 821|0x0000000766a00000, 0x0000000766a00000, 0x0000000766c00000|  0%| F|  |TAMS 0x0000000766a00000, 0x0000000766a00000| Untracked 
| 822|0x0000000766c00000, 0x0000000766c00000, 0x0000000766e00000|  0%| F|  |TAMS 0x0000000766c00000, 0x0000000766c00000| Untracked 
| 823|0x0000000766e00000, 0x0000000766e00000, 0x0000000767000000|  0%| F|  |TAMS 0x0000000766e00000, 0x0000000766e00000| Untracked 
| 824|0x0000000767000000, 0x0000000767000000, 0x0000000767200000|  0%| F|  |TAMS 0x0000000767000000, 0x0000000767000000| Untracked 
| 825|0x0000000767200000, 0x0000000767200000, 0x0000000767400000|  0%| F|  |TAMS 0x0000000767200000, 0x0000000767200000| Untracked 
| 826|0x0000000767400000, 0x0000000767400000, 0x0000000767600000|  0%| F|  |TAMS 0x0000000767400000, 0x0000000767400000| Untracked 
| 827|0x0000000767600000, 0x0000000767600000, 0x0000000767800000|  0%| F|  |TAMS 0x0000000767600000, 0x0000000767600000| Untracked 
| 828|0x0000000767800000, 0x0000000767800000, 0x0000000767a00000|  0%| F|  |TAMS 0x0000000767800000, 0x0000000767800000| Untracked 
| 829|0x0000000767a00000, 0x0000000767a00000, 0x0000000767c00000|  0%| F|  |TAMS 0x0000000767a00000, 0x0000000767a00000| Untracked 
| 830|0x0000000767c00000, 0x0000000767c00000, 0x0000000767e00000|  0%| F|  |TAMS 0x0000000767c00000, 0x0000000767c00000| Untracked 
| 831|0x0000000767e00000, 0x0000000767e00000, 0x0000000768000000|  0%| F|  |TAMS 0x0000000767e00000, 0x0000000767e00000| Untracked 
| 832|0x0000000768000000, 0x0000000768000000, 0x0000000768200000|  0%| F|  |TAMS 0x0000000768000000, 0x0000000768000000| Untracked 
| 833|0x0000000768200000, 0x0000000768200000, 0x0000000768400000|  0%| F|  |TAMS 0x0000000768200000, 0x0000000768200000| Untracked 
| 834|0x0000000768400000, 0x0000000768400000, 0x0000000768600000|  0%| F|  |TAMS 0x0000000768400000, 0x0000000768400000| Untracked 
| 835|0x0000000768600000, 0x0000000768600000, 0x0000000768800000|  0%| F|  |TAMS 0x0000000768600000, 0x0000000768600000| Untracked 
| 836|0x0000000768800000, 0x0000000768800000, 0x0000000768a00000|  0%| F|  |TAMS 0x0000000768800000, 0x0000000768800000| Untracked 
| 837|0x0000000768a00000, 0x0000000768a00000, 0x0000000768c00000|  0%| F|  |TAMS 0x0000000768a00000, 0x0000000768a00000| Untracked 
| 838|0x0000000768c00000, 0x0000000768c00000, 0x0000000768e00000|  0%| F|  |TAMS 0x0000000768c00000, 0x0000000768c00000| Untracked 
| 839|0x0000000768e00000, 0x0000000768e00000, 0x0000000769000000|  0%| F|  |TAMS 0x0000000768e00000, 0x0000000768e00000| Untracked 
| 840|0x0000000769000000, 0x0000000769000000, 0x0000000769200000|  0%| F|  |TAMS 0x0000000769000000, 0x0000000769000000| Untracked 
| 841|0x0000000769200000, 0x0000000769200000, 0x0000000769400000|  0%| F|  |TAMS 0x0000000769200000, 0x0000000769200000| Untracked 
| 842|0x0000000769400000, 0x0000000769400000, 0x0000000769600000|  0%| F|  |TAMS 0x0000000769400000, 0x0000000769400000| Untracked 
| 843|0x0000000769600000, 0x0000000769600000, 0x0000000769800000|  0%| F|  |TAMS 0x0000000769600000, 0x0000000769600000| Untracked 
| 844|0x0000000769800000, 0x0000000769800000, 0x0000000769a00000|  0%| F|  |TAMS 0x0000000769800000, 0x0000000769800000| Untracked 
| 845|0x0000000769a00000, 0x0000000769a00000, 0x0000000769c00000|  0%| F|  |TAMS 0x0000000769a00000, 0x0000000769a00000| Untracked 
| 846|0x0000000769c00000, 0x0000000769c00000, 0x0000000769e00000|  0%| F|  |TAMS 0x0000000769c00000, 0x0000000769c00000| Untracked 
| 847|0x0000000769e00000, 0x0000000769e00000, 0x000000076a000000|  0%| F|  |TAMS 0x0000000769e00000, 0x0000000769e00000| Untracked 
| 848|0x000000076a000000, 0x000000076a000000, 0x000000076a200000|  0%| F|  |TAMS 0x000000076a000000, 0x000000076a000000| Untracked 
| 849|0x000000076a200000, 0x000000076a200000, 0x000000076a400000|  0%| F|  |TAMS 0x000000076a200000, 0x000000076a200000| Untracked 
| 850|0x000000076a400000, 0x000000076a400000, 0x000000076a600000|  0%| F|  |TAMS 0x000000076a400000, 0x000000076a400000| Untracked 
| 851|0x000000076a600000, 0x000000076a600000, 0x000000076a800000|  0%| F|  |TAMS 0x000000076a600000, 0x000000076a600000| Untracked 
| 852|0x000000076a800000, 0x000000076a800000, 0x000000076aa00000|  0%| F|  |TAMS 0x000000076a800000, 0x000000076a800000| Untracked 
| 853|0x000000076aa00000, 0x000000076aa00000, 0x000000076ac00000|  0%| F|  |TAMS 0x000000076aa00000, 0x000000076aa00000| Untracked 
| 854|0x000000076ac00000, 0x000000076ac00000, 0x000000076ae00000|  0%| F|  |TAMS 0x000000076ac00000, 0x000000076ac00000| Untracked 
| 855|0x000000076ae00000, 0x000000076ae00000, 0x000000076b000000|  0%| F|  |TAMS 0x000000076ae00000, 0x000000076ae00000| Untracked 
| 856|0x000000076b000000, 0x000000076b000000, 0x000000076b200000|  0%| F|  |TAMS 0x000000076b000000, 0x000000076b000000| Untracked 
| 857|0x000000076b200000, 0x000000076b200000, 0x000000076b400000|  0%| F|  |TAMS 0x000000076b200000, 0x000000076b200000| Untracked 
| 858|0x000000076b400000, 0x000000076b400000, 0x000000076b600000|  0%| F|  |TAMS 0x000000076b400000, 0x000000076b400000| Untracked 
| 859|0x000000076b600000, 0x000000076b600000, 0x000000076b800000|  0%| F|  |TAMS 0x000000076b600000, 0x000000076b600000| Untracked 
| 860|0x000000076b800000, 0x000000076b800000, 0x000000076ba00000|  0%| F|  |TAMS 0x000000076b800000, 0x000000076b800000| Untracked 
| 861|0x000000076ba00000, 0x000000076ba00000, 0x000000076bc00000|  0%| F|  |TAMS 0x000000076ba00000, 0x000000076ba00000| Untracked 
| 862|0x000000076bc00000, 0x000000076bc00000, 0x000000076be00000|  0%| F|  |TAMS 0x000000076bc00000, 0x000000076bc00000| Untracked 
| 863|0x000000076be00000, 0x000000076be00000, 0x000000076c000000|  0%| F|  |TAMS 0x000000076be00000, 0x000000076be00000| Untracked 
| 864|0x000000076c000000, 0x000000076c000000, 0x000000076c200000|  0%| F|  |TAMS 0x000000076c000000, 0x000000076c000000| Untracked 
| 865|0x000000076c200000, 0x000000076c200000, 0x000000076c400000|  0%| F|  |TAMS 0x000000076c200000, 0x000000076c200000| Untracked 
| 866|0x000000076c400000, 0x000000076c400000, 0x000000076c600000|  0%| F|  |TAMS 0x000000076c400000, 0x000000076c400000| Untracked 
| 867|0x000000076c600000, 0x000000076c600000, 0x000000076c800000|  0%| F|  |TAMS 0x000000076c600000, 0x000000076c600000| Untracked 
| 868|0x000000076c800000, 0x000000076c800000, 0x000000076ca00000|  0%| F|  |TAMS 0x000000076c800000, 0x000000076c800000| Untracked 
| 869|0x000000076ca00000, 0x000000076ca00000, 0x000000076cc00000|  0%| F|  |TAMS 0x000000076ca00000, 0x000000076ca00000| Untracked 
| 870|0x000000076cc00000, 0x000000076cc00000, 0x000000076ce00000|  0%| F|  |TAMS 0x000000076cc00000, 0x000000076cc00000| Untracked 
| 871|0x000000076ce00000, 0x000000076ce00000, 0x000000076d000000|  0%| F|  |TAMS 0x000000076ce00000, 0x000000076ce00000| Untracked 
| 872|0x000000076d000000, 0x000000076d000000, 0x000000076d200000|  0%| F|  |TAMS 0x000000076d000000, 0x000000076d000000| Untracked 
| 873|0x000000076d200000, 0x000000076d200000, 0x000000076d400000|  0%| F|  |TAMS 0x000000076d200000, 0x000000076d200000| Untracked 
| 874|0x000000076d400000, 0x000000076d400000, 0x000000076d600000|  0%| F|  |TAMS 0x000000076d400000, 0x000000076d400000| Untracked 
| 875|0x000000076d600000, 0x000000076d600000, 0x000000076d800000|  0%| F|  |TAMS 0x000000076d600000, 0x000000076d600000| Untracked 
| 876|0x000000076d800000, 0x000000076d800000, 0x000000076da00000|  0%| F|  |TAMS 0x000000076d800000, 0x000000076d800000| Untracked 
| 877|0x000000076da00000, 0x000000076da00000, 0x000000076dc00000|  0%| F|  |TAMS 0x000000076da00000, 0x000000076da00000| Untracked 
| 878|0x000000076dc00000, 0x000000076dc00000, 0x000000076de00000|  0%| F|  |TAMS 0x000000076dc00000, 0x000000076dc00000| Untracked 
| 879|0x000000076de00000, 0x000000076de00000, 0x000000076e000000|  0%| F|  |TAMS 0x000000076de00000, 0x000000076de00000| Untracked 
| 880|0x000000076e000000, 0x000000076e000000, 0x000000076e200000|  0%| F|  |TAMS 0x000000076e000000, 0x000000076e000000| Untracked 
| 881|0x000000076e200000, 0x000000076e200000, 0x000000076e400000|  0%| F|  |TAMS 0x000000076e200000, 0x000000076e200000| Untracked 
| 882|0x000000076e400000, 0x000000076e400000, 0x000000076e600000|  0%| F|  |TAMS 0x000000076e400000, 0x000000076e400000| Untracked 
| 883|0x000000076e600000, 0x000000076e600000, 0x000000076e800000|  0%| F|  |TAMS 0x000000076e600000, 0x000000076e600000| Untracked 
| 884|0x000000076e800000, 0x000000076e800000, 0x000000076ea00000|  0%| F|  |TAMS 0x000000076e800000, 0x000000076e800000| Untracked 
| 885|0x000000076ea00000, 0x000000076ea00000, 0x000000076ec00000|  0%| F|  |TAMS 0x000000076ea00000, 0x000000076ea00000| Untracked 
| 886|0x000000076ec00000, 0x000000076ec00000, 0x000000076ee00000|  0%| F|  |TAMS 0x000000076ec00000, 0x000000076ec00000| Untracked 
| 887|0x000000076ee00000, 0x000000076ee00000, 0x000000076f000000|  0%| F|  |TAMS 0x000000076ee00000, 0x000000076ee00000| Untracked 
| 888|0x000000076f000000, 0x000000076f000000, 0x000000076f200000|  0%| F|  |TAMS 0x000000076f000000, 0x000000076f000000| Untracked 
| 889|0x000000076f200000, 0x000000076f200000, 0x000000076f400000|  0%| F|  |TAMS 0x000000076f200000, 0x000000076f200000| Untracked 
| 890|0x000000076f400000, 0x000000076f400000, 0x000000076f600000|  0%| F|  |TAMS 0x000000076f400000, 0x000000076f400000| Untracked 
| 891|0x000000076f600000, 0x000000076f600000, 0x000000076f800000|  0%| F|  |TAMS 0x000000076f600000, 0x000000076f600000| Untracked 
| 892|0x000000076f800000, 0x000000076f800000, 0x000000076fa00000|  0%| F|  |TAMS 0x000000076f800000, 0x000000076f800000| Untracked 
| 893|0x000000076fa00000, 0x000000076fa00000, 0x000000076fc00000|  0%| F|  |TAMS 0x000000076fa00000, 0x000000076fa00000| Untracked 
| 894|0x000000076fc00000, 0x000000076fc00000, 0x000000076fe00000|  0%| F|  |TAMS 0x000000076fc00000, 0x000000076fc00000| Untracked 
| 895|0x000000076fe00000, 0x000000076fe00000, 0x0000000770000000|  0%| F|  |TAMS 0x000000076fe00000, 0x000000076fe00000| Untracked 
| 896|0x0000000770000000, 0x0000000770000000, 0x0000000770200000|  0%| F|  |TAMS 0x0000000770000000, 0x0000000770000000| Untracked 
| 897|0x0000000770200000, 0x0000000770200000, 0x0000000770400000|  0%| F|  |TAMS 0x0000000770200000, 0x0000000770200000| Untracked 
| 898|0x0000000770400000, 0x0000000770400000, 0x0000000770600000|  0%| F|  |TAMS 0x0000000770400000, 0x0000000770400000| Untracked 
| 899|0x0000000770600000, 0x0000000770600000, 0x0000000770800000|  0%| F|  |TAMS 0x0000000770600000, 0x0000000770600000| Untracked 
| 900|0x0000000770800000, 0x0000000770800000, 0x0000000770a00000|  0%| F|  |TAMS 0x0000000770800000, 0x0000000770800000| Untracked 
| 901|0x0000000770a00000, 0x0000000770a00000, 0x0000000770c00000|  0%| F|  |TAMS 0x0000000770a00000, 0x0000000770a00000| Untracked 
| 902|0x0000000770c00000, 0x0000000770c00000, 0x0000000770e00000|  0%| F|  |TAMS 0x0000000770c00000, 0x0000000770c00000| Untracked 
| 903|0x0000000770e00000, 0x0000000770e00000, 0x0000000771000000|  0%| F|  |TAMS 0x0000000770e00000, 0x0000000770e00000| Untracked 
| 904|0x0000000771000000, 0x0000000771000000, 0x0000000771200000|  0%| F|  |TAMS 0x0000000771000000, 0x0000000771000000| Untracked 
| 905|0x0000000771200000, 0x0000000771200000, 0x0000000771400000|  0%| F|  |TAMS 0x0000000771200000, 0x0000000771200000| Untracked 
| 906|0x0000000771400000, 0x0000000771400000, 0x0000000771600000|  0%| F|  |TAMS 0x0000000771400000, 0x0000000771400000| Untracked 
| 907|0x0000000771600000, 0x0000000771600000, 0x0000000771800000|  0%| F|  |TAMS 0x0000000771600000, 0x0000000771600000| Untracked 
| 908|0x0000000771800000, 0x0000000771800000, 0x0000000771a00000|  0%| F|  |TAMS 0x0000000771800000, 0x0000000771800000| Untracked 
| 909|0x0000000771a00000, 0x0000000771a00000, 0x0000000771c00000|  0%| F|  |TAMS 0x0000000771a00000, 0x0000000771a00000| Untracked 
| 910|0x0000000771c00000, 0x0000000771c00000, 0x0000000771e00000|  0%| F|  |TAMS 0x0000000771c00000, 0x0000000771c00000| Untracked 
| 911|0x0000000771e00000, 0x0000000771e00000, 0x0000000772000000|  0%| F|  |TAMS 0x0000000771e00000, 0x0000000771e00000| Untracked 
| 912|0x0000000772000000, 0x0000000772000000, 0x0000000772200000|  0%| F|  |TAMS 0x0000000772000000, 0x0000000772000000| Untracked 
| 913|0x0000000772200000, 0x0000000772200000, 0x0000000772400000|  0%| F|  |TAMS 0x0000000772200000, 0x0000000772200000| Untracked 
| 914|0x0000000772400000, 0x0000000772400000, 0x0000000772600000|  0%| F|  |TAMS 0x0000000772400000, 0x0000000772400000| Untracked 
| 915|0x0000000772600000, 0x0000000772600000, 0x0000000772800000|  0%| F|  |TAMS 0x0000000772600000, 0x0000000772600000| Untracked 
| 916|0x0000000772800000, 0x0000000772800000, 0x0000000772a00000|  0%| F|  |TAMS 0x0000000772800000, 0x0000000772800000| Untracked 
| 917|0x0000000772a00000, 0x0000000772a00000, 0x0000000772c00000|  0%| F|  |TAMS 0x0000000772a00000, 0x0000000772a00000| Untracked 
| 918|0x0000000772c00000, 0x0000000772c00000, 0x0000000772e00000|  0%| F|  |TAMS 0x0000000772c00000, 0x0000000772c00000| Untracked 
| 919|0x0000000772e00000, 0x0000000772e00000, 0x0000000773000000|  0%| F|  |TAMS 0x0000000772e00000, 0x0000000772e00000| Untracked 
| 920|0x0000000773000000, 0x0000000773000000, 0x0000000773200000|  0%| F|  |TAMS 0x0000000773000000, 0x0000000773000000| Untracked 
| 921|0x0000000773200000, 0x0000000773200000, 0x0000000773400000|  0%| F|  |TAMS 0x0000000773200000, 0x0000000773200000| Untracked 
| 922|0x0000000773400000, 0x0000000773400000, 0x0000000773600000|  0%| F|  |TAMS 0x0000000773400000, 0x0000000773400000| Untracked 
| 923|0x0000000773600000, 0x0000000773600000, 0x0000000773800000|  0%| F|  |TAMS 0x0000000773600000, 0x0000000773600000| Untracked 
| 924|0x0000000773800000, 0x0000000773800000, 0x0000000773a00000|  0%| F|  |TAMS 0x0000000773800000, 0x0000000773800000| Untracked 
| 925|0x0000000773a00000, 0x0000000773a00000, 0x0000000773c00000|  0%| F|  |TAMS 0x0000000773a00000, 0x0000000773a00000| Untracked 
| 926|0x0000000773c00000, 0x0000000773c00000, 0x0000000773e00000|  0%| F|  |TAMS 0x0000000773c00000, 0x0000000773c00000| Untracked 
| 927|0x0000000773e00000, 0x0000000773e00000, 0x0000000774000000|  0%| F|  |TAMS 0x0000000773e00000, 0x0000000773e00000| Untracked 
| 928|0x0000000774000000, 0x0000000774000000, 0x0000000774200000|  0%| F|  |TAMS 0x0000000774000000, 0x0000000774000000| Untracked 
| 929|0x0000000774200000, 0x0000000774200000, 0x0000000774400000|  0%| F|  |TAMS 0x0000000774200000, 0x0000000774200000| Untracked 
| 930|0x0000000774400000, 0x0000000774400000, 0x0000000774600000|  0%| F|  |TAMS 0x0000000774400000, 0x0000000774400000| Untracked 
| 931|0x0000000774600000, 0x0000000774600000, 0x0000000774800000|  0%| F|  |TAMS 0x0000000774600000, 0x0000000774600000| Untracked 
| 932|0x0000000774800000, 0x0000000774800000, 0x0000000774a00000|  0%| F|  |TAMS 0x0000000774800000, 0x0000000774800000| Untracked 
| 933|0x0000000774a00000, 0x0000000774a00000, 0x0000000774c00000|  0%| F|  |TAMS 0x0000000774a00000, 0x0000000774a00000| Untracked 
| 934|0x0000000774c00000, 0x0000000774c00000, 0x0000000774e00000|  0%| F|  |TAMS 0x0000000774c00000, 0x0000000774c00000| Untracked 
| 935|0x0000000774e00000, 0x0000000774e00000, 0x0000000775000000|  0%| F|  |TAMS 0x0000000774e00000, 0x0000000774e00000| Untracked 
| 936|0x0000000775000000, 0x0000000775000000, 0x0000000775200000|  0%| F|  |TAMS 0x0000000775000000, 0x0000000775000000| Untracked 
| 937|0x0000000775200000, 0x0000000775200000, 0x0000000775400000|  0%| F|  |TAMS 0x0000000775200000, 0x0000000775200000| Untracked 
| 938|0x0000000775400000, 0x0000000775400000, 0x0000000775600000|  0%| F|  |TAMS 0x0000000775400000, 0x0000000775400000| Untracked 
| 939|0x0000000775600000, 0x0000000775600000, 0x0000000775800000|  0%| F|  |TAMS 0x0000000775600000, 0x0000000775600000| Untracked 
| 940|0x0000000775800000, 0x0000000775800000, 0x0000000775a00000|  0%| F|  |TAMS 0x0000000775800000, 0x0000000775800000| Untracked 
| 941|0x0000000775a00000, 0x0000000775a00000, 0x0000000775c00000|  0%| F|  |TAMS 0x0000000775a00000, 0x0000000775a00000| Untracked 
| 942|0x0000000775c00000, 0x0000000775c00000, 0x0000000775e00000|  0%| F|  |TAMS 0x0000000775c00000, 0x0000000775c00000| Untracked 
| 943|0x0000000775e00000, 0x0000000775e00000, 0x0000000776000000|  0%| F|  |TAMS 0x0000000775e00000, 0x0000000775e00000| Untracked 
| 944|0x0000000776000000, 0x0000000776000000, 0x0000000776200000|  0%| F|  |TAMS 0x0000000776000000, 0x0000000776000000| Untracked 
| 945|0x0000000776200000, 0x0000000776200000, 0x0000000776400000|  0%| F|  |TAMS 0x0000000776200000, 0x0000000776200000| Untracked 
| 946|0x0000000776400000, 0x0000000776400000, 0x0000000776600000|  0%| F|  |TAMS 0x0000000776400000, 0x0000000776400000| Untracked 
| 947|0x0000000776600000, 0x0000000776600000, 0x0000000776800000|  0%| F|  |TAMS 0x0000000776600000, 0x0000000776600000| Untracked 
| 948|0x0000000776800000, 0x0000000776800000, 0x0000000776a00000|  0%| F|  |TAMS 0x0000000776800000, 0x0000000776800000| Untracked 
| 949|0x0000000776a00000, 0x0000000776a00000, 0x0000000776c00000|  0%| F|  |TAMS 0x0000000776a00000, 0x0000000776a00000| Untracked 
| 950|0x0000000776c00000, 0x0000000776c00000, 0x0000000776e00000|  0%| F|  |TAMS 0x0000000776c00000, 0x0000000776c00000| Untracked 
| 951|0x0000000776e00000, 0x0000000776e00000, 0x0000000777000000|  0%| F|  |TAMS 0x0000000776e00000, 0x0000000776e00000| Untracked 
| 952|0x0000000777000000, 0x0000000777000000, 0x0000000777200000|  0%| F|  |TAMS 0x0000000777000000, 0x0000000777000000| Untracked 
| 953|0x0000000777200000, 0x0000000777200000, 0x0000000777400000|  0%| F|  |TAMS 0x0000000777200000, 0x0000000777200000| Untracked 
| 954|0x0000000777400000, 0x0000000777400000, 0x0000000777600000|  0%| F|  |TAMS 0x0000000777400000, 0x0000000777400000| Untracked 
| 955|0x0000000777600000, 0x0000000777600000, 0x0000000777800000|  0%| F|  |TAMS 0x0000000777600000, 0x0000000777600000| Untracked 
| 956|0x0000000777800000, 0x0000000777800000, 0x0000000777a00000|  0%| F|  |TAMS 0x0000000777800000, 0x0000000777800000| Untracked 
| 957|0x0000000777a00000, 0x0000000777a00000, 0x0000000777c00000|  0%| F|  |TAMS 0x0000000777a00000, 0x0000000777a00000| Untracked 
| 958|0x0000000777c00000, 0x0000000777c00000, 0x0000000777e00000|  0%| F|  |TAMS 0x0000000777c00000, 0x0000000777c00000| Untracked 
| 959|0x0000000777e00000, 0x0000000777e00000, 0x0000000778000000|  0%| F|  |TAMS 0x0000000777e00000, 0x0000000777e00000| Untracked 
| 960|0x0000000778000000, 0x0000000778000000, 0x0000000778200000|  0%| F|  |TAMS 0x0000000778000000, 0x0000000778000000| Untracked 
| 961|0x0000000778200000, 0x0000000778200000, 0x0000000778400000|  0%| F|  |TAMS 0x0000000778200000, 0x0000000778200000| Untracked 
| 962|0x0000000778400000, 0x0000000778400000, 0x0000000778600000|  0%| F|  |TAMS 0x0000000778400000, 0x0000000778400000| Untracked 
| 963|0x0000000778600000, 0x0000000778600000, 0x0000000778800000|  0%| F|  |TAMS 0x0000000778600000, 0x0000000778600000| Untracked 
| 964|0x0000000778800000, 0x0000000778800000, 0x0000000778a00000|  0%| F|  |TAMS 0x0000000778800000, 0x0000000778800000| Untracked 
| 965|0x0000000778a00000, 0x0000000778a00000, 0x0000000778c00000|  0%| F|  |TAMS 0x0000000778a00000, 0x0000000778a00000| Untracked 
| 966|0x0000000778c00000, 0x0000000778c00000, 0x0000000778e00000|  0%| F|  |TAMS 0x0000000778c00000, 0x0000000778c00000| Untracked 
| 967|0x0000000778e00000, 0x0000000778e00000, 0x0000000779000000|  0%| F|  |TAMS 0x0000000778e00000, 0x0000000778e00000| Untracked 
| 968|0x0000000779000000, 0x0000000779000000, 0x0000000779200000|  0%| F|  |TAMS 0x0000000779000000, 0x0000000779000000| Untracked 
| 969|0x0000000779200000, 0x0000000779200000, 0x0000000779400000|  0%| F|  |TAMS 0x0000000779200000, 0x0000000779200000| Untracked 
| 970|0x0000000779400000, 0x0000000779400000, 0x0000000779600000|  0%| F|  |TAMS 0x0000000779400000, 0x0000000779400000| Untracked 
| 971|0x0000000779600000, 0x0000000779600000, 0x0000000779800000|  0%| F|  |TAMS 0x0000000779600000, 0x0000000779600000| Untracked 
| 972|0x0000000779800000, 0x0000000779800000, 0x0000000779a00000|  0%| F|  |TAMS 0x0000000779800000, 0x0000000779800000| Untracked 
| 973|0x0000000779a00000, 0x0000000779a00000, 0x0000000779c00000|  0%| F|  |TAMS 0x0000000779a00000, 0x0000000779a00000| Untracked 
| 974|0x0000000779c00000, 0x0000000779c00000, 0x0000000779e00000|  0%| F|  |TAMS 0x0000000779c00000, 0x0000000779c00000| Untracked 
| 975|0x0000000779e00000, 0x0000000779e00000, 0x000000077a000000|  0%| F|  |TAMS 0x0000000779e00000, 0x0000000779e00000| Untracked 
| 976|0x000000077a000000, 0x000000077a000000, 0x000000077a200000|  0%| F|  |TAMS 0x000000077a000000, 0x000000077a000000| Untracked 
| 977|0x000000077a200000, 0x000000077a200000, 0x000000077a400000|  0%| F|  |TAMS 0x000000077a200000, 0x000000077a200000| Untracked 
| 978|0x000000077a400000, 0x000000077a400000, 0x000000077a600000|  0%| F|  |TAMS 0x000000077a400000, 0x000000077a400000| Untracked 
| 979|0x000000077a600000, 0x000000077a600000, 0x000000077a800000|  0%| F|  |TAMS 0x000000077a600000, 0x000000077a600000| Untracked 
| 980|0x000000077a800000, 0x000000077a800000, 0x000000077aa00000|  0%| F|  |TAMS 0x000000077a800000, 0x000000077a800000| Untracked 
| 981|0x000000077aa00000, 0x000000077aa00000, 0x000000077ac00000|  0%| F|  |TAMS 0x000000077aa00000, 0x000000077aa00000| Untracked 
| 982|0x000000077ac00000, 0x000000077ac00000, 0x000000077ae00000|  0%| F|  |TAMS 0x000000077ac00000, 0x000000077ac00000| Untracked 
| 983|0x000000077ae00000, 0x000000077ae00000, 0x000000077b000000|  0%| F|  |TAMS 0x000000077ae00000, 0x000000077ae00000| Untracked 
| 984|0x000000077b000000, 0x000000077b000000, 0x000000077b200000|  0%| F|  |TAMS 0x000000077b000000, 0x000000077b000000| Untracked 
| 985|0x000000077b200000, 0x000000077b200000, 0x000000077b400000|  0%| F|  |TAMS 0x000000077b200000, 0x000000077b200000| Untracked 
| 986|0x000000077b400000, 0x000000077b400000, 0x000000077b600000|  0%| F|  |TAMS 0x000000077b400000, 0x000000077b400000| Untracked 
| 987|0x000000077b600000, 0x000000077b797120, 0x000000077b800000| 79%| S|CS|TAMS 0x000000077b600000, 0x000000077b600000| Complete 
| 988|0x000000077b800000, 0x000000077ba00000, 0x000000077ba00000|100%| S|CS|TAMS 0x000000077b800000, 0x000000077b800000| Complete 
| 989|0x000000077ba00000, 0x000000077bc00000, 0x000000077bc00000|100%| S|CS|TAMS 0x000000077ba00000, 0x000000077ba00000| Complete 
| 990|0x000000077bc00000, 0x000000077be00000, 0x000000077be00000|100%| S|CS|TAMS 0x000000077bc00000, 0x000000077bc00000| Complete 
| 991|0x000000077be00000, 0x000000077c000000, 0x000000077c000000|100%| S|CS|TAMS 0x000000077be00000, 0x000000077be00000| Complete 
| 992|0x000000077c000000, 0x000000077c000000, 0x000000077c200000|  0%| F|  |TAMS 0x000000077c000000, 0x000000077c000000| Untracked 
| 993|0x000000077c200000, 0x000000077c200000, 0x000000077c400000|  0%| F|  |TAMS 0x000000077c200000, 0x000000077c200000| Untracked 
| 994|0x000000077c400000, 0x000000077c400000, 0x000000077c600000|  0%| F|  |TAMS 0x000000077c400000, 0x000000077c400000| Untracked 
| 995|0x000000077c600000, 0x000000077c600000, 0x000000077c800000|  0%| F|  |TAMS 0x000000077c600000, 0x000000077c600000| Untracked 
| 996|0x000000077c800000, 0x000000077c800000, 0x000000077ca00000|  0%| F|  |TAMS 0x000000077c800000, 0x000000077c800000| Untracked 
| 997|0x000000077ca00000, 0x000000077ca00000, 0x000000077cc00000|  0%| F|  |TAMS 0x000000077ca00000, 0x000000077ca00000| Untracked 
| 998|0x000000077cc00000, 0x000000077cc00000, 0x000000077ce00000|  0%| F|  |TAMS 0x000000077cc00000, 0x000000077cc00000| Untracked 
| 999|0x000000077ce00000, 0x000000077ce00000, 0x000000077d000000|  0%| F|  |TAMS 0x000000077ce00000, 0x000000077ce00000| Untracked 
|1000|0x000000077d000000, 0x000000077d000000, 0x000000077d200000|  0%| F|  |TAMS 0x000000077d000000, 0x000000077d000000| Untracked 
|1001|0x000000077d200000, 0x000000077d200000, 0x000000077d400000|  0%| F|  |TAMS 0x000000077d200000, 0x000000077d200000| Untracked 
|1002|0x000000077d400000, 0x000000077d400000, 0x000000077d600000|  0%| F|  |TAMS 0x000000077d400000, 0x000000077d400000| Untracked 
|1003|0x000000077d600000, 0x000000077d600000, 0x000000077d800000|  0%| F|  |TAMS 0x000000077d600000, 0x000000077d600000| Untracked 
|1004|0x000000077d800000, 0x000000077d800000, 0x000000077da00000|  0%| F|  |TAMS 0x000000077d800000, 0x000000077d800000| Untracked 
|1005|0x000000077da00000, 0x000000077da00000, 0x000000077dc00000|  0%| F|  |TAMS 0x000000077da00000, 0x000000077da00000| Untracked 
|1006|0x000000077dc00000, 0x000000077dc00000, 0x000000077de00000|  0%| F|  |TAMS 0x000000077dc00000, 0x000000077dc00000| Untracked 
|1007|0x000000077de00000, 0x000000077de00000, 0x000000077e000000|  0%| F|  |TAMS 0x000000077de00000, 0x000000077de00000| Untracked 
|1008|0x000000077e000000, 0x000000077e000000, 0x000000077e200000|  0%| F|  |TAMS 0x000000077e000000, 0x000000077e000000| Untracked 
|1009|0x000000077e200000, 0x000000077e200000, 0x000000077e400000|  0%| F|  |TAMS 0x000000077e200000, 0x000000077e200000| Untracked 
|1010|0x000000077e400000, 0x000000077e400000, 0x000000077e600000|  0%| F|  |TAMS 0x000000077e400000, 0x000000077e400000| Untracked 
|1011|0x000000077e600000, 0x000000077e600000, 0x000000077e800000|  0%| F|  |TAMS 0x000000077e600000, 0x000000077e600000| Untracked 
|1012|0x000000077e800000, 0x000000077e800000, 0x000000077ea00000|  0%| F|  |TAMS 0x000000077e800000, 0x000000077e800000| Untracked 
|1013|0x000000077ea00000, 0x000000077ea00000, 0x000000077ec00000|  0%| F|  |TAMS 0x000000077ea00000, 0x000000077ea00000| Untracked 
|1014|0x000000077ec00000, 0x000000077ec00000, 0x000000077ee00000|  0%| F|  |TAMS 0x000000077ec00000, 0x000000077ec00000| Untracked 
|1015|0x000000077ee00000, 0x000000077ee00000, 0x000000077f000000|  0%| F|  |TAMS 0x000000077ee00000, 0x000000077ee00000| Untracked 
|1016|0x000000077f000000, 0x000000077f000000, 0x000000077f200000|  0%| F|  |TAMS 0x000000077f000000, 0x000000077f000000| Untracked 
|1017|0x000000077f200000, 0x000000077f200000, 0x000000077f400000|  0%| F|  |TAMS 0x000000077f200000, 0x000000077f200000| Untracked 
|1018|0x000000077f400000, 0x000000077f400000, 0x000000077f600000|  0%| F|  |TAMS 0x000000077f400000, 0x000000077f400000| Untracked 
|1019|0x000000077f600000, 0x000000077f600000, 0x000000077f800000|  0%| F|  |TAMS 0x000000077f600000, 0x000000077f600000| Untracked 
|1020|0x000000077f800000, 0x000000077f800000, 0x000000077fa00000|  0%| F|  |TAMS 0x000000077f800000, 0x000000077f800000| Untracked 
|1021|0x000000077fa00000, 0x000000077fa00000, 0x000000077fc00000|  0%| F|  |TAMS 0x000000077fa00000, 0x000000077fa00000| Untracked 
|1022|0x000000077fc00000, 0x000000077fc00000, 0x000000077fe00000|  0%| F|  |TAMS 0x000000077fc00000, 0x000000077fc00000| Untracked 
|1023|0x000000077fe00000, 0x000000077fe00000, 0x0000000780000000|  0%| F|  |TAMS 0x000000077fe00000, 0x000000077fe00000| Untracked 
|1024|0x0000000780000000, 0x0000000780000000, 0x0000000780200000|  0%| F|  |TAMS 0x0000000780000000, 0x0000000780000000| Untracked 
|1025|0x0000000780200000, 0x0000000780200000, 0x0000000780400000|  0%| F|  |TAMS 0x0000000780200000, 0x0000000780200000| Untracked 
|1026|0x0000000780400000, 0x0000000780400000, 0x0000000780600000|  0%| F|  |TAMS 0x0000000780400000, 0x0000000780400000| Untracked 
|1027|0x0000000780600000, 0x0000000780600000, 0x0000000780800000|  0%| F|  |TAMS 0x0000000780600000, 0x0000000780600000| Untracked 
|1028|0x0000000780800000, 0x0000000780800000, 0x0000000780a00000|  0%| F|  |TAMS 0x0000000780800000, 0x0000000780800000| Untracked 
|1029|0x0000000780a00000, 0x0000000780a00000, 0x0000000780c00000|  0%| F|  |TAMS 0x0000000780a00000, 0x0000000780a00000| Untracked 
|1030|0x0000000780c00000, 0x0000000780c00000, 0x0000000780e00000|  0%| F|  |TAMS 0x0000000780c00000, 0x0000000780c00000| Untracked 
|1031|0x0000000780e00000, 0x0000000780e00000, 0x0000000781000000|  0%| F|  |TAMS 0x0000000780e00000, 0x0000000780e00000| Untracked 
|1032|0x0000000781000000, 0x0000000781000000, 0x0000000781200000|  0%| F|  |TAMS 0x0000000781000000, 0x0000000781000000| Untracked 
|1033|0x0000000781200000, 0x0000000781200000, 0x0000000781400000|  0%| F|  |TAMS 0x0000000781200000, 0x0000000781200000| Untracked 
|1034|0x0000000781400000, 0x0000000781400000, 0x0000000781600000|  0%| F|  |TAMS 0x0000000781400000, 0x0000000781400000| Untracked 
|1035|0x0000000781600000, 0x0000000781600000, 0x0000000781800000|  0%| F|  |TAMS 0x0000000781600000, 0x0000000781600000| Untracked 
|1036|0x0000000781800000, 0x0000000781800000, 0x0000000781a00000|  0%| F|  |TAMS 0x0000000781800000, 0x0000000781800000| Untracked 

Card table byte_map: [0x00000205e0bf0000,0x00000205e13f0000] _byte_map_base: 0x00000205dd3f0000

Marking Bits (Prev, Next): (CMBitMap*) 0x00000205c70aa1f0, (CMBitMap*) 0x00000205c70aa230
 Prev Bits: [0x00000205e1bf0000, 0x00000205e5bf0000)
 Next Bits: [0x00000205e5bf0000, 0x00000205e9bf0000)

Polling page: 0x00000205c7200000

Metaspace:

Usage:
  Non-class:    141.24 MB used.
      Class:     22.59 MB used.
       Both:    163.83 MB used.

Virtual space:
  Non-class space:      192.00 MB reserved,     142.44 MB ( 74%) committed,  3 nodes.
      Class space:      416.00 MB reserved,      23.62 MB (  6%) committed,  1 nodes.
             Both:      608.00 MB reserved,     166.06 MB ( 27%) committed. 

Chunk freelists:
   Non-Class:  677.00 KB
       Class:  8.28 MB
        Both:  8.94 MB

MaxMetaspaceSize: 512.00 MB
CompressedClassSpaceSize: 416.00 MB
Initial GC threshold: 21.00 MB
Current GC threshold: 229.50 MB
CDS: on
MetaspaceReclaimPolicy: balanced
 - commit_granule_bytes: 65536.
 - commit_granule_words: 8192.
 - virtual_space_node_default_size: 8388608.
 - enlarge_chunks_in_place: 1.
 - new_chunks_are_fully_committed: 0.
 - uncommit_free_chunks: 1.
 - use_allocation_guard: 0.
 - handle_deallocations: 1.


Internal statistics:

num_allocs_failed_limit: 15.
num_arena_births: 3112.
num_arena_deaths: 26.
num_vsnodes_births: 4.
num_vsnodes_deaths: 0.
num_space_committed: 2658.
num_space_uncommitted: 2.
num_chunks_returned_to_freelist: 72.
num_chunks_taken_from_freelist: 11098.
num_chunk_merges: 22.
num_chunk_splits: 6981.
num_chunks_enlarged: 4173.
num_inconsistent_stats: 0.

CodeHeap 'non-profiled nmethods': size=120000Kb used=27193Kb max_used=27193Kb free=92807Kb
 bounds [0x00000205d8970000, 0x00000205da400000, 0x00000205dfea0000]
CodeHeap 'profiled nmethods': size=120000Kb used=57484Kb max_used=61543Kb free=62515Kb
 bounds [0x00000205d0ea0000, 0x00000205d4ae0000, 0x00000205d83d0000]
CodeHeap 'non-nmethods': size=5760Kb used=2538Kb max_used=2638Kb free=3221Kb
 bounds [0x00000205d83d0000, 0x00000205d8670000, 0x00000205d8970000]
 total_blobs=28953 nmethods=27867 adapters=995
 compilation: enabled
              stopped_count=0, restarted_count=0
 full_count=0

Compilation events (20 events):
Event: 213.819 Thread 0x00000205ec8cfb70 37844       3       com.android.tools.r8.graph.R2$a::hashCode (11 bytes)
Event: 213.837 Thread 0x00000205ec8cfb70 nmethod 37844 0x00000205d42b5690 code [0x00000205d42b5840, 0x00000205d42b5a58]
Event: 213.837 Thread 0x00000205ec8cfb70 37845       2       com.android.tools.r8.graph.R2$a::equals (31 bytes)
Event: 213.838 Thread 0x00000205ec8cfb70 nmethod 37845 0x00000205d47b6890 code [0x00000205d47b6a40, 0x00000205d47b6c68]
Event: 213.921 Thread 0x00000205ec8cfb70 37846       2       com.android.builder.dexing.r8.ClassFileProviderFactory::close (58 bytes)
Event: 213.993 Thread 0x00000205ec8a7030 nmethod 37841 0x00000205da3f9890 code [0x00000205da3f9aa0, 0x00000205da3fa5a8]
Event: 213.994 Thread 0x00000205ec8a7030 37843       4       com.android.tools.r8.graph.e1::equals (53 bytes)
Event: 214.002 Thread 0x00000205ec8cfb70 nmethod 37846 0x00000205d4388f90 code [0x00000205d4389180, 0x00000205d43894c8]
Event: 214.023 Thread 0x00000205ec8a7030 nmethod 37843 0x00000205da232190 code [0x00000205da232320, 0x00000205da2328b8]
Event: 214.023 Thread 0x00000205ec8a7030 37429       4       com.android.tools.r8.internal.US$$Lambda$5784/0x0000020582689a80::applyAsInt (8 bytes)
Event: 214.024 Thread 0x00000205ec8a7030 nmethod 37429 0x00000205da3faf90 code [0x00000205da3fb100, 0x00000205da3fb1b8]
Event: 214.024 Thread 0x00000205ec8a7030 37029       4       com.android.tools.r8.graph.G3$d::a (9 bytes)
Event: 214.024 Thread 0x00000205ec8a7030 nmethod 37029 0x00000205da3fb290 code [0x00000205da3fb400, 0x00000205da3fb498]
Event: 214.024 Thread 0x00000205ec8a7030 37047       4       com.android.tools.r8.internal.G10::e (98 bytes)
Event: 214.336 Thread 0x00000205ec8a7030 nmethod 37047 0x00000205da3fb590 code [0x00000205da3fb840, 0x00000205da3fcc80]
Event: 214.345 Thread 0x00000205ec8a7030 37275       4       com.android.tools.r8.internal.U60::T (7 bytes)
Event: 214.346 Thread 0x00000205ec8a7030 nmethod 37275 0x00000205da3fde10 code [0x00000205da3fdf80, 0x00000205da3fdff8]
Event: 214.346 Thread 0x00000205ec8a7030 37165       4       com.android.tools.r8.graph.O4::D (33 bytes)
Event: 214.347 Thread 0x00000205ec8a7030 nmethod 37165 0x00000205da3fe110 code [0x00000205da3fe280, 0x00000205da3fe318]
Event: 214.347 Thread 0x00000205ec8a7030 37107       4       com.android.tools.r8.graph.H2$$Lambda$6387/0x0000020582745410::accept (12 bytes)

GC Heap History (20 events):
Event: 202.188 GC heap after
{Heap after GC invocations=129 (full 0):
 garbage-first heap   total 2035712K, used 590460K [0x0000000700000000, 0x0000000800000000)
  region size 2048K, 28 young (57344K), 28 survivors (57344K)
 Metaspace       used 167623K, committed 169920K, reserved 622592K
  class space    used 23126K, committed 24192K, reserved 425984K
}
Event: 202.780 GC heap before
{Heap before GC invocations=129 (full 0):
 garbage-first heap   total 2035712K, used 866940K [0x0000000700000000, 0x0000000800000000)
  region size 2048K, 163 young (333824K), 28 survivors (57344K)
 Metaspace       used 167625K, committed 169920K, reserved 622592K
  class space    used 23126K, committed 24192K, reserved 425984K
}
Event: 203.461 GC heap after
{Heap after GC invocations=130 (full 0):
 garbage-first heap   total 2035712K, used 588050K [0x0000000700000000, 0x0000000800000000)
  region size 2048K, 4 young (8192K), 4 survivors (8192K)
 Metaspace       used 167625K, committed 169920K, reserved 622592K
  class space    used 23126K, committed 24192K, reserved 425984K
}
Event: 204.140 GC heap before
{Heap before GC invocations=130 (full 0):
 garbage-first heap   total 2035712K, used 997650K [0x0000000700000000, 0x0000000800000000)
  region size 2048K, 204 young (417792K), 4 survivors (8192K)
 Metaspace       used 167655K, committed 169920K, reserved 622592K
  class space    used 23126K, committed 24192K, reserved 425984K
}
Event: 204.149 GC heap after
{Heap after GC invocations=131 (full 0):
 garbage-first heap   total 2035712K, used 585890K [0x0000000700000000, 0x0000000800000000)
  region size 2048K, 3 young (6144K), 3 survivors (6144K)
 Metaspace       used 167655K, committed 169920K, reserved 622592K
  class space    used 23126K, committed 24192K, reserved 425984K
}
Event: 205.860 GC heap before
{Heap before GC invocations=131 (full 0):
 garbage-first heap   total 2035712K, used 1423522K [0x0000000700000000, 0x0000000800000000)
  region size 2048K, 412 young (843776K), 3 survivors (6144K)
 Metaspace       used 167702K, committed 169984K, reserved 622592K
  class space    used 23126K, committed 24192K, reserved 425984K
}
Event: 205.884 GC heap after
{Heap after GC invocations=132 (full 0):
 garbage-first heap   total 2035712K, used 592050K [0x0000000700000000, 0x0000000800000000)
  region size 2048K, 6 young (12288K), 6 survivors (12288K)
 Metaspace       used 167702K, committed 169984K, reserved 622592K
  class space    used 23126K, committed 24192K, reserved 425984K
}
Event: 209.204 GC heap before
{Heap before GC invocations=132 (full 0):
 garbage-first heap   total 2035712K, used 1599666K [0x0000000700000000, 0x0000000800000000)
  region size 2048K, 498 young (1019904K), 6 survivors (12288K)
 Metaspace       used 167750K, committed 170048K, reserved 622592K
  class space    used 23127K, committed 24192K, reserved 425984K
}
Event: 209.704 GC heap after
{Heap after GC invocations=133 (full 0):
 garbage-first heap   total 2035712K, used 606683K [0x0000000700000000, 0x0000000800000000)
  region size 2048K, 13 young (26624K), 13 survivors (26624K)
 Metaspace       used 167750K, committed 170048K, reserved 622592K
  class space    used 23127K, committed 24192K, reserved 425984K
}
Event: 210.288 GC heap before
{Heap before GC invocations=133 (full 0):
 garbage-first heap   total 2035712K, used 946651K [0x0000000700000000, 0x0000000800000000)
  region size 2048K, 180 young (368640K), 13 survivors (26624K)
 Metaspace       used 167754K, committed 170048K, reserved 622592K
  class space    used 23127K, committed 24192K, reserved 425984K
}
Event: 210.660 GC heap after
{Heap after GC invocations=134 (full 0):
 garbage-first heap   total 2035712K, used 603717K [0x0000000700000000, 0x0000000800000000)
  region size 2048K, 10 young (20480K), 10 survivors (20480K)
 Metaspace       used 167754K, committed 170048K, reserved 622592K
  class space    used 23127K, committed 24192K, reserved 425984K
}
Event: 210.822 GC heap before
{Heap before GC invocations=134 (full 0):
 garbage-first heap   total 2035712K, used 683589K [0x0000000700000000, 0x0000000800000000)
  region size 2048K, 49 young (100352K), 10 survivors (20480K)
 Metaspace       used 167755K, committed 170048K, reserved 622592K
  class space    used 23127K, committed 24192K, reserved 425984K
}
Event: 211.707 GC heap after
{Heap after GC invocations=135 (full 0):
 garbage-first heap   total 2123776K, used 605625K [0x0000000700000000, 0x0000000800000000)
  region size 2048K, 3 young (6144K), 3 survivors (6144K)
 Metaspace       used 167755K, committed 170048K, reserved 622592K
  class space    used 23127K, committed 24192K, reserved 425984K
}
Event: 212.058 GC heap before
{Heap before GC invocations=135 (full 0):
 garbage-first heap   total 2123776K, used 705977K [0x0000000700000000, 0x0000000800000000)
  region size 2048K, 51 young (104448K), 3 survivors (6144K)
 Metaspace       used 167756K, committed 170048K, reserved 622592K
  class space    used 23127K, committed 24192K, reserved 425984K
}
Event: 212.572 GC heap after
{Heap after GC invocations=136 (full 0):
 garbage-first heap   total 2123776K, used 608687K [0x0000000700000000, 0x0000000800000000)
  region size 2048K, 4 young (8192K), 4 survivors (8192K)
 Metaspace       used 167756K, committed 170048K, reserved 622592K
  class space    used 23127K, committed 24192K, reserved 425984K
}
Event: 212.875 GC heap before
{Heap before GC invocations=136 (full 0):
 garbage-first heap   total 2123776K, used 704943K [0x0000000700000000, 0x0000000800000000)
  region size 2048K, 51 young (104448K), 4 survivors (8192K)
 Metaspace       used 167756K, committed 170048K, reserved 622592K
  class space    used 23127K, committed 24192K, reserved 425984K
}
Event: 212.968 GC heap after
{Heap after GC invocations=137 (full 0):
 garbage-first heap   total 2123776K, used 608791K [0x0000000700000000, 0x0000000800000000)
  region size 2048K, 4 young (8192K), 4 survivors (8192K)
 Metaspace       used 167756K, committed 170048K, reserved 622592K
  class space    used 23127K, committed 24192K, reserved 425984K
}
Event: 213.304 GC heap before
{Heap before GC invocations=137 (full 0):
 garbage-first heap   total 2123776K, used 741911K [0x0000000700000000, 0x0000000800000000)
  region size 2048K, 68 young (139264K), 4 survivors (8192K)
 Metaspace       used 167757K, committed 170048K, reserved 622592K
  class space    used 23127K, committed 24192K, reserved 425984K
}
Event: 213.404 GC heap after
{Heap after GC invocations=138 (full 0):
 garbage-first heap   total 2123776K, used 615676K [0x0000000700000000, 0x0000000800000000)
  region size 2048K, 6 young (12288K), 6 survivors (12288K)
 Metaspace       used 167757K, committed 170048K, reserved 622592K
  class space    used 23127K, committed 24192K, reserved 425984K
}
Event: 214.371 GC heap before
{Heap before GC invocations=138 (full 0):
 garbage-first heap   total 2123776K, used 711932K [0x0000000700000000, 0x0000000800000000)
  region size 2048K, 51 young (104448K), 6 survivors (12288K)
 Metaspace       used 167760K, committed 170048K, reserved 622592K
  class space    used 23127K, committed 24192K, reserved 425984K
}

Dll operation events (16 events):
Event: 0.016 Loaded shared library C:\Program Files\Microsoft\jdk-17.0.13.11-hotspot\bin\java.dll
Event: 0.032 Loaded shared library C:\Program Files\Microsoft\jdk-17.0.13.11-hotspot\bin\jsvml.dll
Event: 0.086 Loaded shared library C:\Program Files\Microsoft\jdk-17.0.13.11-hotspot\bin\zip.dll
Event: 0.090 Loaded shared library C:\Program Files\Microsoft\jdk-17.0.13.11-hotspot\bin\instrument.dll
Event: 0.095 Loaded shared library C:\Program Files\Microsoft\jdk-17.0.13.11-hotspot\bin\net.dll
Event: 0.098 Loaded shared library C:\Program Files\Microsoft\jdk-17.0.13.11-hotspot\bin\nio.dll
Event: 0.100 Loaded shared library C:\Program Files\Microsoft\jdk-17.0.13.11-hotspot\bin\zip.dll
Event: 0.409 Loaded shared library C:\Program Files\Microsoft\jdk-17.0.13.11-hotspot\bin\jimage.dll
Event: 0.587 Loaded shared library C:\Program Files\Microsoft\jdk-17.0.13.11-hotspot\bin\verify.dll
Event: 0.678 Loaded shared library C:\Users\laxman\.gradle\native\1def1411415f61bf3af743bc5b6707747c0891f09f0c88961ee8f79bc544acac\windows-amd64\native-platform.dll
Event: 0.706 Loaded shared library C:\Users\laxman\.gradle\native\0.2.7\x86_64-windows-gnu\gradle-fileevents.dll
Event: 2.060 Loaded shared library C:\Program Files\Microsoft\jdk-17.0.13.11-hotspot\bin\management.dll
Event: 2.063 Loaded shared library C:\Program Files\Microsoft\jdk-17.0.13.11-hotspot\bin\management_ext.dll
Event: 2.269 Loaded shared library C:\Program Files\Microsoft\jdk-17.0.13.11-hotspot\bin\extnet.dll
Event: 2.452 Loaded shared library C:\Program Files\Microsoft\jdk-17.0.13.11-hotspot\bin\sunmscapi.dll
Event: 47.186 Loaded shared library C:\Program Files\Microsoft\jdk-17.0.13.11-hotspot\bin\rmi.dll

Deoptimization events (20 events):
Event: 213.041 Thread 0x00000205f3108690 DEOPT PACKING pc=0x00000205d43782dc sp=0x00000052330f9de0
Event: 213.041 Thread 0x00000205f3108690 DEOPT UNPACKING pc=0x00000205d8427143 sp=0x00000052330f93b0 mode 0
Event: 213.054 Thread 0x00000205f3108690 DEOPT PACKING pc=0x00000205d425dab7 sp=0x00000052330fa3c0
Event: 213.054 Thread 0x00000205f3108690 DEOPT UNPACKING pc=0x00000205d8427143 sp=0x00000052330f9960 mode 0
Event: 213.567 Thread 0x00000205f3108690 DEOPT PACKING pc=0x00000205d473ebf5 sp=0x00000052330fb400
Event: 213.567 Thread 0x00000205f3108690 DEOPT UNPACKING pc=0x00000205d8427143 sp=0x00000052330fa920 mode 0
Event: 213.580 Thread 0x00000205f3109ad0 Uncommon trap: trap_request=0xffffffbe fr.pc=0x00000205da36de3c relative=0x000000000000cf3c
Event: 213.580 Thread 0x00000205f3109ad0 Uncommon trap: reason=profile_predicate action=maybe_recompile pc=0x00000205da36de3c method=com.android.tools.r8.internal.de.a(Lcom/android/tools/r8/internal/oe;[Lcom/android/tools/r8/internal/M4;I)V @ 1841 c2
Event: 213.580 Thread 0x00000205f3109ad0 DEOPT PACKING pc=0x00000205da36de3c sp=0x00000052329faef0
Event: 213.580 Thread 0x00000205f3109ad0 DEOPT UNPACKING pc=0x00000205d84269a3 sp=0x00000052329faeb0 mode 2
Event: 213.584 Thread 0x00000205f3109ad0 Uncommon trap: trap_request=0xffffffbe fr.pc=0x00000205da36de3c relative=0x000000000000cf3c
Event: 213.584 Thread 0x00000205f3109ad0 Uncommon trap: reason=profile_predicate action=maybe_recompile pc=0x00000205da36de3c method=com.android.tools.r8.internal.de.a(Lcom/android/tools/r8/internal/oe;[Lcom/android/tools/r8/internal/M4;I)V @ 1841 c2
Event: 213.584 Thread 0x00000205f3109ad0 DEOPT PACKING pc=0x00000205da36de3c sp=0x00000052329faef0
Event: 213.584 Thread 0x00000205f3109ad0 DEOPT UNPACKING pc=0x00000205d84269a3 sp=0x00000052329faeb0 mode 2
Event: 214.282 Thread 0x00000205f310b420 Uncommon trap: trap_request=0xffffff45 fr.pc=0x00000205d9ae8cfc relative=0x000000000000c8fc
Event: 214.301 Thread 0x00000205f310b420 Uncommon trap: reason=unstable_if action=reinterpret pc=0x00000205d9ae8cfc method=com.android.tools.r8.internal.de.a(Lcom/android/tools/r8/internal/rY;Lcom/android/tools/r8/internal/ji;I)V @ 2315 c2
Event: 214.301 Thread 0x00000205f310b420 DEOPT PACKING pc=0x00000205d9ae8cfc sp=0x00000052327fa2b0
Event: 214.326 Thread 0x00000205f310b420 DEOPT UNPACKING pc=0x00000205d84269a3 sp=0x00000052327fa258 mode 2
Event: 214.335 Thread 0x00000205f663f3d0 DEOPT PACKING pc=0x00000205d3a8874a sp=0x00000052317fa040
Event: 214.336 Thread 0x00000205f663f3d0 DEOPT UNPACKING pc=0x00000205d8427143 sp=0x00000052317f9540 mode 0

Classes loaded (20 events):
Event: 80.776 Loading class java/util/stream/SliceOps
Event: 80.777 Loading class java/util/stream/SliceOps done
Event: 80.777 Loading class java/util/stream/SliceOps$1
Event: 80.779 Loading class java/util/stream/SliceOps$1 done
Event: 80.786 Loading class java/util/stream/SliceOps$1$1
Event: 80.786 Loading class java/util/stream/SliceOps$1$1 done
Event: 82.786 Loading class java/nio/ShortBuffer
Event: 82.790 Loading class java/nio/ShortBuffer done
Event: 82.869 Loading class java/nio/ByteBufferAsShortBufferL
Event: 82.871 Loading class java/nio/ByteBufferAsShortBufferL done
Event: 82.950 Loading class java/util/zip/Adler32
Event: 82.951 Loading class java/util/zip/Adler32 done
Event: 84.772 Loading class java/io/PushbackInputStream
Event: 84.777 Loading class java/io/PushbackInputStream done
Event: 86.502 Loading class java/util/concurrent/ConcurrentHashMap$TreeNode
Event: 86.505 Loading class java/util/concurrent/ConcurrentHashMap$TreeNode done
Event: 86.505 Loading class java/util/concurrent/ConcurrentHashMap$TreeBin
Event: 86.507 Loading class java/util/concurrent/ConcurrentHashMap$TreeBin done
Event: 86.767 Loading class java/nio/file/FileTreeIterator
Event: 86.769 Loading class java/nio/file/FileTreeIterator done

Classes unloaded (20 events):
Event: 58.713 Thread 0x00000205ec658f20 Unloading class 0x00000205822db800 'jdk/internal/jimage/ImageHeader'
Event: 58.713 Thread 0x00000205ec658f20 Unloading class 0x00000205822dadc8 'jdk/internal/jimage/BasicImageReader$2'
Event: 58.713 Thread 0x00000205ec658f20 Unloading class 0x00000205822dab98 'jdk/internal/jimage/BasicImageReader$1'
Event: 58.713 Thread 0x00000205ec658f20 Unloading class 0x00000205822da930 'jdk/internal/jimage/ImageReader$Resource'
Event: 58.713 Thread 0x00000205ec658f20 Unloading class 0x00000205822da6c8 'jdk/internal/jimage/ImageReader$LinkNode'
Event: 58.713 Thread 0x00000205ec658f20 Unloading class 0x00000205822da460 'jdk/internal/jimage/ImageReader$Directory'
Event: 58.713 Thread 0x00000205ec658f20 Unloading class 0x00000205822da1f8 'jdk/internal/jimage/ImageReader$Node'
Event: 58.713 Thread 0x00000205ec658f20 Unloading class 0x00000205822da000 'jdk/internal/jimage/ImageStrings'
Event: 58.713 Thread 0x00000205ec658f20 Unloading class 0x00000205822d9b50 'jdk/internal/jimage/ImageReader$SharedImageReader'
Event: 58.713 Thread 0x00000205ec658f20 Unloading class 0x00000205822d9890 'jdk/internal/jimage/BasicImageReader'
Event: 58.713 Thread 0x00000205ec658f20 Unloading class 0x00000205822d9670 'jdk/internal/jimage/ImageReader'
Event: 58.713 Thread 0x00000205ec658f20 Unloading class 0x00000205822d9448 'jdk/internal/jrtfs/SystemImage$2'
Event: 58.713 Thread 0x00000205ec658f20 Unloading class 0x00000205822d9230 'jdk/internal/jrtfs/SystemImage$$Lambda$2760+0x00000205822d9230'
Event: 58.713 Thread 0x00000205ec658f20 Unloading class 0x00000205822d9000 'jdk/internal/jrtfs/ExplodedImage'
Event: 58.713 Thread 0x00000205ec658f20 Unloading class 0x00000205822d8dc8 'jdk/internal/jrtfs/SystemImage$1'
Event: 58.713 Thread 0x00000205ec658f20 Unloading class 0x00000205822d8bb0 'jdk/internal/jrtfs/SystemImage'
Event: 58.713 Thread 0x00000205ec658f20 Unloading class 0x00000205822d8950 'jdk/internal/jrtfs/JrtFileStore'
Event: 58.713 Thread 0x00000205ec658f20 Unloading class 0x00000205822d85d8 'jdk/internal/jrtfs/JrtPath'
Event: 58.713 Thread 0x00000205ec658f20 Unloading class 0x00000205822d82e0 'jdk/internal/jrtfs/JrtFileSystem'
Event: 58.713 Thread 0x00000205ec658f20 Unloading class 0x00000205822d8000 'jdk/internal/jrtfs/JrtFileSystemProvider'

Classes redefined (0 events):
No events

Internal exceptions (20 events):
Event: 204.918 Thread 0x00000205f3108690 Exception <a 'sun/nio/fs/WindowsException'{0x000000075e219b48}> (0x000000075e219b48) 
thrown [s\src\hotspot\share\prims\jni.cpp, line 516]
Event: 205.000 Thread 0x00000205f3108690 Exception <a 'sun/nio/fs/WindowsException'{0x000000075c9caf80}> (0x000000075c9caf80) 
thrown [s\src\hotspot\share\prims\jni.cpp, line 516]
Event: 205.018 Thread 0x00000205f310b420 Exception <a 'sun/nio/fs/WindowsException'{0x000000075c23b258}> (0x000000075c23b258) 
thrown [s\src\hotspot\share\prims\jni.cpp, line 516]
Event: 205.196 Thread 0x00000205f310b420 Exception <a 'sun/nio/fs/WindowsException'{0x000000075a477768}> (0x000000075a477768) 
thrown [s\src\hotspot\share\prims\jni.cpp, line 516]
Event: 205.206 Thread 0x00000205f3108690 Exception <a 'sun/nio/fs/WindowsException'{0x0000000758da85f0}> (0x0000000758da85f0) 
thrown [s\src\hotspot\share\prims\jni.cpp, line 516]
Event: 205.262 Thread 0x00000205f310b420 Exception <a 'sun/nio/fs/WindowsException'{0x0000000757e529f0}> (0x0000000757e529f0) 
thrown [s\src\hotspot\share\prims\jni.cpp, line 516]
Event: 205.264 Thread 0x00000205f3108690 Exception <a 'sun/nio/fs/WindowsException'{0x0000000757f70ad0}> (0x0000000757f70ad0) 
thrown [s\src\hotspot\share\prims\jni.cpp, line 516]
Event: 205.406 Thread 0x00000205f310b420 Exception <a 'sun/nio/fs/WindowsException'{0x00000007555be7c8}> (0x00000007555be7c8) 
thrown [s\src\hotspot\share\prims\jni.cpp, line 516]
Event: 205.447 Thread 0x00000205f310b420 Exception <a 'sun/nio/fs/WindowsException'{0x0000000754bf6c20}> (0x0000000754bf6c20) 
thrown [s\src\hotspot\share\prims\jni.cpp, line 516]
Event: 206.136 Thread 0x00000205f3108690 Exception <a 'sun/nio/fs/WindowsException'{0x00000007771c3e48}> (0x00000007771c3e48) 
thrown [s\src\hotspot\share\prims\jni.cpp, line 516]
Event: 206.178 Thread 0x00000205f310b420 Exception <a 'sun/nio/fs/WindowsException'{0x00000007774ea6c0}> (0x00000007774ea6c0) 
thrown [s\src\hotspot\share\prims\jni.cpp, line 516]
Event: 206.494 Thread 0x00000205f310b420 Exception <a 'sun/nio/fs/WindowsException'{0x0000000768224c68}> (0x0000000768224c68) 
thrown [s\src\hotspot\share\prims\jni.cpp, line 516]
Event: 207.212 Thread 0x00000205f3109ad0 Exception <a 'sun/nio/fs/WindowsException'{0x0000000761a2aff8}> (0x0000000761a2aff8) 
thrown [s\src\hotspot\share\prims\jni.cpp, line 516]
Event: 208.305 Thread 0x00000205f31095c0 Exception <a 'sun/nio/fs/WindowsException'{0x0000000756137240}> (0x0000000756137240) 
thrown [s\src\hotspot\share\prims\jni.cpp, line 516]
Event: 208.305 Thread 0x00000205f310b420 Exception <a 'sun/nio/fs/WindowsException'{0x00000007512cfdc0}> (0x00000007512cfdc0) 
thrown [s\src\hotspot\share\prims\jni.cpp, line 516]
Event: 208.410 Thread 0x00000205f663f3d0 Exception <a 'sun/nio/fs/WindowsException'{0x0000000744d1a778}> (0x0000000744d1a778) 
thrown [s\src\hotspot\share\prims\jni.cpp, line 516]
Event: 213.042 Thread 0x00000205f3107c70 Exception <a 'sun/nio/fs/WindowsException'{0x00000007818db120}> (0x00000007818db120) 
thrown [s\src\hotspot\share\prims\jni.cpp, line 516]
Event: 213.242 Thread 0x00000205f3109ad0 Exception <a 'sun/nio/fs/WindowsException'{0x000000077a318b20}> (0x000000077a318b20) 
thrown [s\src\hotspot\share\prims\jni.cpp, line 516]
Event: 213.693 Thread 0x00000205f3108690 Exception <a 'sun/nio/fs/WindowsException'{0x000000077d917668}> (0x000000077d917668) 
thrown [s\src\hotspot\share\prims\jni.cpp, line 516]
Event: 214.020 Thread 0x00000205f4348ac0 Exception <a 'sun/nio/fs/WindowsException'{0x000000077d7d37c8}> (0x000000077d7d37c8) 
thrown [s\src\hotspot\share\prims\jni.cpp, line 516]

VM Operations (20 events):
Event: 204.149 Executing VM operation: G1CollectForAllocation done
Event: 205.095 Executing VM operation: HandshakeAllThreads
Event: 205.101 Executing VM operation: HandshakeAllThreads done
Event: 205.830 Executing VM operation: G1CollectForAllocation
Event: 205.884 Executing VM operation: G1CollectForAllocation done
Event: 207.885 Executing VM operation: Cleanup
Event: 207.991 Executing VM operation: Cleanup done
Event: 209.085 Executing VM operation: G1CollectForAllocation
Event: 209.704 Executing VM operation: G1CollectForAllocation done
Event: 210.197 Executing VM operation: G1CollectForAllocation
Event: 210.669 Executing VM operation: G1CollectForAllocation done
Event: 210.811 Executing VM operation: G1CollectForAllocation
Event: 211.707 Executing VM operation: G1CollectForAllocation done
Event: 211.962 Executing VM operation: G1CollectForAllocation
Event: 212.572 Executing VM operation: G1CollectForAllocation done
Event: 212.797 Executing VM operation: G1CollectForAllocation
Event: 212.968 Executing VM operation: G1CollectForAllocation done
Event: 213.284 Executing VM operation: G1CollectForAllocation
Event: 213.404 Executing VM operation: G1CollectForAllocation done
Event: 214.362 Executing VM operation: G1CollectForAllocation

Memory protections (0 events):
No events

Nmethod flushes (20 events):
Event: 200.549 Thread 0x00000205ec8e28b0 flushing  nmethod 0x00000205d440ca90
Event: 200.550 Thread 0x00000205ec8e28b0 flushing  nmethod 0x00000205d442e010
Event: 200.550 Thread 0x00000205ec8e28b0 flushing  nmethod 0x00000205d443fa90
Event: 200.551 Thread 0x00000205ec8e28b0 flushing  nmethod 0x00000205d4515b10
Event: 200.551 Thread 0x00000205ec8e28b0 flushing  nmethod 0x00000205d4516590
Event: 200.551 Thread 0x00000205ec8e28b0 flushing  nmethod 0x00000205d45bcd10
Event: 200.552 Thread 0x00000205ec8e28b0 flushing  nmethod 0x00000205d4662a10
Event: 200.553 Thread 0x00000205ec8e28b0 flushing  nmethod 0x00000205d475e110
Event: 200.553 Thread 0x00000205ec8e28b0 flushing  nmethod 0x00000205d47b6890
Event: 200.553 Thread 0x00000205ec8e28b0 flushing  nmethod 0x00000205d47c0810
Event: 200.555 Thread 0x00000205ec8e28b0 flushing  nmethod 0x00000205d48fc510
Event: 200.555 Thread 0x00000205ec8e28b0 flushing  nmethod 0x00000205d4953210
Event: 200.556 Thread 0x00000205ec8e28b0 flushing  nmethod 0x00000205d4a00490
Event: 205.277 Thread 0x00000205ec8e28b0 flushing  nmethod 0x00000205d8d53690
Event: 206.239 Thread 0x00000205ec8e28b0 flushing  nmethod 0x00000205da08df10
Event: 206.240 Thread 0x00000205ec8e28b0 flushing  nmethod 0x00000205da232190
Event: 206.250 Thread 0x00000205ec8e28b0 flushing  nmethod 0x00000205da261690
Event: 206.798 Thread 0x00000205ec8e28b0 flushing  nmethod 0x00000205d16ea590
Event: 207.032 Thread 0x00000205ec8e28b0 flushing  nmethod 0x00000205d1822990
Event: 207.651 Thread 0x00000205ec8e28b0 flushing  nmethod 0x00000205d1bda190

Events (20 events):
Event: 74.366 Thread 0x00000205ec8a7030 Thread added: 0x00000205fecbab50
Event: 75.845 Thread 0x00000205fecbab50 Thread exited: 0x00000205fecbab50
Event: 85.302 Thread 0x00000205f66e7ca0 Thread exited: 0x00000205f66e7ca0
Event: 86.493 Thread 0x00000205f4348ac0 Thread added: 0x00000205fdb5f650
Event: 90.205 Thread 0x00000205f66da800 Thread exited: 0x00000205f66da800
Event: 90.205 Thread 0x00000205f66ddaa0 Thread exited: 0x00000205f66ddaa0
Event: 90.207 Thread 0x00000205f66dc660 Thread exited: 0x00000205f66dc660
Event: 93.665 Thread 0x00000205f310d280 Thread exited: 0x00000205f310d280
Event: 123.876 Thread 0x00000205f66e7280 Thread exited: 0x00000205f66e7280
Event: 148.170 Thread 0x000002059c307940 Thread exited: 0x000002059c307940
Event: 153.267 Thread 0x00000205f66e5420 Thread exited: 0x00000205f66e5420
Event: 154.030 Thread 0x00000205f43480a0 Thread exited: 0x00000205f43480a0
Event: 167.643 Thread 0x000002059c30a1c0 Thread exited: 0x000002059c30a1c0
Event: 176.529 Thread 0x00000205f66e6860 Thread added: 0x00000205fe4b8200
Event: 176.531 Thread 0x00000205f66e6860 Thread added: 0x00000205fe4b72d0
Event: 185.273 Thread 0x00000205ec8a7030 Thread added: 0x00000205fe0448c0
Event: 185.432 Thread 0x00000205fe0448c0 Thread added: 0x000002059d8b04d0
Event: 188.622 Thread 0x00000205f66e6860 Thread added: 0x00000205fe4b5e90
Event: 191.248 Thread 0x000002059d8b04d0 Thread exited: 0x000002059d8b04d0
Event: 214.335 Thread 0x00000205f310dca0 Thread exited: 0x00000205f310dca0


Dynamic libraries:
0x00007ff6fd2e0000 - 0x00007ff6fd2ee000 	C:\Program Files\Microsoft\jdk-17.0.13.11-hotspot\bin\java.exe
0x00007ffad6ca0000 - 0x00007ffad6f09000 	C:\WINDOWS\SYSTEM32\ntdll.dll
0x00007ffad4bc0000 - 0x00007ffad4c89000 	C:\WINDOWS\System32\KERNEL32.DLL
0x00007ffad4670000 - 0x00007ffad4a63000 	C:\WINDOWS\System32\KERNELBASE.dll
0x00007ffad4310000 - 0x00007ffad445b000 	C:\WINDOWS\System32\ucrtbase.dll
0x00007ffaa2620000 - 0x00007ffaa2637000 	C:\Program Files\Microsoft\jdk-17.0.13.11-hotspot\bin\jli.dll
0x00007ffaa2010000 - 0x00007ffaa202d000 	C:\Program Files\Microsoft\jdk-17.0.13.11-hotspot\bin\VCRUNTIME140.dll
0x00007ffad52b0000 - 0x00007ffad5474000 	C:\WINDOWS\System32\USER32.dll
0x00007ffad4640000 - 0x00007ffad4667000 	C:\WINDOWS\System32\win32u.dll
0x00007ffad4a70000 - 0x00007ffad4a9b000 	C:\WINDOWS\System32\GDI32.dll
0x00007ffad4460000 - 0x00007ffad458d000 	C:\WINDOWS\System32\gdi32full.dll
0x00007ffac1b90000 - 0x00007ffac1e23000 	C:\WINDOWS\WinSxS\amd64_microsoft.windows.common-controls_6595b64144ccf1df_6.0.26100.5074_none_3e0d6f78e32fd63f\COMCTL32.dll
0x00007ffad4590000 - 0x00007ffad4633000 	C:\WINDOWS\System32\msvcp_win.dll
0x00007ffad54a0000 - 0x00007ffad5549000 	C:\WINDOWS\System32\msvcrt.dll
0x00007ffad6b20000 - 0x00007ffad6b4f000 	C:\WINDOWS\System32\IMM32.DLL
0x00007ffaa79d0000 - 0x00007ffaa79dc000 	C:\Program Files\Microsoft\jdk-17.0.13.11-hotspot\bin\vcruntime140_1.dll
0x00007ffa677c0000 - 0x00007ffa6784d000 	C:\Program Files\Microsoft\jdk-17.0.13.11-hotspot\bin\msvcp140.dll
0x00007ffa66b40000 - 0x00007ffa677b1000 	C:\Program Files\Microsoft\jdk-17.0.13.11-hotspot\bin\server\jvm.dll
0x00007ffad69e0000 - 0x00007ffad6a94000 	C:\WINDOWS\System32\ADVAPI32.dll
0x00007ffad60a0000 - 0x00007ffad6146000 	C:\WINDOWS\System32\sechost.dll
0x00007ffad4aa0000 - 0x00007ffad4bb8000 	C:\WINDOWS\System32\RPCRT4.dll
0x00007ffad59e0000 - 0x00007ffad5a54000 	C:\WINDOWS\System32\WS2_32.dll
0x00007ffad3c90000 - 0x00007ffad3cee000 	C:\WINDOWS\SYSTEM32\POWRPROF.dll
0x00007ffaccdf0000 - 0x00007ffaccdfb000 	C:\WINDOWS\SYSTEM32\VERSION.dll
0x00007ffacb490000 - 0x00007ffacb4c5000 	C:\WINDOWS\SYSTEM32\WINMM.dll
0x00007ffad3c70000 - 0x00007ffad3c84000 	C:\WINDOWS\SYSTEM32\UMPDC.dll
0x00007ffad2b70000 - 0x00007ffad2b8b000 	C:\WINDOWS\SYSTEM32\kernel.appcore.dll
0x00007ffaa5d60000 - 0x00007ffaa5d6a000 	C:\Program Files\Microsoft\jdk-17.0.13.11-hotspot\bin\jimage.dll
0x00007ffad1850000 - 0x00007ffad1a92000 	C:\WINDOWS\SYSTEM32\DBGHELP.DLL
0x00007ffad5ac0000 - 0x00007ffad5e3b000 	C:\WINDOWS\System32\combase.dll
0x00007ffad6150000 - 0x00007ffad6227000 	C:\WINDOWS\System32\OLEAUT32.dll
0x00007ffac3da0000 - 0x00007ffac3ddd000 	C:\WINDOWS\SYSTEM32\dbgcore.DLL
0x00007ffad3e30000 - 0x00007ffad3ec9000 	C:\WINDOWS\System32\bcryptPrimitives.dll
0x00007ffac5fc0000 - 0x00007ffac5fce000 	C:\Program Files\Microsoft\jdk-17.0.13.11-hotspot\bin\instrument.dll
0x00007ffa8ce10000 - 0x00007ffa8ce35000 	C:\Program Files\Microsoft\jdk-17.0.13.11-hotspot\bin\java.dll
0x00007ffa66a60000 - 0x00007ffa66b37000 	C:\Program Files\Microsoft\jdk-17.0.13.11-hotspot\bin\jsvml.dll
0x00007ffad6280000 - 0x00007ffad69cd000 	C:\WINDOWS\System32\SHELL32.dll
0x00007ffad4110000 - 0x00007ffad427c000 	C:\WINDOWS\System32\wintypes.dll
0x00007ffad1ad0000 - 0x00007ffad2329000 	C:\WINDOWS\SYSTEM32\windows.storage.dll
0x00007ffad4c90000 - 0x00007ffad4d80000 	C:\WINDOWS\System32\SHCORE.dll
0x00007ffad5550000 - 0x00007ffad55b2000 	C:\WINDOWS\System32\shlwapi.dll
0x00007ffad3d50000 - 0x00007ffad3d79000 	C:\WINDOWS\SYSTEM32\profapi.dll
0x00007ffa6a730000 - 0x00007ffa6a748000 	C:\Program Files\Microsoft\jdk-17.0.13.11-hotspot\bin\zip.dll
0x00007ffaa11c0000 - 0x00007ffaa11da000 	C:\Program Files\Microsoft\jdk-17.0.13.11-hotspot\bin\net.dll
0x00007ffaccb50000 - 0x00007ffaccc6f000 	C:\WINDOWS\SYSTEM32\WINHTTP.dll
0x00007ffad3190000 - 0x00007ffad31fb000 	C:\WINDOWS\system32\mswsock.dll
0x00007ffa8c770000 - 0x00007ffa8c786000 	C:\Program Files\Microsoft\jdk-17.0.13.11-hotspot\bin\nio.dll
0x00007ffad01f0000 - 0x00007ffad0200000 	C:\Program Files\Microsoft\jdk-17.0.13.11-hotspot\bin\verify.dll
0x00007ffab63a0000 - 0x00007ffab63c7000 	C:\Users\laxman\.gradle\native\1def1411415f61bf3af743bc5b6707747c0891f09f0c88961ee8f79bc544acac\windows-amd64\native-platform.dll
0x00007ffa9c9f0000 - 0x00007ffa9ca68000 	C:\Users\laxman\.gradle\native\0.2.7\x86_64-windows-gnu\gradle-fileevents.dll
0x00007ffacec90000 - 0x00007ffacec9a000 	C:\Program Files\Microsoft\jdk-17.0.13.11-hotspot\bin\management.dll
0x00007ffacdf70000 - 0x00007ffacdf7b000 	C:\Program Files\Microsoft\jdk-17.0.13.11-hotspot\bin\management_ext.dll
0x00007ffad5870000 - 0x00007ffad5878000 	C:\WINDOWS\System32\PSAPI.DLL
0x00007ffad2680000 - 0x00007ffad26b4000 	C:\WINDOWS\SYSTEM32\IPHLPAPI.DLL
0x00007ffad69d0000 - 0x00007ffad69da000 	C:\WINDOWS\System32\NSI.dll
0x00007ffaccb20000 - 0x00007ffaccb3e000 	C:\WINDOWS\SYSTEM32\dhcpcsvc6.DLL
0x00007ffacc900000 - 0x00007ffacc923000 	C:\WINDOWS\SYSTEM32\dhcpcsvc.DLL
0x00007ffad2720000 - 0x00007ffad2846000 	C:\WINDOWS\SYSTEM32\DNSAPI.dll
0x00007ffacdab0000 - 0x00007ffacdab9000 	C:\Program Files\Microsoft\jdk-17.0.13.11-hotspot\bin\extnet.dll
0x00007ffad3430000 - 0x00007ffad344b000 	C:\WINDOWS\SYSTEM32\CRYPTSP.dll
0x00007ffad2b90000 - 0x00007ffad2bcb000 	C:\WINDOWS\system32\rsaenh.dll
0x00007ffad3230000 - 0x00007ffad325b000 	C:\WINDOWS\SYSTEM32\USERENV.dll
0x00007ffad3d20000 - 0x00007ffad3d46000 	C:\WINDOWS\SYSTEM32\bcrypt.dll
0x00007ffad3450000 - 0x00007ffad345c000 	C:\WINDOWS\SYSTEM32\CRYPTBASE.dll
0x00007ffac5860000 - 0x00007ffac586e000 	C:\Program Files\Microsoft\jdk-17.0.13.11-hotspot\bin\sunmscapi.dll
0x00007ffad3f90000 - 0x00007ffad4107000 	C:\WINDOWS\System32\CRYPT32.dll
0x00007ffad35d0000 - 0x00007ffad3600000 	C:\WINDOWS\SYSTEM32\ncrypt.dll
0x00007ffad3580000 - 0x00007ffad35bf000 	C:\WINDOWS\SYSTEM32\NTASN1.dll
0x00007ffa932a0000 - 0x00007ffa932a8000 	C:\WINDOWS\system32\wshunix.dll
0x00007ffac41a0000 - 0x00007ffac41a7000 	C:\Program Files\Microsoft\jdk-17.0.13.11-hotspot\bin\rmi.dll
0x00007ffad2d30000 - 0x00007ffad2d66000 	C:\WINDOWS\SYSTEM32\ntmarta.dll

dbghelp: loaded successfully - version: 4.0.5 - missing functions: none
symbol engine: initialized successfully - sym options: 0x614 - pdb path: .;C:\Program Files\Microsoft\jdk-17.0.13.11-hotspot\bin;C:\WINDOWS\SYSTEM32;C:\WINDOWS\WinSxS\amd64_microsoft.windows.common-controls_6595b64144ccf1df_6.0.26100.5074_none_3e0d6f78e32fd63f;C:\Program Files\Microsoft\jdk-17.0.13.11-hotspot\bin\server;C:\Users\laxman\.gradle\native\1def1411415f61bf3af743bc5b6707747c0891f09f0c88961ee8f79bc544acac\windows-amd64;C:\Users\laxman\.gradle\native\0.2.7\x86_64-windows-gnu

VM Arguments:
jvm_args: --add-opens=java.base/java.lang=ALL-UNNAMED --add-opens=java.base/java.lang.invoke=ALL-UNNAMED --add-opens=java.base/java.util=ALL-UNNAMED --add-opens=java.prefs/java.util.prefs=ALL-UNNAMED --add-exports=jdk.compiler/com.sun.tools.javac.api=ALL-UNNAMED --add-exports=jdk.compiler/com.sun.tools.javac.util=ALL-UNNAMED --add-opens=java.base/java.util=ALL-UNNAMED --add-opens=java.prefs/java.util.prefs=ALL-UNNAMED --add-opens=java.base/java.nio.charset=ALL-UNNAMED --add-opens=java.base/java.net=ALL-UNNAMED --add-opens=java.base/java.util.concurrent.atomic=ALL-UNNAMED --add-opens=java.xml/javax.xml.namespace=ALL-UNNAMED -XX:MaxMetaspaceSize=512m -Xmx4096m -Dfile.encoding=windows-1252 -Duser.country=IN -Duser.language=en -Duser.variant -javaagent:C:\Users\laxman\.gradle\wrapper\dists\gradle-8.14.3-bin\cv11ve7ro1n3o1j4so8xd9n66\gradle-8.14.3\lib\agents\gradle-instrumentation-agent-8.14.3.jar 
java_command: org.gradle.launcher.daemon.bootstrap.GradleDaemon 8.14.3
java_class_path (initial): C:\Users\laxman\.gradle\wrapper\dists\gradle-8.14.3-bin\cv11ve7ro1n3o1j4so8xd9n66\gradle-8.14.3\lib\gradle-daemon-main-8.14.3.jar
Launcher Type: SUN_STANDARD

[Global flags]
     intx CICompilerCount                          = 4                                         {product} {ergonomic}
   size_t CompressedClassSpaceSize                 = 436207616                                 {product} {ergonomic}
     uint ConcGCThreads                            = 3                                         {product} {ergonomic}
     uint G1ConcRefinementThreads                  = 10                                        {product} {ergonomic}
   size_t G1HeapRegionSize                         = 2097152                                   {product} {ergonomic}
    uintx GCDrainStackTargetSize                   = 64                                        {product} {ergonomic}
   size_t InitialHeapSize                          = 98566144                                  {product} {ergonomic}
   size_t MarkStackSize                            = 4194304                                   {product} {ergonomic}
   size_t MaxHeapSize                              = 4294967296                                {product} {command line}
   size_t MaxMetaspaceSize                         = 536870912                                 {product} {command line}
   size_t MaxNewSize                               = 2575302656                                {product} {ergonomic}
   size_t MinHeapDeltaBytes                        = 2097152                                   {product} {ergonomic}
   size_t MinHeapSize                              = 8388608                                   {product} {ergonomic}
    uintx NonNMethodCodeHeapSize                   = 5839372                                {pd product} {ergonomic}
    uintx NonProfiledCodeHeapSize                  = 122909434                              {pd product} {ergonomic}
    uintx ProfiledCodeHeapSize                     = 122909434                              {pd product} {ergonomic}
    uintx ReservedCodeCacheSize                    = 251658240                              {pd product} {ergonomic}
     bool SegmentedCodeCache                       = true                                      {product} {ergonomic}
   size_t SoftMaxHeapSize                          = 4294967296                             {manageable} {ergonomic}
     bool UseCompressedClassPointers               = true                           {product lp64_product} {ergonomic}
     bool UseCompressedOops                        = true                           {product lp64_product} {ergonomic}
     bool UseG1GC                                  = true                                      {product} {ergonomic}
     bool UseLargePagesIndividualAllocation        = false                                  {pd product} {ergonomic}

Logging:
Log output configuration:
 #0: stdout all=warning uptime,level,tags
 #1: stderr all=off uptime,level,tags

Environment Variables:
JAVA_HOME=C:\Program Files\Microsoft\jdk-17.0.13.11-hotspot
PATH=C:\sttribe_Internship\sttribe-app\node_modules\.bin;C:\sttribe_Internship\sttribe-app\node_modules\.bin;C:\sttribe_Internship\node_modules\.bin;C:\node_modules\.bin;C:\Users\laxman\AppData\Roaming\npm\node_modules\npm\node_modules\@npmcli\run-script\lib\node-gyp-bin;C:\Users\laxman\bin;C:\Program Files\Git\mingw64\bin;C:\Program Files\Git\usr\local\bin;C:\Program Files\Git\usr\bin;C:\Program Files\Git\usr\bin;C:\Program Files\Git\mingw64\bin;C:\Program Files\Git\usr\bin;C:\Users\laxman\bin;C:\WINDOWS\system32;C:\WINDOWS;C:\WINDOWS\System32\Wbem;C:\WINDOWS\System32\WindowsPowerShell\v1.0;C:\WINDOWS\System32\OpenSSH;C:\Program Files\Git\cmd;C:\ProgramData\chocolatey\bin;C:\Users\laxman\AppData\Local\Android\Sdk\platforms;C:\Users\laxman\AppData\Local\Android\Sdk;C:\Users\laxman\AppData\Local\Android\Sdk\platform-tools;C:\Users\laxman\AppData\Local\Android\Sdk\build-tools;C:\Users\laxman\AppData\Local\Android\Sdk\emulator;C:\Program Files\Microsoft\jdk-17.0.13.11-hotspot\bin;C:\Program Files\nodejs;C:\Users\laxman\AppData\Local\Android\Sdk\tools;C:\Users\laxman\AppData\Local\Microsoft\WindowsApps;C:\Users\laxman\AppData\Local\Programs\Microsoft VS Code\bin;C:\jdk-20\bin;C:\Users\laxman\AppData\Local\Android\Sdk;C:\Users\laxman\AppData\Local\Android\Sdk\platform-tools;C:\Users\laxman\AppData\Local\Android\Sdk\emulator;C:\Users\laxman\AppData\Local\Android\Sdk\build-tools;C:\Users\laxman\AppData\Local\Android\Sdk\platforms;C:\Program Files\Microsoft\jdk-17.0.13.11-hotspot\bin;C:\Users\laxman\AppData\Roaming\npm;C:\Program Files\Git\usr\bin\vendor_perl;C:\Program Files\Git\usr\bin\core_perl
USERNAME=laxman
SHELL=C:\Program Files\Git\usr\bin\bash.exe
DISPLAY=needs-to-be-defined
LANG=en_US.UTF-8
TERM=xterm-256color
TMPDIR=C:\Users\laxman\AppData\Local\Temp
OS=Windows_NT
PROCESSOR_IDENTIFIER=AMD64 Family 23 Model 104 Stepping 1, AuthenticAMD
TMP=C:\Users\laxman\AppData\Local\Temp
TEMP=C:\Users\laxman\AppData\Local\Temp



Periodic native trim disabled


---------------  S Y S T E M  ---------------

OS:
 Windows 11 , 64 bit Build 26100 (10.0.26100.5074)
OS uptime: 11 days 4:56 hours

CPU: total 12 (initial active 12) (12 cores per cpu, 2 threads per core) family 23 model 104 stepping 1 microcode 0x8608103, cx8, cmov, fxsr, ht, mmx, 3dnowpref, sse, sse2, sse3, ssse3, sse4a, sse4.1, sse4.2, popcnt, lzcnt, tsc, tscinvbit, avx, avx2, aes, clmul, bmi1, bmi2, adx, sha, fma, vzeroupper, clflush, clflushopt
Processor Information for processor 0
  Max Mhz: 2100, Current Mhz: 2100, Mhz Limit: 2100
Processor Information for processor 1
  Max Mhz: 2100, Current Mhz: 2100, Mhz Limit: 2100
Processor Information for processor 2
  Max Mhz: 2100, Current Mhz: 1988, Mhz Limit: 2100
Processor Information for processor 3
  Max Mhz: 2100, Current Mhz: 2100, Mhz Limit: 2100
Processor Information for processor 4
  Max Mhz: 2100, Current Mhz: 2100, Mhz Limit: 2100
Processor Information for processor 5
  Max Mhz: 2100, Current Mhz: 2100, Mhz Limit: 2100
Processor Information for processor 6
  Max Mhz: 2100, Current Mhz: 2100, Mhz Limit: 2100
Processor Information for processor 7
  Max Mhz: 2100, Current Mhz: 1988, Mhz Limit: 2100
Processor Information for processor 8
  Max Mhz: 2100, Current Mhz: 1988, Mhz Limit: 2100
Processor Information for processor 9
  Max Mhz: 2100, Current Mhz: 1988, Mhz Limit: 2100
Processor Information for processor 10
  Max Mhz: 2100, Current Mhz: 2100, Mhz Limit: 2100
Processor Information for processor 11
  Max Mhz: 2100, Current Mhz: 1988, Mhz Limit: 2100

Memory: 4k page, system-wide physical 5989M (997M free)
TotalPageFile size 24421M (AvailPageFile size 707M)
current process WorkingSet (physical memory assigned to process): 1077M, peak: 1220M
current process commit charge ("private bytes"): 2792M, peak: 3602M

vm_info: OpenJDK 64-Bit Server VM (17.0.13+11-LTS) for windows-amd64 JRE (17.0.13+11-LTS), built on Oct 11 2024 23:25:05 by "MicrosoftCorporation" with unknown MS VC++:1939

END.
