#
# There is insufficient memory for the Java Runtime Environment to continue.
# Native memory allocation (mmap) failed to map 1019215872 bytes. Error detail: G1 virtual space
# Possible reasons:
#   The system is out of physical RAM or swap space
#   This process is running with CompressedOops enabled, and the Java Heap may be blocking the growth of the native heap
# Possible solutions:
#   Reduce memory load on the system
#   Increase physical memory or swap space
#   Check if swap backing store is full
#   Decrease Java heap size (-Xmx/-Xms)
#   Decrease number of Java threads
#   Decrease Java thread stack sizes (-Xss)
#   Set larger code cache with -XX:ReservedCodeCacheSize=
#   JVM is running with Zero Based Compressed Oops mode in which the Java heap is
#     placed in the first 32GB address space. The Java Heap base address is the
#     maximum limit for the native heap growth. Please use -XX:HeapBaseMinAddress
#     to set the Java Heap base and to place the Java Heap above 32GB virtual address.
# This output file may be truncated or incomplete.
#
#  Out of Memory Error (os_windows.cpp:3679), pid=12000, tid=17360
#
# JRE version: OpenJDK Runtime Environment Microsoft-10376486 (17.0.13+11) (build 17.0.13+11-LTS)
# Java VM: OpenJDK 64-Bit Server VM Microsoft-10376486 (17.0.13+11-LTS, mixed mode, sharing, tiered, compressed oops, compressed class ptrs, g1 gc, windows-amd64)
# No core dump will be written. Minidumps are not enabled by default on client versions of Windows
#

---------------  S U M M A R Y ------------

Command Line: --add-opens=java.base/java.lang=ALL-UNNAMED --add-opens=java.base/java.lang.invoke=ALL-UNNAMED --add-opens=java.base/java.util=ALL-UNNAMED --add-opens=java.prefs/java.util.prefs=ALL-UNNAMED --add-exports=jdk.compiler/com.sun.tools.javac.api=ALL-UNNAMED --add-exports=jdk.compiler/com.sun.tools.javac.util=ALL-UNNAMED --add-opens=java.base/java.util=ALL-UNNAMED --add-opens=java.prefs/java.util.prefs=ALL-UNNAMED --add-opens=java.base/java.nio.charset=ALL-UNNAMED --add-opens=java.base/java.net=ALL-UNNAMED --add-opens=java.base/java.util.concurrent.atomic=ALL-UNNAMED --add-opens=java.xml/javax.xml.namespace=ALL-UNNAMED -XX:MaxMetaspaceSize=512m -Xmx4096m -Dfile.encoding=windows-1252 -Duser.country=IN -Duser.language=en -Duser.variant -javaagent:C:\Users\laxman\.gradle\wrapper\dists\gradle-8.14.3-bin\cv11ve7ro1n3o1j4so8xd9n66\gradle-8.14.3\lib\agents\gradle-instrumentation-agent-8.14.3.jar org.gradle.launcher.daemon.bootstrap.GradleDaemon 8.14.3

Host: AMD Ryzen 5 5500U with Radeon Graphics         , 12 cores, 5G,  Windows 11 , 64 bit Build 26100 (10.0.26100.5074)
Time: Thu Sep 25 12:31:33 2025 India Standard Time elapsed time: 2225.763704 seconds (0d 0h 37m 5s)

---------------  T H R E A D  ---------------

Current thread (0x00000162426b97a0):  VMThread "VM Thread" [stack: 0x00000030a2200000,0x00000030a2300000] [id=17360]

Stack: [0x00000030a2200000,0x00000030a2300000]
Native frames: (J=compiled Java code, j=interpreted, Vv=VM code, C=native code)
V  [jvm.dll+0x687fc9]
V  [jvm.dll+0x83eeb8]
V  [jvm.dll+0x840963]
V  [jvm.dll+0x840fd3]
V  [jvm.dll+0x24951f]
V  [jvm.dll+0x684f89]
V  [jvm.dll+0x6794aa]
V  [jvm.dll+0x30ad27]
V  [jvm.dll+0x312296]
V  [jvm.dll+0x362bde]
V  [jvm.dll+0x362e1d]
V  [jvm.dll+0x2e1fbc]
V  [jvm.dll+0x2e0369]
V  [jvm.dll+0x2dfacc]
V  [jvm.dll+0x32267b]
V  [jvm.dll+0x84580d]
V  [jvm.dll+0x846543]
V  [jvm.dll+0x846a6f]
V  [jvm.dll+0x846e54]
V  [jvm.dll+0x846f1e]
V  [jvm.dll+0x7eea6c]
V  [jvm.dll+0x686ea7]
C  [ucrtbase.dll+0x37b0]
C  [KERNEL32.DLL+0x2e8d7]
C  [ntdll.dll+0x8d9c]

VM_Operation (0x00000030a46fe810): G1CollectForAllocation, mode: safepoint, requested by thread 0x0000016270da90c0


---------------  P R O C E S S  ---------------

Threads class SMR info:
_java_thread_list=0x0000016271786020, length=244, elements={
0x000001621d444360, 0x00000162426bdbf0, 0x00000162426c06d0, 0x00000162426d4c80,
0x00000162426d7660, 0x00000162426d9f40, 0x00000162426da810, 0x00000162426db410,
0x00000162426ddd30, 0x00000162426e0650, 0x00000162427f7a80, 0x00000162428ce340,
0x0000016263b7dd30, 0x0000016263c64870, 0x0000016242a27460, 0x0000016262348210,
0x0000016262348720, 0x0000016262348c30, 0x0000016263f13270, 0x0000016263f12d60,
0x0000016263f13780, 0x0000016263f16f30, 0x0000016265638220, 0x00000162621845b0,
0x0000016262185f00, 0x0000016265f7f530, 0x0000016265f7fa40, 0x0000016265f7ff50,
0x0000016265f85a70, 0x0000016265f85f80, 0x000001626609d3e0, 0x000001626609ced0,
0x00000162660a0170, 0x000001626609ed30, 0x00000162660a3410, 0x0000016270032d40,
0x0000016266febae0, 0x000001627004dd70, 0x000001627004aad0, 0x00000162700505f0,
0x0000016270051f40, 0x0000016277dc4330, 0x000001626f5b9650, 0x0000016268a186d0,
0x0000016268569ba0, 0x000001627132ba90, 0x000001627132bfa0, 0x00000162716c45e0,
0x0000016268a1a020, 0x00000162772c6140, 0x0000016268a17cb0, 0x0000016267bc6540,
0x0000016267bc6030, 0x0000016267bc8dc0, 0x0000016277dc4840, 0x00000162693344a0,
0x0000016269333f90, 0x0000016270da90c0, 0x0000016270da7770, 0x00000162717bc210,
0x00000162717bc720, 0x00000162717be070, 0x00000162717bea90, 0x00000162717bcc30,
0x00000162717bd140, 0x00000162717bdb60, 0x00000162717be580, 0x0000016267bc5610,
0x0000016267bc6a50, 0x00000162693353d0, 0x00000162693349b0, 0x0000016269333a80,
0x0000016269335df0, 0x0000016269333060, 0x0000016269334ec0, 0x00000162693358e0,
0x0000016269336300, 0x0000016269336810, 0x0000016269333570, 0x0000016278de3e40,
0x0000016278de3930, 0x0000016278de4350, 0x0000016278de3420, 0x0000016278de4860,
0x0000016278de2a00, 0x0000016278de4d70, 0x0000016278de15c0, 0x0000016278de1ad0,
0x0000016270029f80, 0x000001627002c800, 0x000001627002cd10, 0x000001626edb6fa0,
0x0000016264b1cca0, 0x0000016264b1d6c0, 0x0000016264b1ae40, 0x0000016264b1dbd0,
0x0000016264b1e0e0, 0x0000016264b1bd70, 0x0000016264b1a930, 0x0000016264b1c280,
0x0000016264b1c790, 0x00000162772c7a90, 0x0000016264b1b350, 0x000001626856a5c0,
0x000001626856aad0, 0x000001627002b3c0, 0x0000016270029560, 0x000001627002a490,
0x000001627002a9a0, 0x000001627002d220, 0x00000162717befa0, 0x00000162717bd650,
0x00000162717bb7f0, 0x00000162717bbd00, 0x000001626775ae60, 0x0000016270029a70,
0x000001627002d730, 0x00000162700304c0, 0x000001627002faa0, 0x0000016270030ee0,
0x00000162700313f0, 0x0000016267bc5b20, 0x0000016267bc6f60, 0x0000016267bc7470,
0x0000016267bc7980, 0x0000016267bc7e90, 0x0000016278de1fe0, 0x0000016278de2f10,
0x0000016278de24f0, 0x0000016267f45de0, 0x0000016267f458d0, 0x0000016267f46d10,
0x0000016267f462f0, 0x0000016267f48660, 0x0000016267f46800, 0x0000016267bc83a0,
0x0000016267bc88b0, 0x00000162716c5a20, 0x00000162716c5f30, 0x0000016264b1b860,
0x000001626f5b8720, 0x000001626f5b9b60, 0x000001626775d1d0, 0x000001626775d6e0,
0x0000016267759f30, 0x000001626775a950, 0x000001626775a440, 0x000001626775b370,
0x0000016268a19600, 0x0000016268a19b10, 0x000001626f2adb10, 0x0000016267f47220,
0x0000016267f47c40, 0x0000016267f48150, 0x00000162622754a0, 0x00000162622759b0,
0x000001626f2aea40, 0x000001626f2af970, 0x000001626f2afe80, 0x000001626f2af460,
0x000001626f2b08a0, 0x000001626f2b0db0, 0x000001626f2ae530, 0x000001626f2b0390,
0x000001626f2b12c0, 0x0000016265c0ccb0, 0x0000016265c0dbe0, 0x0000016265c0ae50,
0x0000016265c0b870, 0x0000016265c0b360, 0x0000016262274a80, 0x0000016262274060,
0x0000016262274f90, 0x0000016262274570, 0x0000016276465c10, 0x0000016276467050,
0x00000162772c8ed0, 0x00000162772c6650, 0x00000162772c6b60, 0x00000162772c7070,
0x000001626f5b8c30, 0x00000162772c7fa0, 0x00000162772c84b0, 0x00000162772c93e0,
0x0000016278e70520, 0x0000016278e70a30, 0x0000016278e70f40, 0x0000016278e70010,
0x0000016278e6f5f0, 0x0000016278e6fb00, 0x00000162711fe960, 0x000001626775b880,
0x000001626775bd90, 0x000001626775ccc0, 0x000001626775c2a0, 0x000001626775c7b0,
0x00000162712dc580, 0x00000162712dd9c0, 0x00000162712dd4b0, 0x00000162712dee00,
0x00000162712db650, 0x00000162716c6440, 0x00000162716c4af0, 0x000001626f5baa90,
0x00000162712dded0, 0x0000016268a1aa40, 0x0000016267f453c0, 0x000001627002e150,
0x000001626f5ba580, 0x0000016276465700, 0x0000016276464ce0, 0x00000162712de8f0,
0x0000016276466b40, 0x00000162712de3e0, 0x00000162711fda30, 0x00000162772c7580,
0x0000016271962290, 0x0000016271964600, 0x0000016271961d80, 0x0000016271963be0,
0x0000016271962cb0, 0x0000016271964b10, 0x0000016271965020, 0x00000162719640f0,
0x0000016271961870, 0x00000162719627a0, 0x00000162719631c0, 0x00000162719636d0,
0x0000016278a208a0, 0x0000016266f588b0, 0x0000016266f59cf0, 0x0000016270da8bb0,
0x000001627091e060, 0x000001627091e570, 0x00000162716c40d0, 0x00000162716c5000,
0x000001627002dc40, 0x000001626f5b8210, 0x000001626f5bb4b0, 0x000001626f5bb9c0,
0x000001626fb2c080, 0x0000016278ecac70, 0x00000162767cda70, 0x00000162767cdfc0
}
_to_delete_list=0x00000162657ac010, length=242, elements={
0x000001621d444360, 0x00000162426bdbf0, 0x00000162426c06d0, 0x00000162426d4c80,
0x00000162426d7660, 0x00000162426d9f40, 0x00000162426da810, 0x00000162426db410,
0x00000162426ddd30, 0x00000162426e0650, 0x00000162427f7a80, 0x00000162428ce340,
0x0000016263b7dd30, 0x0000016263c64870, 0x0000016242a27460, 0x0000016262348210,
0x0000016262348720, 0x0000016262348c30, 0x0000016263f13270, 0x0000016263f12d60,
0x0000016263f13780, 0x0000016263f16f30, 0x0000016265638220, 0x00000162621845b0,
0x0000016262185f00, 0x0000016265f7f530, 0x0000016265f7fa40, 0x0000016265f7ff50,
0x0000016265f85a70, 0x0000016265f85f80, 0x000001626609d3e0, 0x000001626609ced0,
0x00000162660a0170, 0x000001626609ed30, 0x00000162660a3410, 0x0000016270032d40,
0x0000016266febae0, 0x000001627004dd70, 0x000001627004aad0, 0x00000162700505f0,
0x0000016270051f40, 0x0000016277dc4330, 0x000001626f5b9650, 0x0000016268a186d0,
0x0000016268569ba0, 0x000001627132ba90, 0x000001627132bfa0, 0x00000162716c45e0,
0x0000016268a1a020, 0x00000162772c6140, 0x0000016268a17cb0, 0x0000016267bc6540,
0x0000016267bc6030, 0x0000016267bc8dc0, 0x0000016277dc4840, 0x00000162693344a0,
0x0000016269333f90, 0x0000016270da90c0, 0x0000016270da7770, 0x00000162717bc210,
0x00000162717bc720, 0x00000162717be070, 0x00000162717bea90, 0x00000162717bcc30,
0x00000162717bd140, 0x00000162717bdb60, 0x00000162717be580, 0x0000016267bc5610,
0x0000016267bc6a50, 0x00000162693353d0, 0x00000162693349b0, 0x0000016269333a80,
0x0000016269335df0, 0x0000016269333060, 0x0000016269334ec0, 0x00000162693358e0,
0x0000016269336300, 0x0000016269336810, 0x0000016269333570, 0x0000016278de3e40,
0x0000016278de3930, 0x0000016278de4350, 0x0000016278de3420, 0x0000016278de4860,
0x0000016278de2a00, 0x0000016278de4d70, 0x0000016278de15c0, 0x0000016278de1ad0,
0x0000016270029f80, 0x000001627002c800, 0x000001627002cd10, 0x000001626edb6fa0,
0x0000016264b1cca0, 0x0000016264b1d6c0, 0x0000016264b1ae40, 0x0000016264b1dbd0,
0x0000016264b1e0e0, 0x0000016264b1bd70, 0x0000016264b1a930, 0x0000016264b1c280,
0x0000016264b1c790, 0x00000162772c7a90, 0x0000016264b1b350, 0x000001626856a5c0,
0x000001626856aad0, 0x000001627002b3c0, 0x0000016270029560, 0x000001627002a490,
0x000001627002a9a0, 0x000001627002d220, 0x00000162717befa0, 0x00000162717bd650,
0x00000162717bb7f0, 0x00000162717bbd00, 0x000001626775ae60, 0x0000016270029a70,
0x000001627002d730, 0x00000162700304c0, 0x000001627002faa0, 0x0000016270030ee0,
0x00000162700313f0, 0x0000016267bc5b20, 0x0000016267bc6f60, 0x0000016267bc7470,
0x0000016267bc7980, 0x0000016267bc7e90, 0x0000016278de1fe0, 0x0000016278de2f10,
0x0000016278de24f0, 0x0000016267f45de0, 0x0000016267f458d0, 0x0000016267f46d10,
0x0000016267f462f0, 0x0000016267f48660, 0x0000016267f46800, 0x0000016267bc83a0,
0x0000016267bc88b0, 0x00000162716c5a20, 0x00000162716c5f30, 0x0000016264b1b860,
0x000001626f5b8720, 0x000001626f5b9b60, 0x000001626775d1d0, 0x000001626775d6e0,
0x0000016267759f30, 0x000001626775a950, 0x000001626775a440, 0x000001626775b370,
0x0000016268a19600, 0x0000016268a19b10, 0x000001626f2adb10, 0x0000016267f47220,
0x0000016267f47c40, 0x0000016267f48150, 0x00000162622754a0, 0x00000162622759b0,
0x000001626f2aea40, 0x000001626f2af970, 0x000001626f2afe80, 0x000001626f2af460,
0x000001626f2b08a0, 0x000001626f2b0db0, 0x000001626f2ae530, 0x000001626f2b0390,
0x000001626f2b12c0, 0x0000016265c0ccb0, 0x0000016265c0dbe0, 0x0000016265c0ae50,
0x0000016265c0b870, 0x0000016265c0b360, 0x0000016262274a80, 0x0000016262274060,
0x0000016262274f90, 0x0000016262274570, 0x0000016276465c10, 0x0000016276467050,
0x00000162772c8ed0, 0x00000162772c6650, 0x00000162772c6b60, 0x00000162772c7070,
0x000001626f5b8c30, 0x00000162772c7fa0, 0x00000162772c84b0, 0x00000162772c93e0,
0x0000016278e70520, 0x0000016278e70a30, 0x0000016278e70f40, 0x0000016278e70010,
0x0000016278e6f5f0, 0x0000016278e6fb00, 0x00000162711fe960, 0x000001626775b880,
0x000001626775bd90, 0x000001626775ccc0, 0x000001626775c2a0, 0x000001626775c7b0,
0x00000162712dc580, 0x00000162712dd9c0, 0x00000162712dd4b0, 0x00000162712dee00,
0x00000162712db650, 0x00000162716c6440, 0x00000162716c4af0, 0x000001626f5baa90,
0x00000162712dded0, 0x0000016268a1aa40, 0x0000016267f453c0, 0x000001627002e150,
0x000001626f5ba580, 0x0000016276465700, 0x0000016276464ce0, 0x00000162712de8f0,
0x0000016276466b40, 0x00000162712de3e0, 0x00000162711fda30, 0x00000162772c7580,
0x0000016271962290, 0x0000016271964600, 0x0000016271961d80, 0x0000016271963be0,
0x0000016271962cb0, 0x0000016271964b10, 0x0000016271965020, 0x00000162719640f0,
0x0000016271961870, 0x00000162719627a0, 0x00000162719631c0, 0x00000162719636d0,
0x0000016278a208a0, 0x0000016266f588b0, 0x0000016266f59cf0, 0x0000016270da8bb0,
0x000001627091e060, 0x000001627091e570, 0x00000162716c40d0, 0x00000162716c5000,
0x000001627002dc40, 0x000001626f5b8210, 0x000001626f5bb4b0, 0x000001626f5bb9c0,
0x000001626fb2c080, 0x0000016278ecac70
}

Java Threads: ( => current thread )
  0x000001621d444360 JavaThread "main" [_thread_blocked, id=14676, stack(0x00000030a1c00000,0x00000030a1d00000)]
  0x00000162426bdbf0 JavaThread "Reference Handler" daemon [_thread_blocked, id=32092, stack(0x00000030a2300000,0x00000030a2400000)]
  0x00000162426c06d0 JavaThread "Finalizer" daemon [_thread_blocked, id=27548, stack(0x00000030a2400000,0x00000030a2500000)]
  0x00000162426d4c80 JavaThread "Signal Dispatcher" daemon [_thread_blocked, id=29248, stack(0x00000030a2500000,0x00000030a2600000)]
  0x00000162426d7660 JavaThread "Attach Listener" daemon [_thread_blocked, id=26028, stack(0x00000030a2600000,0x00000030a2700000)]
  0x00000162426d9f40 JavaThread "Service Thread" daemon [_thread_blocked, id=31868, stack(0x00000030a2700000,0x00000030a2800000)]
  0x00000162426da810 JavaThread "Monitor Deflation Thread" daemon [_thread_blocked, id=29220, stack(0x00000030a2800000,0x00000030a2900000)]
  0x00000162426db410 JavaThread "C2 CompilerThread0" daemon [_thread_blocked, id=3760, stack(0x00000030a2900000,0x00000030a2a00000)]
  0x00000162426ddd30 JavaThread "C1 CompilerThread0" daemon [_thread_blocked, id=14348, stack(0x00000030a2a00000,0x00000030a2b00000)]
  0x00000162426e0650 JavaThread "Sweeper thread" daemon [_thread_blocked, id=21588, stack(0x00000030a2b00000,0x00000030a2c00000)]
  0x00000162427f7a80 JavaThread "Common-Cleaner" daemon [_thread_blocked, id=25816, stack(0x00000030a2c00000,0x00000030a2d00000)]
  0x00000162428ce340 JavaThread "Notification Thread" daemon [_thread_blocked, id=27568, stack(0x00000030a2d00000,0x00000030a2e00000)]
  0x0000016263b7dd30 JavaThread "Daemon health stats" [_thread_blocked, id=20544, stack(0x00000030a3500000,0x00000030a3600000)]
  0x0000016263c64870 JavaThread "Incoming local TCP Connector on port 65512" [_thread_in_native, id=31736, stack(0x00000030a3600000,0x00000030a3700000)]
  0x0000016242a27460 JavaThread "Daemon periodic checks" [_thread_blocked, id=20124, stack(0x00000030a3000000,0x00000030a3100000)]
  0x0000016262348210 JavaThread "Cache worker for journal cache (C:\Users\laxman\.gradle\caches\journal-1)" [_thread_blocked, id=28100, stack(0x00000030a2f00000,0x00000030a3000000)]
  0x0000016262348720 JavaThread "File lock request listener" [_thread_in_native, id=14992, stack(0x00000030a4300000,0x00000030a4400000)]
  0x0000016262348c30 JavaThread "Cache worker for file hash cache (C:\Users\laxman\.gradle\caches\8.14.3\fileHashes)" [_thread_blocked, id=25928, stack(0x00000030a4500000,0x00000030a4600000)]
  0x0000016263f13270 JavaThread "File watcher server" daemon [_thread_blocked, id=10728, stack(0x00000030a4b00000,0x00000030a4c00000)]
  0x0000016263f12d60 JavaThread "File watcher consumer" daemon [_thread_blocked, id=28528, stack(0x00000030a4c00000,0x00000030a4d00000)]
  0x0000016263f13780 JavaThread "jar transforms" [_thread_blocked, id=29316, stack(0x00000030a4d00000,0x00000030a4e00000)]
  0x0000016263f16f30 JavaThread "Cache worker for file content cache (C:\Users\laxman\.gradle\caches\8.14.3\fileContent)" [_thread_blocked, id=29432, stack(0x00000030a4f00000,0x00000030a5000000)]
  0x0000016265638220 JavaThread "Memory manager" [_thread_blocked, id=15512, stack(0x00000030a7a00000,0x00000030a7b00000)]
  0x00000162621845b0 JavaThread "jar transforms Thread 2" [_thread_blocked, id=27992, stack(0x00000030ae100000,0x00000030ae200000)]
  0x0000016262185f00 JavaThread "jar transforms Thread 3" [_thread_blocked, id=25080, stack(0x00000030ab100000,0x00000030ab200000)]
  0x0000016265f7f530 JavaThread "jar transforms Thread 4" [_thread_blocked, id=6216, stack(0x00000030ae900000,0x00000030aea00000)]
  0x0000016265f7fa40 JavaThread "jar transforms Thread 5" [_thread_blocked, id=33256, stack(0x00000030aea00000,0x00000030aeb00000)]
  0x0000016265f7ff50 JavaThread "jar transforms Thread 6" [_thread_blocked, id=17220, stack(0x00000030aeb00000,0x00000030aec00000)]
  0x0000016265f85a70 JavaThread "jar transforms Thread 7" [_thread_blocked, id=13364, stack(0x00000030aec00000,0x00000030aed00000)]
  0x0000016265f85f80 JavaThread "jar transforms Thread 8" [_thread_blocked, id=28320, stack(0x00000030aed00000,0x00000030aee00000)]
  0x000001626609d3e0 JavaThread "jar transforms Thread 9" [_thread_blocked, id=6176, stack(0x00000030aef00000,0x00000030af000000)]
  0x000001626609ced0 JavaThread "jar transforms Thread 10" [_thread_blocked, id=27804, stack(0x00000030af000000,0x00000030af100000)]
  0x00000162660a0170 JavaThread "jar transforms Thread 11" [_thread_blocked, id=33568, stack(0x00000030af100000,0x00000030af200000)]
  0x000001626609ed30 JavaThread "jar transforms Thread 12" [_thread_blocked, id=11900, stack(0x00000030af200000,0x00000030af300000)]
  0x00000162660a3410 JavaThread "pool-3-thread-1" [_thread_blocked, id=25420, stack(0x00000030af900000,0x00000030afa00000)]
  0x0000016270032d40 JavaThread "pool-6-thread-1" [_thread_blocked, id=26332, stack(0x00000030afe00000,0x00000030aff00000)]
  0x0000016266febae0 JavaThread "Cache worker for Java compile cache (C:\Users\laxman\.gradle\caches\8.14.3\javaCompile)" [_thread_blocked, id=3308, stack(0x00000030b0b00000,0x00000030b0c00000)]
  0x000001627004dd70 JavaThread "RMI Scheduler(0)" daemon [_thread_blocked, id=22820, stack(0x00000030b0900000,0x00000030b0a00000)]
  0x000001627004aad0 JavaThread "RMI GC Daemon" daemon [_thread_blocked, id=33304, stack(0x00000030b1d00000,0x00000030b1e00000)]
  0x00000162700505f0 JavaThread "RMI TCP Accept-0" daemon [_thread_in_native, id=20032, stack(0x00000030b1e00000,0x00000030b1f00000)]
  0x0000016270051f40 JavaThread "RMI Reaper" [_thread_blocked, id=16604, stack(0x00000030b1f00000,0x00000030b2000000)]
  0x0000016277dc4330 JavaThread "Daemon Thread 2" [_thread_blocked, id=32816, stack(0x00000030a1a00000,0x00000030a1b00000)]
  0x000001626f5b9650 JavaThread "Daemon worker Thread 2" [_thread_blocked, id=30624, stack(0x00000030a3800000,0x00000030a3900000)]
  0x0000016268a186d0 JavaThread "ForkJoinPool.commonPool-worker-21" daemon [_thread_blocked, id=24456, stack(0x00000030a6b00000,0x00000030a6c00000)]
  0x0000016268569ba0 JavaThread "ForkJoinPool.commonPool-worker-22" daemon [_thread_blocked, id=26096, stack(0x00000030a6c00000,0x00000030a6d00000)]
  0x000001627132ba90 JavaThread "ForkJoinPool.commonPool-worker-23" daemon [_thread_blocked, id=26044, stack(0x00000030a6d00000,0x00000030a6e00000)]
  0x000001627132bfa0 JavaThread "ForkJoinPool.commonPool-worker-25" daemon [_thread_blocked, id=23596, stack(0x00000030a6f00000,0x00000030a7000000)]
  0x00000162716c45e0 JavaThread "ForkJoinPool.commonPool-worker-26" daemon [_thread_blocked, id=16880, stack(0x00000030a7000000,0x00000030a7100000)]
  0x0000016268a1a020 JavaThread "ForkJoinPool.commonPool-worker-27" daemon [_thread_blocked, id=16040, stack(0x00000030a7100000,0x00000030a7200000)]
  0x00000162772c6140 JavaThread "ForkJoinPool.commonPool-worker-28" daemon [_thread_blocked, id=11404, stack(0x00000030a7200000,0x00000030a7300000)]
  0x0000016268a17cb0 JavaThread "ForkJoinPool.commonPool-worker-29" daemon [_thread_blocked, id=5488, stack(0x00000030a7300000,0x00000030a7400000)]
  0x0000016267bc6540 JavaThread "pool-11-thread-1" [_thread_blocked, id=456, stack(0x00000030a6a00000,0x00000030a6b00000)]
  0x0000016267bc6030 JavaThread "Handler for socket connection from /127.0.0.1:65512 to /127.0.0.1:54777" [_thread_in_native, id=29496, stack(0x00000030a3a00000,0x00000030a3b00000)]
  0x0000016267bc8dc0 JavaThread "Cancel handler" [_thread_blocked, id=9692, stack(0x00000030a3b00000,0x00000030a3c00000)]
  0x0000016277dc4840 JavaThread "Asynchronous log dispatcher for DefaultDaemonConnection: socket connection from /127.0.0.1:65512 to /127.0.0.1:54777" [_thread_blocked, id=30296, stack(0x00000030a3c00000,0x00000030a3d00000)]
  0x00000162693344a0 JavaThread "Stdin handler" [_thread_blocked, id=32932, stack(0x00000030a3d00000,0x00000030a3e00000)]
  0x0000016269333f90 JavaThread "Daemon client event forwarder" [_thread_blocked, id=23836, stack(0x00000030a4400000,0x00000030a4500000)]
  0x0000016270da90c0 JavaThread "Cache worker for file hash cache (C:\sttribe_Internship\sttribe-app\android\.gradle\8.14.3\fileHashes)" [_thread_blocked, id=33436, stack(0x00000030a4600000,0x00000030a4700000)]
  0x0000016270da7770 JavaThread "Cache worker for Build Output Cleanup Cache (C:\sttribe_Internship\sttribe-app\android\.gradle\buildOutputCleanup)" [_thread_blocked, id=22100, stack(0x00000030a4700000,0x00000030a4800000)]
  0x00000162717bc210 JavaThread "Cache worker for checksums cache (C:\sttribe_Internship\sttribe-app\android\.gradle\8.14.3\checksums)" [_thread_blocked, id=12624, stack(0x00000030a4800000,0x00000030a4900000)]
  0x00000162717bc720 JavaThread "Cache worker for cache directory md-supplier (C:\Users\laxman\.gradle\caches\8.14.3\md-supplier)" [_thread_blocked, id=22176, stack(0x00000030a4e00000,0x00000030a4f00000)]
  0x00000162717be070 JavaThread "Cache worker for cache directory md-rule (C:\Users\laxman\.gradle\caches\8.14.3\md-rule)" [_thread_blocked, id=31612, stack(0x00000030a5000000,0x00000030a5100000)]
  0x00000162717bea90 JavaThread "Cache worker for Build Output Cleanup Cache (C:\sttribe_Internship\sttribe-app\node_modules\@react-native\gradle-plugin\.gradle\buildOutputCleanup)" [_thread_blocked, id=28752, stack(0x00000030a5100000,0x00000030a5200000)]
  0x00000162717bcc30 JavaThread "Unconstrained build operations" [_thread_blocked, id=23872, stack(0x00000030a5200000,0x00000030a5300000)]
  0x00000162717bd140 JavaThread "Unconstrained build operations Thread 2" [_thread_blocked, id=1860, stack(0x00000030a5300000,0x00000030a5400000)]
  0x00000162717bdb60 JavaThread "Unconstrained build operations Thread 3" [_thread_blocked, id=29204, stack(0x00000030a5400000,0x00000030a5500000)]
  0x00000162717be580 JavaThread "Unconstrained build operations Thread 4" [_thread_blocked, id=23920, stack(0x00000030a5500000,0x00000030a5600000)]
  0x0000016267bc5610 JavaThread "Unconstrained build operations Thread 5" [_thread_blocked, id=7256, stack(0x00000030a5600000,0x00000030a5700000)]
  0x0000016267bc6a50 JavaThread "Unconstrained build operations Thread 6" [_thread_blocked, id=21900, stack(0x00000030a5700000,0x00000030a5800000)]
  0x00000162693353d0 JavaThread "Unconstrained build operations Thread 7" [_thread_blocked, id=11372, stack(0x00000030a5800000,0x00000030a5900000)]
  0x00000162693349b0 JavaThread "Unconstrained build operations Thread 8" [_thread_blocked, id=31896, stack(0x00000030a5900000,0x00000030a5a00000)]
  0x0000016269333a80 JavaThread "Unconstrained build operations Thread 9" [_thread_blocked, id=27104, stack(0x00000030a5a00000,0x00000030a5b00000)]
  0x0000016269335df0 JavaThread "Unconstrained build operations Thread 10" [_thread_blocked, id=13880, stack(0x00000030a5b00000,0x00000030a5c00000)]
  0x0000016269333060 JavaThread "Unconstrained build operations Thread 11" [_thread_blocked, id=5260, stack(0x00000030a5c00000,0x00000030a5d00000)]
  0x0000016269334ec0 JavaThread "Unconstrained build operations Thread 12" [_thread_blocked, id=33120, stack(0x00000030a5d00000,0x00000030a5e00000)]
  0x00000162693358e0 JavaThread "Unconstrained build operations Thread 13" [_thread_blocked, id=28520, stack(0x00000030a5e00000,0x00000030a5f00000)]
  0x0000016269336300 JavaThread "Unconstrained build operations Thread 14" [_thread_blocked, id=28792, stack(0x00000030a5f00000,0x00000030a6000000)]
  0x0000016269336810 JavaThread "Unconstrained build operations Thread 15" [_thread_blocked, id=17308, stack(0x00000030a6000000,0x00000030a6100000)]
  0x0000016269333570 JavaThread "Unconstrained build operations Thread 16" [_thread_blocked, id=13908, stack(0x00000030a6100000,0x00000030a6200000)]
  0x0000016278de3e40 JavaThread "Unconstrained build operations Thread 17" [_thread_blocked, id=27184, stack(0x00000030a6200000,0x00000030a6300000)]
  0x0000016278de3930 JavaThread "Unconstrained build operations Thread 18" [_thread_blocked, id=11384, stack(0x00000030a6300000,0x00000030a6400000)]
  0x0000016278de4350 JavaThread "Unconstrained build operations Thread 19" [_thread_blocked, id=18152, stack(0x00000030a6400000,0x00000030a6500000)]
  0x0000016278de3420 JavaThread "Unconstrained build operations Thread 20" [_thread_blocked, id=3268, stack(0x00000030a6500000,0x00000030a6600000)]
  0x0000016278de4860 JavaThread "Unconstrained build operations Thread 21" [_thread_blocked, id=28368, stack(0x00000030a6600000,0x00000030a6700000)]
  0x0000016278de2a00 JavaThread "Unconstrained build operations Thread 22" [_thread_blocked, id=25840, stack(0x00000030a6700000,0x00000030a6800000)]
  0x0000016278de4d70 JavaThread "Unconstrained build operations Thread 23" [_thread_blocked, id=10736, stack(0x00000030a6800000,0x00000030a6900000)]
  0x0000016278de15c0 JavaThread "Unconstrained build operations Thread 24" [_thread_blocked, id=14648, stack(0x00000030a6900000,0x00000030a6a00000)]
  0x0000016278de1ad0 JavaThread "Unconstrained build operations Thread 25" [_thread_blocked, id=25044, stack(0x00000030a7500000,0x00000030a7600000)]
  0x0000016270029f80 JavaThread "Unconstrained build operations Thread 26" [_thread_blocked, id=32928, stack(0x00000030a7600000,0x00000030a7700000)]
  0x000001627002c800 JavaThread "build event listener" [_thread_blocked, id=11640, stack(0x00000030a7700000,0x00000030a7800000)]
  0x000001627002cd10 JavaThread "ForkJoinPool.commonPool-worker-31" daemon [_thread_blocked, id=26272, stack(0x00000030a7900000,0x00000030a7a00000)]
  0x000001626edb6fa0 JavaThread "ForkJoinPool.commonPool-worker-30" daemon [_thread_blocked, id=14212, stack(0x00000030a7b00000,0x00000030a7c00000)]
  0x0000016264b1cca0 JavaThread "included builds" [_thread_blocked, id=14204, stack(0x00000030a7c00000,0x00000030a7d00000)]
  0x0000016264b1d6c0 JavaThread "Execution worker" [_thread_blocked, id=16072, stack(0x00000030a7d00000,0x00000030a7e00000)]
  0x0000016264b1ae40 JavaThread "Execution worker Thread 2" [_thread_blocked, id=32472, stack(0x00000030a7e00000,0x00000030a7f00000)]
  0x0000016264b1dbd0 JavaThread "Execution worker Thread 3" [_thread_blocked, id=7120, stack(0x00000030a7f00000,0x00000030a8000000)]
  0x0000016264b1e0e0 JavaThread "Execution worker Thread 4" [_thread_blocked, id=29940, stack(0x00000030a8000000,0x00000030a8100000)]
  0x0000016264b1bd70 JavaThread "Execution worker Thread 5" [_thread_blocked, id=6380, stack(0x00000030a8100000,0x00000030a8200000)]
  0x0000016264b1a930 JavaThread "Execution worker Thread 6" [_thread_blocked, id=15084, stack(0x00000030a8200000,0x00000030a8300000)]
  0x0000016264b1c280 JavaThread "Execution worker Thread 7" [_thread_blocked, id=27500, stack(0x00000030a8300000,0x00000030a8400000)]
  0x0000016264b1c790 JavaThread "Execution worker Thread 8" [_thread_blocked, id=21048, stack(0x00000030a8400000,0x00000030a8500000)]
  0x00000162772c7a90 JavaThread "Cache worker for execution history cache (C:\sttribe_Internship\sttribe-app\node_modules\@react-native\gradle-plugin\.gradle\8.14.3\executionHistory)" [_thread_blocked, id=14744, stack(0x00000030a8500000,0x00000030a8600000)]
  0x0000016264b1b350 JavaThread "Execution worker Thread 9" [_thread_blocked, id=29752, stack(0x00000030a8600000,0x00000030a8700000)]
  0x000001626856a5c0 JavaThread "Execution worker Thread 10" [_thread_blocked, id=20492, stack(0x00000030a8700000,0x00000030a8800000)]
  0x000001626856aad0 JavaThread "Execution worker Thread 11" [_thread_blocked, id=29768, stack(0x00000030a8800000,0x00000030a8900000)]
  0x000001627002b3c0 JavaThread "Unconstrained build operations Thread 27" [_thread_blocked, id=12520, stack(0x00000030a8900000,0x00000030a8a00000)]
  0x0000016270029560 JavaThread "Unconstrained build operations Thread 28" [_thread_blocked, id=33588, stack(0x00000030a8a00000,0x00000030a8b00000)]
  0x000001627002a490 JavaThread "Unconstrained build operations Thread 29" [_thread_blocked, id=26548, stack(0x00000030a8b00000,0x00000030a8c00000)]
  0x000001627002a9a0 JavaThread "Unconstrained build operations Thread 30" [_thread_blocked, id=33280, stack(0x00000030a8c00000,0x00000030a8d00000)]
  0x000001627002d220 JavaThread "Unconstrained build operations Thread 31" [_thread_blocked, id=14708, stack(0x00000030a8d00000,0x00000030a8e00000)]
  0x00000162717befa0 JavaThread "Unconstrained build operations Thread 32" [_thread_blocked, id=32040, stack(0x00000030a8e00000,0x00000030a8f00000)]
  0x00000162717bd650 JavaThread "Unconstrained build operations Thread 33" [_thread_blocked, id=30428, stack(0x00000030a8f00000,0x00000030a9000000)]
  0x00000162717bb7f0 JavaThread "Unconstrained build operations Thread 34" [_thread_blocked, id=31980, stack(0x00000030a9000000,0x00000030a9100000)]
  0x00000162717bbd00 JavaThread "Unconstrained build operations Thread 35" [_thread_blocked, id=16552, stack(0x00000030a9100000,0x00000030a9200000)]
  0x000001626775ae60 JavaThread "Unconstrained build operations Thread 36" [_thread_blocked, id=19816, stack(0x00000030a9200000,0x00000030a9300000)]
  0x0000016270029a70 JavaThread "Unconstrained build operations Thread 37" [_thread_blocked, id=30084, stack(0x00000030a9300000,0x00000030a9400000)]
  0x000001627002d730 JavaThread "Unconstrained build operations Thread 38" [_thread_blocked, id=30208, stack(0x00000030a9400000,0x00000030a9500000)]
  0x00000162700304c0 JavaThread "Unconstrained build operations Thread 39" [_thread_blocked, id=29680, stack(0x00000030a9500000,0x00000030a9600000)]
  0x000001627002faa0 JavaThread "Unconstrained build operations Thread 40" [_thread_blocked, id=11908, stack(0x00000030a9600000,0x00000030a9700000)]
  0x0000016270030ee0 JavaThread "Unconstrained build operations Thread 41" [_thread_blocked, id=30268, stack(0x00000030a9700000,0x00000030a9800000)]
  0x00000162700313f0 JavaThread "Unconstrained build operations Thread 42" [_thread_blocked, id=32532, stack(0x00000030a9800000,0x00000030a9900000)]
  0x0000016267bc5b20 JavaThread "Unconstrained build operations Thread 43" [_thread_blocked, id=15428, stack(0x00000030a9900000,0x00000030a9a00000)]
  0x0000016267bc6f60 JavaThread "Unconstrained build operations Thread 44" [_thread_blocked, id=32316, stack(0x00000030a9a00000,0x00000030a9b00000)]
  0x0000016267bc7470 JavaThread "Unconstrained build operations Thread 45" [_thread_blocked, id=33300, stack(0x00000030a9b00000,0x00000030a9c00000)]
  0x0000016267bc7980 JavaThread "Unconstrained build operations Thread 46" [_thread_blocked, id=17400, stack(0x00000030a9c00000,0x00000030a9d00000)]
  0x0000016267bc7e90 JavaThread "Unconstrained build operations Thread 47" [_thread_blocked, id=25668, stack(0x00000030a9d00000,0x00000030a9e00000)]
  0x0000016278de1fe0 JavaThread "Unconstrained build operations Thread 48" [_thread_blocked, id=32600, stack(0x00000030a9e00000,0x00000030a9f00000)]
  0x0000016278de2f10 JavaThread "Unconstrained build operations Thread 49" [_thread_blocked, id=28804, stack(0x00000030a9f00000,0x00000030aa000000)]
  0x0000016278de24f0 JavaThread "Unconstrained build operations Thread 50" [_thread_blocked, id=32752, stack(0x00000030aa000000,0x00000030aa100000)]
  0x0000016267f45de0 JavaThread "Unconstrained build operations Thread 51" [_thread_blocked, id=21576, stack(0x00000030aa100000,0x00000030aa200000)]
  0x0000016267f458d0 JavaThread "Unconstrained build operations Thread 52" [_thread_blocked, id=32516, stack(0x00000030aa200000,0x00000030aa300000)]
  0x0000016267f46d10 JavaThread "Unconstrained build operations Thread 53" [_thread_blocked, id=32508, stack(0x00000030aa300000,0x00000030aa400000)]
  0x0000016267f462f0 JavaThread "Unconstrained build operations Thread 54" [_thread_blocked, id=33492, stack(0x00000030aa400000,0x00000030aa500000)]
  0x0000016267f48660 JavaThread "Unconstrained build operations Thread 55" [_thread_blocked, id=16152, stack(0x00000030aa500000,0x00000030aa600000)]
  0x0000016267f46800 JavaThread "Unconstrained build operations Thread 56" [_thread_blocked, id=5276, stack(0x00000030aa600000,0x00000030aa700000)]
  0x0000016267bc83a0 JavaThread "Unconstrained build operations Thread 57" [_thread_blocked, id=132, stack(0x00000030aa700000,0x00000030aa800000)]
  0x0000016267bc88b0 JavaThread "Unconstrained build operations Thread 58" [_thread_blocked, id=5248, stack(0x00000030aa800000,0x00000030aa900000)]
  0x00000162716c5a20 JavaThread "Unconstrained build operations Thread 59" [_thread_blocked, id=32568, stack(0x00000030aa900000,0x00000030aaa00000)]
  0x00000162716c5f30 JavaThread "Unconstrained build operations Thread 60" [_thread_blocked, id=27696, stack(0x00000030aaa00000,0x00000030aab00000)]
  0x0000016264b1b860 JavaThread "Unconstrained build operations Thread 61" [_thread_blocked, id=9844, stack(0x00000030aab00000,0x00000030aac00000)]
  0x000001626f5b8720 JavaThread "Unconstrained build operations Thread 62" [_thread_blocked, id=16548, stack(0x00000030aac00000,0x00000030aad00000)]
  0x000001626f5b9b60 JavaThread "Unconstrained build operations Thread 63" [_thread_blocked, id=27376, stack(0x00000030ab000000,0x00000030ab100000)]
  0x000001626775d1d0 JavaThread "Unconstrained build operations Thread 64" [_thread_blocked, id=7192, stack(0x00000030ab200000,0x00000030ab300000)]
  0x000001626775d6e0 JavaThread "Unconstrained build operations Thread 65" [_thread_blocked, id=13220, stack(0x00000030ab300000,0x00000030ab400000)]
  0x0000016267759f30 JavaThread "Unconstrained build operations Thread 66" [_thread_blocked, id=16068, stack(0x00000030ab400000,0x00000030ab500000)]
  0x000001626775a950 JavaThread "Unconstrained build operations Thread 67" [_thread_blocked, id=32044, stack(0x00000030ab500000,0x00000030ab600000)]
  0x000001626775a440 JavaThread "Unconstrained build operations Thread 68" [_thread_blocked, id=26336, stack(0x00000030ab600000,0x00000030ab700000)]
  0x000001626775b370 JavaThread "Unconstrained build operations Thread 69" [_thread_blocked, id=16732, stack(0x00000030ab700000,0x00000030ab800000)]
  0x0000016268a19600 JavaThread "Unconstrained build operations Thread 70" [_thread_blocked, id=11996, stack(0x00000030ab800000,0x00000030ab900000)]
  0x0000016268a19b10 JavaThread "Unconstrained build operations Thread 71" [_thread_blocked, id=30032, stack(0x00000030ab900000,0x00000030aba00000)]
  0x000001626f2adb10 JavaThread "Unconstrained build operations Thread 72" [_thread_blocked, id=20728, stack(0x00000030aba00000,0x00000030abb00000)]
  0x0000016267f47220 JavaThread "Unconstrained build operations Thread 73" [_thread_blocked, id=13860, stack(0x00000030abb00000,0x00000030abc00000)]
  0x0000016267f47c40 JavaThread "Unconstrained build operations Thread 74" [_thread_blocked, id=15044, stack(0x00000030abc00000,0x00000030abd00000)]
  0x0000016267f48150 JavaThread "Unconstrained build operations Thread 75" [_thread_blocked, id=3744, stack(0x00000030abd00000,0x00000030abe00000)]
  0x00000162622754a0 JavaThread "Unconstrained build operations Thread 76" [_thread_blocked, id=27504, stack(0x00000030abe00000,0x00000030abf00000)]
  0x00000162622759b0 JavaThread "Unconstrained build operations Thread 77" [_thread_blocked, id=32208, stack(0x00000030abf00000,0x00000030ac000000)]
  0x000001626f2aea40 JavaThread "Unconstrained build operations Thread 78" [_thread_blocked, id=13104, stack(0x00000030ac000000,0x00000030ac100000)]
  0x000001626f2af970 JavaThread "Unconstrained build operations Thread 79" [_thread_blocked, id=27752, stack(0x00000030ac100000,0x00000030ac200000)]
  0x000001626f2afe80 JavaThread "Unconstrained build operations Thread 80" [_thread_blocked, id=22664, stack(0x00000030ac200000,0x00000030ac300000)]
  0x000001626f2af460 JavaThread "Unconstrained build operations Thread 81" [_thread_blocked, id=8580, stack(0x00000030ac300000,0x00000030ac400000)]
  0x000001626f2b08a0 JavaThread "Unconstrained build operations Thread 82" [_thread_blocked, id=31448, stack(0x00000030ac400000,0x00000030ac500000)]
  0x000001626f2b0db0 JavaThread "Unconstrained build operations Thread 83" [_thread_blocked, id=7520, stack(0x00000030ac500000,0x00000030ac600000)]
  0x000001626f2ae530 JavaThread "Unconstrained build operations Thread 84" [_thread_blocked, id=31880, stack(0x00000030ac600000,0x00000030ac700000)]
  0x000001626f2b0390 JavaThread "Unconstrained build operations Thread 85" [_thread_blocked, id=14312, stack(0x00000030ac700000,0x00000030ac800000)]
  0x000001626f2b12c0 JavaThread "Unconstrained build operations Thread 86" [_thread_blocked, id=32632, stack(0x00000030ac800000,0x00000030ac900000)]
  0x0000016265c0ccb0 JavaThread "Unconstrained build operations Thread 87" [_thread_blocked, id=29280, stack(0x00000030ac900000,0x00000030aca00000)]
  0x0000016265c0dbe0 JavaThread "Unconstrained build operations Thread 88" [_thread_blocked, id=18624, stack(0x00000030aca00000,0x00000030acb00000)]
  0x0000016265c0ae50 JavaThread "Unconstrained build operations Thread 89" [_thread_blocked, id=32808, stack(0x00000030acb00000,0x00000030acc00000)]
  0x0000016265c0b870 JavaThread "Unconstrained build operations Thread 90" [_thread_blocked, id=14240, stack(0x00000030acc00000,0x00000030acd00000)]
  0x0000016265c0b360 JavaThread "Unconstrained build operations Thread 91" [_thread_blocked, id=28800, stack(0x00000030acd00000,0x00000030ace00000)]
  0x0000016262274a80 JavaThread "Unconstrained build operations Thread 92" [_thread_blocked, id=33700, stack(0x00000030ace00000,0x00000030acf00000)]
  0x0000016262274060 JavaThread "Unconstrained build operations Thread 93" [_thread_blocked, id=24620, stack(0x00000030acf00000,0x00000030ad000000)]
  0x0000016262274f90 JavaThread "Unconstrained build operations Thread 94" [_thread_blocked, id=33172, stack(0x00000030ad000000,0x00000030ad100000)]
  0x0000016262274570 JavaThread "Unconstrained build operations Thread 95" [_thread_blocked, id=22112, stack(0x00000030ad100000,0x00000030ad200000)]
  0x0000016276465c10 JavaThread "Unconstrained build operations Thread 96" [_thread_blocked, id=29956, stack(0x00000030ad200000,0x00000030ad300000)]
  0x0000016276467050 JavaThread "Unconstrained build operations Thread 97" [_thread_blocked, id=21620, stack(0x00000030ad300000,0x00000030ad400000)]
  0x00000162772c8ed0 JavaThread "Unconstrained build operations Thread 98" [_thread_blocked, id=22800, stack(0x00000030ad400000,0x00000030ad500000)]
  0x00000162772c6650 JavaThread "Unconstrained build operations Thread 99" [_thread_blocked, id=14936, stack(0x00000030ad500000,0x00000030ad600000)]
  0x00000162772c6b60 JavaThread "Unconstrained build operations Thread 100" [_thread_blocked, id=30520, stack(0x00000030ad600000,0x00000030ad700000)]
  0x00000162772c7070 JavaThread "Unconstrained build operations Thread 101" [_thread_blocked, id=31420, stack(0x00000030ad700000,0x00000030ad800000)]
  0x000001626f5b8c30 JavaThread "build event listener" [_thread_blocked, id=3648, stack(0x00000030ad800000,0x00000030ad900000)]
  0x00000162772c7fa0 JavaThread "Problems report writer" [_thread_blocked, id=23144, stack(0x00000030ad900000,0x00000030ada00000)]
  0x00000162772c84b0 JavaThread "Unconstrained build operations Thread 102" [_thread_blocked, id=31560, stack(0x00000030ada00000,0x00000030adb00000)]
  0x00000162772c93e0 JavaThread "Unconstrained build operations Thread 103" [_thread_blocked, id=31440, stack(0x00000030adb00000,0x00000030adc00000)]
  0x0000016278e70520 JavaThread "Unconstrained build operations Thread 104" [_thread_blocked, id=27420, stack(0x00000030adc00000,0x00000030add00000)]
  0x0000016278e70a30 JavaThread "Unconstrained build operations Thread 105" [_thread_blocked, id=23996, stack(0x00000030add00000,0x00000030ade00000)]
  0x0000016278e70f40 JavaThread "Unconstrained build operations Thread 106" [_thread_blocked, id=19340, stack(0x00000030ade00000,0x00000030adf00000)]
  0x0000016278e70010 JavaThread "Unconstrained build operations Thread 107" [_thread_blocked, id=21400, stack(0x00000030adf00000,0x00000030ae000000)]
  0x0000016278e6f5f0 JavaThread "Unconstrained build operations Thread 108" [_thread_blocked, id=29320, stack(0x00000030ae000000,0x00000030ae100000)]
  0x0000016278e6fb00 JavaThread "Unconstrained build operations Thread 109" [_thread_blocked, id=21372, stack(0x00000030ae200000,0x00000030ae300000)]
  0x00000162711fe960 JavaThread "Unconstrained build operations Thread 110" [_thread_blocked, id=4972, stack(0x00000030ae300000,0x00000030ae400000)]
  0x000001626775b880 JavaThread "Unconstrained build operations Thread 111" [_thread_blocked, id=14056, stack(0x00000030ae400000,0x00000030ae500000)]
  0x000001626775bd90 JavaThread "Unconstrained build operations Thread 112" [_thread_blocked, id=11124, stack(0x00000030ae500000,0x00000030ae600000)]
  0x000001626775ccc0 JavaThread "Unconstrained build operations Thread 113" [_thread_blocked, id=28768, stack(0x00000030ae600000,0x00000030ae700000)]
  0x000001626775c2a0 JavaThread "Unconstrained build operations Thread 114" [_thread_blocked, id=23196, stack(0x00000030ae700000,0x00000030ae800000)]
  0x000001626775c7b0 JavaThread "Unconstrained build operations Thread 115" [_thread_blocked, id=30036, stack(0x00000030ae800000,0x00000030ae900000)]
  0x00000162712dc580 JavaThread "Unconstrained build operations Thread 116" [_thread_blocked, id=30672, stack(0x00000030aee00000,0x00000030aef00000)]
  0x00000162712dd9c0 JavaThread "Unconstrained build operations Thread 117" [_thread_blocked, id=25596, stack(0x00000030af300000,0x00000030af400000)]
  0x00000162712dd4b0 JavaThread "Unconstrained build operations Thread 118" [_thread_blocked, id=27856, stack(0x00000030af400000,0x00000030af500000)]
  0x00000162712dee00 JavaThread "Unconstrained build operations Thread 119" [_thread_blocked, id=30480, stack(0x00000030af500000,0x00000030af600000)]
  0x00000162712db650 JavaThread "Unconstrained build operations Thread 120" [_thread_blocked, id=6252, stack(0x00000030af700000,0x00000030af800000)]
  0x00000162716c6440 JavaThread "pool-14-thread-1" [_thread_blocked, id=18108, stack(0x00000030af800000,0x00000030af900000)]
  0x00000162716c4af0 JavaThread "build event listener" [_thread_blocked, id=11356, stack(0x00000030afa00000,0x00000030afb00000)]
  0x000001626f5baa90 JavaThread "Cache worker for execution history cache (C:\sttribe_Internship\sttribe-app\android\.gradle\8.14.3\executionHistory)" [_thread_blocked, id=15452, stack(0x00000030aff00000,0x00000030b0000000)]
  0x00000162712dded0 JavaThread "WorkerExecutor Queue" [_thread_blocked, id=33720, stack(0x00000030a7800000,0x00000030a7900000)]
  0x0000016268a1aa40 JavaThread "WorkerExecutor Queue Thread 2" [_thread_blocked, id=33756, stack(0x00000030b0000000,0x00000030b0100000)]
  0x0000016267f453c0 JavaThread "WorkerExecutor Queue Thread 3" [_thread_blocked, id=23712, stack(0x00000030b0100000,0x00000030b0200000)]
  0x000001627002e150 JavaThread "WorkerExecutor Queue Thread 5" [_thread_in_native, id=26688, stack(0x00000030b0300000,0x00000030b0400000)]
  0x000001626f5ba580 JavaThread "WorkerExecutor Queue Thread 6" [_thread_blocked, id=22948, stack(0x00000030b0400000,0x00000030b0500000)]
  0x0000016276465700 JavaThread "WorkerExecutor Queue Thread 7" [_thread_blocked, id=30732, stack(0x00000030b0500000,0x00000030b0600000)]
  0x0000016276464ce0 JavaThread "WorkerExecutor Queue Thread 8" [_thread_blocked, id=23264, stack(0x00000030b0600000,0x00000030b0700000)]
  0x00000162712de8f0 JavaThread "WorkerExecutor Queue Thread 9" [_thread_blocked, id=23644, stack(0x00000030b0700000,0x00000030b0800000)]
  0x0000016276466b40 JavaThread "WorkerExecutor Queue Thread 10" [_thread_blocked, id=10048, stack(0x00000030b0800000,0x00000030b0900000)]
  0x00000162712de3e0 JavaThread "WorkerExecutor Queue Thread 11" [_thread_blocked, id=28524, stack(0x00000030b0a00000,0x00000030b0b00000)]
  0x00000162711fda30 JavaThread "WorkerExecutor Queue Thread 13" [_thread_blocked, id=6128, stack(0x00000030b0e00000,0x00000030b0f00000)]
  0x00000162772c7580 JavaThread "Build operations" [_thread_blocked, id=31112, stack(0x00000030b0f00000,0x00000030b1000000)]
  0x0000016271962290 JavaThread "Build operations Thread 2" [_thread_blocked, id=7108, stack(0x00000030b1000000,0x00000030b1100000)]
  0x0000016271964600 JavaThread "Build operations Thread 3" [_thread_blocked, id=26244, stack(0x00000030b1100000,0x00000030b1200000)]
  0x0000016271961d80 JavaThread "Build operations Thread 4" [_thread_blocked, id=17752, stack(0x00000030b1200000,0x00000030b1300000)]
  0x0000016271963be0 JavaThread "Build operations Thread 5" [_thread_blocked, id=15308, stack(0x00000030b1300000,0x00000030b1400000)]
  0x0000016271962cb0 JavaThread "Build operations Thread 6" [_thread_blocked, id=28944, stack(0x00000030b1400000,0x00000030b1500000)]
  0x0000016271964b10 JavaThread "Build operations Thread 7" [_thread_blocked, id=25924, stack(0x00000030b1500000,0x00000030b1600000)]
  0x0000016271965020 JavaThread "Build operations Thread 8" [_thread_blocked, id=27656, stack(0x00000030b1600000,0x00000030b1700000)]
  0x00000162719640f0 JavaThread "Build operations Thread 9" [_thread_blocked, id=1688, stack(0x00000030b1700000,0x00000030b1800000)]
  0x0000016271961870 JavaThread "Build operations Thread 10" [_thread_blocked, id=29004, stack(0x00000030b1a00000,0x00000030b1b00000)]
  0x00000162719627a0 JavaThread "Build operations Thread 11" [_thread_blocked, id=18248, stack(0x00000030b1b00000,0x00000030b1c00000)]
  0x00000162719631c0 JavaThread "pool-15-thread-1" [_thread_blocked, id=15316, stack(0x00000030b0200000,0x00000030b0300000)]
  0x00000162719636d0 JavaThread "stderr" [_thread_in_native, id=25948, stack(0x00000030b1c00000,0x00000030b1d00000)]
  0x0000016278a208a0 JavaThread "stdout" [_thread_in_native, id=18004, stack(0x00000030b2000000,0x00000030b2100000)]
  0x0000016266f588b0 JavaThread "Build operations Thread 12" [_thread_blocked, id=29116, stack(0x00000030b0d00000,0x00000030b0e00000)]
  0x0000016266f59cf0 JavaThread "RMI RenewClean-[127.0.0.1:17766,org.jetbrains.kotlin.daemon.common.LoopbackNetworkInterface$ClientLoopbackSocketFactory@11455f40]" daemon [_thread_blocked, id=3108, stack(0x00000030b2100000,0x00000030b2200000)]
  0x0000016270da8bb0 JavaThread "RMI TCP Connection(idle)" daemon [_thread_blocked, id=25708, stack(0x00000030b2200000,0x00000030b2300000)]
  0x000001627091e060 JavaThread "RMI TCP Connection(idle)" daemon [_thread_blocked, id=2624, stack(0x00000030b2300000,0x00000030b2400000)]
  0x000001627091e570 JavaThread "RMI RenewClean-[127.0.0.1:17766,org.jetbrains.kotlin.daemon.common.LoopbackNetworkInterface$ClientLoopbackSocketFactory@1a455ac8]" daemon [_thread_blocked, id=9512, stack(0x00000030a7400000,0x00000030a7500000)]
  0x00000162716c40d0 JavaThread "RMI TCP Connection(idle)" daemon [_thread_blocked, id=30620, stack(0x00000030b2400000,0x00000030b2500000)]
  0x00000162716c5000 JavaThread "RMI TCP Connection(51)-127.0.0.1" daemon [_thread_in_native, id=15756, stack(0x00000030b2500000,0x00000030b2600000)]
  0x000001627002dc40 JavaThread "WorkerExecutor Queue Thread 14" [_thread_blocked, id=5364, stack(0x00000030b2600000,0x00000030b2700000)]
  0x000001626f5b8210 JavaThread "RMI TCP Connection(idle)" daemon [_thread_blocked, id=32168, stack(0x00000030b0c00000,0x00000030b0d00000)]
  0x000001626f5bb4b0 JavaThread "RMI TCP Connection(idle)" daemon [_thread_blocked, id=20336, stack(0x00000030b2700000,0x00000030b2800000)]
  0x000001626f5bb9c0 JavaThread "RMI TCP Connection(idle)" daemon [_thread_blocked, id=22644, stack(0x00000030b2800000,0x00000030b2900000)]
  0x000001626fb2c080 JavaThread "RMI TCP Connection(idle)" daemon [_thread_blocked, id=15912, stack(0x00000030b2900000,0x00000030b2a00000)]
  0x0000016278ecac70 JavaThread "RMI TCP Connection(idle)" daemon [_thread_blocked, id=15296, stack(0x00000030b2a00000,0x00000030b2b00000)]
  0x00000162767cda70 JavaThread "C2 CompilerThread1" daemon [_thread_blocked, id=7536, stack(0x00000030a1900000,0x00000030a1a00000)]
  0x00000162767cdfc0 JavaThread "C2 CompilerThread2" daemon [_thread_blocked, id=27356, stack(0x00000030a3700000,0x00000030a3800000)]

Other Threads:
=>0x00000162426b97a0 VMThread "VM Thread" [stack: 0x00000030a2200000,0x00000030a2300000] [id=17360]
  0x00000162428ce820 WatcherThread [stack: 0x00000030a2e00000,0x00000030a2f00000] [id=32572]
  0x000001621ceeb040 GCTaskThread "GC Thread#0" [stack: 0x00000030a1d00000,0x00000030a1e00000] [id=32080]
  0x0000016242a27980 GCTaskThread "GC Thread#1" [stack: 0x00000030a3100000,0x00000030a3200000] [id=8480]
  0x0000016242aee3d0 GCTaskThread "GC Thread#2" [stack: 0x00000030a3200000,0x00000030a3300000] [id=1988]
  0x0000016263155440 GCTaskThread "GC Thread#3" [stack: 0x00000030a3300000,0x00000030a3400000] [id=11316]
  0x000001626302f350 GCTaskThread "GC Thread#4" [stack: 0x00000030a3400000,0x00000030a3500000] [id=25880]
  0x0000016263cf5800 GCTaskThread "GC Thread#5" [stack: 0x00000030a3e00000,0x00000030a3f00000] [id=25800]
  0x0000016262c6acd0 GCTaskThread "GC Thread#6" [stack: 0x00000030a3f00000,0x00000030a4000000] [id=19712]
  0x00000162627c7790 GCTaskThread "GC Thread#7" [stack: 0x00000030a4000000,0x00000030a4100000] [id=15060]
  0x00000162623c9dd0 GCTaskThread "GC Thread#8" [stack: 0x00000030a4100000,0x00000030a4200000] [id=32332]
  0x0000016263e64040 GCTaskThread "GC Thread#9" [stack: 0x00000030a4200000,0x00000030a4300000] [id=26444]
  0x000001621d4c2120 ConcurrentGCThread "G1 Main Marker" [stack: 0x00000030a1e00000,0x00000030a1f00000] [id=31296]
  0x000001621d4c3720 ConcurrentGCThread "G1 Conc#0" [stack: 0x00000030a1f00000,0x00000030a2000000] [id=24912]
  0x00000162658cde10 ConcurrentGCThread "G1 Conc#1" [stack: 0x00000030a4900000,0x00000030a4a00000] [id=32484]
  0x00000162658ccad0 ConcurrentGCThread "G1 Conc#2" [stack: 0x00000030a4a00000,0x00000030a4b00000] [id=30696]
  0x000001621d4eebf0 ConcurrentGCThread "G1 Refine#0" [stack: 0x00000030a2000000,0x00000030a2100000] [id=17600]
  0x0000016268c49020 ConcurrentGCThread "G1 Refine#1" [stack: 0x00000030af600000,0x00000030af700000] [id=15672]
  0x0000016268c49310 ConcurrentGCThread "G1 Refine#2" [stack: 0x00000030afb00000,0x00000030afc00000] [id=11700]
  0x000001626613e4e0 ConcurrentGCThread "G1 Refine#3" [stack: 0x00000030afc00000,0x00000030afd00000] [id=27096]
  0x0000016268282b00 ConcurrentGCThread "G1 Refine#4" [stack: 0x00000030afd00000,0x00000030afe00000] [id=21012]
  0x000001626888a7e0 ConcurrentGCThread "G1 Refine#5" [stack: 0x00000030b3100000,0x00000030b3200000] [id=700]
  0x00000162705dbba0 ConcurrentGCThread "G1 Refine#6" [stack: 0x00000030b3200000,0x00000030b3300000] [id=12236]
  0x000001626613fc60 ConcurrentGCThread "G1 Refine#7" [stack: 0x00000030b3300000,0x00000030b3400000] [id=20496]
  0x000001626888a200 ConcurrentGCThread "G1 Refine#8" [stack: 0x00000030b3400000,0x00000030b3500000] [id=23588]
  0x00000162681bf550 ConcurrentGCThread "G1 Refine#9" [stack: 0x00000030b3500000,0x00000030b3600000] [id=32068]
  0x000001624256f6e0 ConcurrentGCThread "G1 Service" [stack: 0x00000030a2100000,0x00000030a2200000] [id=31780]

Threads with active compile tasks:
C2 CompilerThread0  2225866 55216   !   4       com.android.tools.r8.internal.xB::a (4220 bytes)
C2 CompilerThread1  2225866 54676 %     4       com.android.tools.r8.internal.M3::b @ 18 (1483 bytes)
C2 CompilerThread2  2225866 54617 %     4       com.android.tools.r8.internal.xR::b @ 33 (112 bytes)

VM state: at safepoint (normal execution)

VM Mutex/Monitor currently owned by a thread:  ([mutex/lock_event])
[0x000001621ce63160] Threads_lock - owner thread: 0x00000162426b97a0
[0x000001621d4413d0] Heap_lock - owner thread: 0x0000016270da90c0

Heap address: 0x0000000700000000, size: 4096 MB, Compressed Oops mode: Zero based, Oop shift amount: 3

CDS archive(s) mapped at: [0x0000016243000000-0x0000016243bb0000-0x0000016243bb0000), size 12255232, SharedBaseAddress: 0x0000016243000000, ArchiveRelocationMode: 1.
Compressed class space mapped at: 0x0000016244000000-0x000001625e000000, reserved size: 436207616
Narrow klass base: 0x0000016243000000, Narrow klass shift: 0, Narrow klass range: 0x100000000

GC Precious Log:
 CPUs: 12 total, 12 available
 Memory: 5989M
 Large Page Support: Disabled
 NUMA Support: Disabled
 Compressed Oops: Enabled (Zero based)
 Heap Region Size: 2M
 Heap Min Capacity: 8M
 Heap Initial Capacity: 94M
 Heap Max Capacity: 4G
 Pre-touch: Disabled
 Parallel Workers: 10
 Concurrent Workers: 3
 Concurrent Refinement Workers: 10
 Periodic GC: Disabled

Heap:
 garbage-first heap   total 1708032K, used 446942K [0x0000000700000000, 0x0000000800000000)
  region size 2048K, 3 young (6144K), 3 survivors (6144K)
 Metaspace       used 193361K, committed 196992K, reserved 622592K
  class space    used 25333K, committed 26816K, reserved 425984K

Heap Regions: E=young(eden), S=young(survivor), O=old, HS=humongous(starts), HC=humongous(continues), CS=collection set, F=free, OA=open archive, CA=closed archive, TAMS=top-at-mark-start (previous, next)
|   0|0x0000000700000000, 0x0000000700200000, 0x0000000700200000|100%|HS|  |TAMS 0x0000000700200000, 0x0000000700000000| Complete 
|   1|0x0000000700200000, 0x0000000700400000, 0x0000000700400000|100%|HC|  |TAMS 0x0000000700400000, 0x0000000700200000| Complete 
|   2|0x0000000700400000, 0x0000000700600000, 0x0000000700600000|100%| O|  |TAMS 0x0000000700600000, 0x0000000700400000| Untracked 
|   3|0x0000000700600000, 0x0000000700800000, 0x0000000700800000|100%| O|  |TAMS 0x0000000700800000, 0x0000000700600000| Untracked 
|   4|0x0000000700800000, 0x0000000700a00000, 0x0000000700a00000|100%| O|  |TAMS 0x0000000700a00000, 0x0000000700800000| Untracked 
|   5|0x0000000700a00000, 0x0000000700c00000, 0x0000000700c00000|100%| O|  |TAMS 0x0000000700c00000, 0x0000000700a00000| Untracked 
|   6|0x0000000700c00000, 0x0000000700e00000, 0x0000000700e00000|100%| O|  |TAMS 0x0000000700e00000, 0x0000000700c00000| Untracked 
|   7|0x0000000700e00000, 0x0000000701000000, 0x0000000701000000|100%| O|  |TAMS 0x0000000701000000, 0x0000000700e00000| Untracked 
|   8|0x0000000701000000, 0x0000000701200000, 0x0000000701200000|100%| O|  |TAMS 0x0000000701200000, 0x0000000701000000| Untracked 
|   9|0x0000000701200000, 0x0000000701400000, 0x0000000701400000|100%| O|  |TAMS 0x0000000701400000, 0x0000000701200000| Untracked 
|  10|0x0000000701400000, 0x0000000701600000, 0x0000000701600000|100%| O|  |TAMS 0x0000000701600000, 0x0000000701400000| Untracked 
|  11|0x0000000701600000, 0x0000000701800000, 0x0000000701800000|100%| O|  |TAMS 0x0000000701800000, 0x0000000701600000| Untracked 
|  12|0x0000000701800000, 0x0000000701a00000, 0x0000000701a00000|100%| O|  |TAMS 0x0000000701a00000, 0x0000000701800000| Untracked 
|  13|0x0000000701a00000, 0x0000000701c00000, 0x0000000701c00000|100%| O|  |TAMS 0x0000000701c00000, 0x0000000701a00000| Untracked 
|  14|0x0000000701c00000, 0x0000000701e00000, 0x0000000701e00000|100%| O|  |TAMS 0x0000000701e00000, 0x0000000701c00000| Untracked 
|  15|0x0000000701e00000, 0x0000000702000000, 0x0000000702000000|100%| O|  |TAMS 0x0000000702000000, 0x0000000701e00000| Untracked 
|  16|0x0000000702000000, 0x0000000702200000, 0x0000000702200000|100%| O|  |TAMS 0x0000000702200000, 0x0000000702000000| Untracked 
|  17|0x0000000702200000, 0x0000000702400000, 0x0000000702400000|100%| O|  |TAMS 0x0000000702400000, 0x0000000702200000| Untracked 
|  18|0x0000000702400000, 0x0000000702600000, 0x0000000702600000|100%| O|  |TAMS 0x0000000702600000, 0x0000000702400000| Untracked 
|  19|0x0000000702600000, 0x0000000702600000, 0x0000000702800000|  0%| F|  |TAMS 0x0000000702600000, 0x0000000702600000| Untracked 
|  20|0x0000000702800000, 0x0000000702a00000, 0x0000000702a00000|100%| O|  |TAMS 0x0000000702a00000, 0x0000000702800000| Untracked 
|  21|0x0000000702a00000, 0x0000000702c00000, 0x0000000702c00000|100%| O|  |TAMS 0x0000000702c00000, 0x0000000702a00000| Untracked 
|  22|0x0000000702c00000, 0x0000000702e00000, 0x0000000702e00000|100%| O|  |TAMS 0x0000000702e00000, 0x0000000702c00000| Untracked 
|  23|0x0000000702e00000, 0x0000000703000000, 0x0000000703000000|100%|HS|  |TAMS 0x0000000703000000, 0x0000000702e00000| Complete 
|  24|0x0000000703000000, 0x0000000703200000, 0x0000000703200000|100%|HC|  |TAMS 0x0000000703200000, 0x0000000703000000| Complete 
|  25|0x0000000703200000, 0x0000000703400000, 0x0000000703400000|100%|HS|  |TAMS 0x0000000703400000, 0x0000000703200000| Complete 
|  26|0x0000000703400000, 0x0000000703600000, 0x0000000703600000|100%|HC|  |TAMS 0x0000000703600000, 0x0000000703400000| Complete 
|  27|0x0000000703600000, 0x0000000703800000, 0x0000000703800000|100%| O|  |TAMS 0x0000000703800000, 0x0000000703600000| Untracked 
|  28|0x0000000703800000, 0x0000000703a00000, 0x0000000703a00000|100%| O|  |TAMS 0x0000000703a00000, 0x0000000703800000| Untracked 
|  29|0x0000000703a00000, 0x0000000703c00000, 0x0000000703c00000|100%| O|  |TAMS 0x0000000703c00000, 0x0000000703a00000| Untracked 
|  30|0x0000000703c00000, 0x0000000703e00000, 0x0000000703e00000|100%| O|  |TAMS 0x0000000703e00000, 0x0000000703c00000| Untracked 
|  31|0x0000000703e00000, 0x0000000704000000, 0x0000000704000000|100%| O|  |TAMS 0x0000000704000000, 0x0000000703e00000| Untracked 
|  32|0x0000000704000000, 0x0000000704200000, 0x0000000704200000|100%| O|  |TAMS 0x0000000704200000, 0x0000000704000000| Untracked 
|  33|0x0000000704200000, 0x0000000704400000, 0x0000000704400000|100%| O|  |TAMS 0x0000000704400000, 0x0000000704200000| Untracked 
|  34|0x0000000704400000, 0x0000000704600000, 0x0000000704600000|100%| O|  |TAMS 0x0000000704600000, 0x0000000704400000| Untracked 
|  35|0x0000000704600000, 0x0000000704800000, 0x0000000704800000|100%| O|  |TAMS 0x0000000704800000, 0x0000000704600000| Untracked 
|  36|0x0000000704800000, 0x0000000704a00000, 0x0000000704a00000|100%| O|  |TAMS 0x0000000704a00000, 0x0000000704800000| Untracked 
|  37|0x0000000704a00000, 0x0000000704c00000, 0x0000000704c00000|100%| O|  |TAMS 0x0000000704c00000, 0x0000000704a00000| Untracked 
|  38|0x0000000704c00000, 0x0000000704e00000, 0x0000000704e00000|100%| O|  |TAMS 0x0000000704e00000, 0x0000000704c00000| Untracked 
|  39|0x0000000704e00000, 0x0000000705000000, 0x0000000705000000|100%| O|  |TAMS 0x0000000705000000, 0x0000000704e00000| Untracked 
|  40|0x0000000705000000, 0x0000000705200000, 0x0000000705200000|100%| O|  |TAMS 0x0000000705200000, 0x0000000705000000| Untracked 
|  41|0x0000000705200000, 0x0000000705400000, 0x0000000705400000|100%| O|  |TAMS 0x0000000705400000, 0x0000000705200000| Untracked 
|  42|0x0000000705400000, 0x0000000705600000, 0x0000000705600000|100%| O|  |TAMS 0x0000000705600000, 0x0000000705400000| Untracked 
|  43|0x0000000705600000, 0x0000000705800000, 0x0000000705800000|100%|HS|  |TAMS 0x0000000705800000, 0x0000000705600000| Complete 
|  44|0x0000000705800000, 0x0000000705a00000, 0x0000000705a00000|100%|HC|  |TAMS 0x0000000705a00000, 0x0000000705800000| Complete 
|  45|0x0000000705a00000, 0x0000000705c00000, 0x0000000705c00000|100%| O|  |TAMS 0x0000000705c00000, 0x0000000705a00000| Untracked 
|  46|0x0000000705c00000, 0x0000000705e00000, 0x0000000705e00000|100%| O|  |TAMS 0x0000000705e00000, 0x0000000705c00000| Untracked 
|  47|0x0000000705e00000, 0x0000000706000000, 0x0000000706000000|100%| O|  |TAMS 0x0000000706000000, 0x0000000705e00000| Untracked 
|  48|0x0000000706000000, 0x0000000706200000, 0x0000000706200000|100%| O|  |TAMS 0x0000000706200000, 0x0000000706000000| Untracked 
|  49|0x0000000706200000, 0x0000000706400000, 0x0000000706400000|100%| O|  |TAMS 0x0000000706400000, 0x0000000706200000| Untracked 
|  50|0x0000000706400000, 0x0000000706600000, 0x0000000706600000|100%| O|  |TAMS 0x0000000706600000, 0x0000000706400000| Untracked 
|  51|0x0000000706600000, 0x0000000706800000, 0x0000000706800000|100%| O|  |TAMS 0x0000000706800000, 0x0000000706600000| Untracked 
|  52|0x0000000706800000, 0x0000000706a00000, 0x0000000706a00000|100%| O|  |TAMS 0x0000000706a00000, 0x0000000706800000| Untracked 
|  53|0x0000000706a00000, 0x0000000706c00000, 0x0000000706c00000|100%| O|  |TAMS 0x0000000706c00000, 0x0000000706a00000| Untracked 
|  54|0x0000000706c00000, 0x0000000706e00000, 0x0000000706e00000|100%| O|  |TAMS 0x0000000706e00000, 0x0000000706c00000| Untracked 
|  55|0x0000000706e00000, 0x0000000707000000, 0x0000000707000000|100%| O|  |TAMS 0x0000000707000000, 0x0000000706e00000| Untracked 
|  56|0x0000000707000000, 0x0000000707200000, 0x0000000707200000|100%| O|  |TAMS 0x0000000707200000, 0x0000000707000000| Untracked 
|  57|0x0000000707200000, 0x0000000707400000, 0x0000000707400000|100%| O|  |TAMS 0x0000000707400000, 0x0000000707200000| Untracked 
|  58|0x0000000707400000, 0x0000000707600000, 0x0000000707600000|100%| O|  |TAMS 0x0000000707600000, 0x0000000707400000| Untracked 
|  59|0x0000000707600000, 0x0000000707800000, 0x0000000707800000|100%| O|  |TAMS 0x0000000707800000, 0x0000000707600000| Untracked 
|  60|0x0000000707800000, 0x0000000707a00000, 0x0000000707a00000|100%| O|  |TAMS 0x0000000707a00000, 0x0000000707800000| Untracked 
|  61|0x0000000707a00000, 0x0000000707c00000, 0x0000000707c00000|100%|HS|  |TAMS 0x0000000707c00000, 0x0000000707a00000| Complete 
|  62|0x0000000707c00000, 0x0000000707e00000, 0x0000000707e00000|100%|HC|  |TAMS 0x0000000707e00000, 0x0000000707c00000| Complete 
|  63|0x0000000707e00000, 0x0000000708000000, 0x0000000708000000|100%|HS|  |TAMS 0x0000000708000000, 0x0000000707e00000| Complete 
|  64|0x0000000708000000, 0x0000000708200000, 0x0000000708200000|100%| O|  |TAMS 0x0000000708200000, 0x0000000708000000| Untracked 
|  65|0x0000000708200000, 0x0000000708400000, 0x0000000708400000|100%| O|  |TAMS 0x0000000708400000, 0x0000000708200000| Untracked 
|  66|0x0000000708400000, 0x0000000708600000, 0x0000000708600000|100%| O|  |TAMS 0x0000000708600000, 0x0000000708400000| Untracked 
|  67|0x0000000708600000, 0x0000000708800000, 0x0000000708800000|100%| O|  |TAMS 0x0000000708800000, 0x0000000708600000| Untracked 
|  68|0x0000000708800000, 0x0000000708a00000, 0x0000000708a00000|100%| O|  |TAMS 0x0000000708a00000, 0x0000000708800000| Untracked 
|  69|0x0000000708a00000, 0x0000000708c00000, 0x0000000708c00000|100%| O|  |TAMS 0x0000000708c00000, 0x0000000708a00000| Untracked 
|  70|0x0000000708c00000, 0x0000000708e00000, 0x0000000708e00000|100%| O|  |TAMS 0x0000000708e00000, 0x0000000708c00000| Untracked 
|  71|0x0000000708e00000, 0x0000000709000000, 0x0000000709000000|100%| O|  |TAMS 0x0000000709000000, 0x0000000708e00000| Untracked 
|  72|0x0000000709000000, 0x0000000709200000, 0x0000000709200000|100%| O|  |TAMS 0x0000000709200000, 0x0000000709000000| Untracked 
|  73|0x0000000709200000, 0x0000000709400000, 0x0000000709400000|100%| O|  |TAMS 0x0000000709400000, 0x0000000709200000| Untracked 
|  74|0x0000000709400000, 0x0000000709600000, 0x0000000709600000|100%| O|  |TAMS 0x0000000709600000, 0x0000000709400000| Untracked 
|  75|0x0000000709600000, 0x0000000709800000, 0x0000000709800000|100%| O|  |TAMS 0x0000000709800000, 0x0000000709600000| Untracked 
|  76|0x0000000709800000, 0x0000000709a00000, 0x0000000709a00000|100%| O|  |TAMS 0x0000000709a00000, 0x0000000709800000| Complete 
|  77|0x0000000709a00000, 0x0000000709c00000, 0x0000000709c00000|100%| O|  |TAMS 0x0000000709c00000, 0x0000000709a00000| Untracked 
|  78|0x0000000709c00000, 0x0000000709e00000, 0x0000000709e00000|100%| O|  |TAMS 0x0000000709e00000, 0x0000000709c00000| Untracked 
|  79|0x0000000709e00000, 0x000000070a000000, 0x000000070a000000|100%| O|  |TAMS 0x000000070a000000, 0x0000000709e00000| Untracked 
|  80|0x000000070a000000, 0x000000070a200000, 0x000000070a200000|100%| O|  |TAMS 0x000000070a200000, 0x000000070a000000| Untracked 
|  81|0x000000070a200000, 0x000000070a400000, 0x000000070a400000|100%| O|  |TAMS 0x000000070a400000, 0x000000070a200000| Untracked 
|  82|0x000000070a400000, 0x000000070a600000, 0x000000070a600000|100%| O|  |TAMS 0x000000070a600000, 0x000000070a400000| Untracked 
|  83|0x000000070a600000, 0x000000070a800000, 0x000000070a800000|100%| O|  |TAMS 0x000000070a800000, 0x000000070a600000| Untracked 
|  84|0x000000070a800000, 0x000000070aa00000, 0x000000070aa00000|100%| O|  |TAMS 0x000000070aa00000, 0x000000070a800000| Untracked 
|  85|0x000000070aa00000, 0x000000070ac00000, 0x000000070ac00000|100%| O|  |TAMS 0x000000070ac00000, 0x000000070aa00000| Untracked 
|  86|0x000000070ac00000, 0x000000070ae00000, 0x000000070ae00000|100%| O|  |TAMS 0x000000070ae00000, 0x000000070ac00000| Untracked 
|  87|0x000000070ae00000, 0x000000070b000000, 0x000000070b000000|100%| O|  |TAMS 0x000000070ae00000, 0x000000070ae00000| Untracked 
|  88|0x000000070b000000, 0x000000070b200000, 0x000000070b200000|100%| O|  |TAMS 0x000000070b200000, 0x000000070b000000| Untracked 
|  89|0x000000070b200000, 0x000000070b400000, 0x000000070b400000|100%| O|  |TAMS 0x000000070b200000, 0x000000070b200000| Untracked 
|  90|0x000000070b400000, 0x000000070b600000, 0x000000070b600000|100%| O|  |TAMS 0x000000070b600000, 0x000000070b400000| Untracked 
|  91|0x000000070b600000, 0x000000070b800000, 0x000000070b800000|100%| O|  |TAMS 0x000000070b800000, 0x000000070b600000| Untracked 
|  92|0x000000070b800000, 0x000000070ba00000, 0x000000070ba00000|100%| O|  |TAMS 0x000000070ba00000, 0x000000070b800000| Untracked 
|  93|0x000000070ba00000, 0x000000070bc00000, 0x000000070bc00000|100%| O|  |TAMS 0x000000070bc00000, 0x000000070ba00000| Untracked 
|  94|0x000000070bc00000, 0x000000070be00000, 0x000000070be00000|100%| O|  |TAMS 0x000000070be00000, 0x000000070bc00000| Untracked 
|  95|0x000000070be00000, 0x000000070c000000, 0x000000070c000000|100%|HS|  |TAMS 0x000000070c000000, 0x000000070be00000| Complete 
|  96|0x000000070c000000, 0x000000070c200000, 0x000000070c200000|100%| O|  |TAMS 0x000000070c200000, 0x000000070c000000| Untracked 
|  97|0x000000070c200000, 0x000000070c400000, 0x000000070c400000|100%| O|  |TAMS 0x000000070c400000, 0x000000070c200000| Untracked 
|  98|0x000000070c400000, 0x000000070c600000, 0x000000070c600000|100%| O|  |TAMS 0x000000070c600000, 0x000000070c400000| Untracked 
|  99|0x000000070c600000, 0x000000070c800000, 0x000000070c800000|100%| O|  |TAMS 0x000000070c600000, 0x000000070c600000| Untracked 
| 100|0x000000070c800000, 0x000000070ca00000, 0x000000070ca00000|100%| O|  |TAMS 0x000000070ca00000, 0x000000070c800000| Untracked 
| 101|0x000000070ca00000, 0x000000070cc00000, 0x000000070cc00000|100%| O|  |TAMS 0x000000070cc00000, 0x000000070ca00000| Untracked 
| 102|0x000000070cc00000, 0x000000070ce00000, 0x000000070ce00000|100%| O|  |TAMS 0x000000070ce00000, 0x000000070cc00000| Untracked 
| 103|0x000000070ce00000, 0x000000070d000000, 0x000000070d000000|100%| O|  |TAMS 0x000000070d000000, 0x000000070ce00000| Untracked 
| 104|0x000000070d000000, 0x000000070d200000, 0x000000070d200000|100%| O|  |TAMS 0x000000070d200000, 0x000000070d000000| Untracked 
| 105|0x000000070d200000, 0x000000070d400000, 0x000000070d400000|100%| O|  |TAMS 0x000000070d400000, 0x000000070d200000| Untracked 
| 106|0x000000070d400000, 0x000000070d600000, 0x000000070d600000|100%| O|  |TAMS 0x000000070d600000, 0x000000070d400000| Untracked 
| 107|0x000000070d600000, 0x000000070d800000, 0x000000070d800000|100%| O|  |TAMS 0x000000070d800000, 0x000000070d600000| Untracked 
| 108|0x000000070d800000, 0x000000070da00000, 0x000000070da00000|100%| O|  |TAMS 0x000000070da00000, 0x000000070d800000| Untracked 
| 109|0x000000070da00000, 0x000000070dc00000, 0x000000070dc00000|100%| O|  |TAMS 0x000000070dc00000, 0x000000070da00000| Untracked 
| 110|0x000000070dc00000, 0x000000070de00000, 0x000000070de00000|100%| O|  |TAMS 0x000000070de00000, 0x000000070dc00000| Untracked 
| 111|0x000000070de00000, 0x000000070e000000, 0x000000070e000000|100%| O|  |TAMS 0x000000070de00000, 0x000000070de00000| Untracked 
| 112|0x000000070e000000, 0x000000070e200000, 0x000000070e200000|100%| O|  |TAMS 0x000000070e200000, 0x000000070e000000| Untracked 
| 113|0x000000070e200000, 0x000000070e400000, 0x000000070e400000|100%| O|  |TAMS 0x000000070e400000, 0x000000070e200000| Untracked 
| 114|0x000000070e400000, 0x000000070e600000, 0x000000070e600000|100%| O|  |TAMS 0x000000070e600000, 0x000000070e400000| Untracked 
| 115|0x000000070e600000, 0x000000070e800000, 0x000000070e800000|100%| O|  |TAMS 0x000000070e600000, 0x000000070e600000| Untracked 
| 116|0x000000070e800000, 0x000000070e800000, 0x000000070ea00000|  0%| F|  |TAMS 0x000000070e800000, 0x000000070e800000| Untracked 
| 117|0x000000070ea00000, 0x000000070ec00000, 0x000000070ec00000|100%| O|  |TAMS 0x000000070ea00000, 0x000000070ea00000| Untracked 
| 118|0x000000070ec00000, 0x000000070ee00000, 0x000000070ee00000|100%| O|  |TAMS 0x000000070ee00000, 0x000000070ec00000| Complete 
| 119|0x000000070ee00000, 0x000000070f000000, 0x000000070f000000|100%| O|  |TAMS 0x000000070f000000, 0x000000070ee00000| Untracked 
| 120|0x000000070f000000, 0x000000070f000000, 0x000000070f200000|  0%| F|  |TAMS 0x000000070f000000, 0x000000070f000000| Untracked 
| 121|0x000000070f200000, 0x000000070f200000, 0x000000070f400000|  0%| F|  |TAMS 0x000000070f200000, 0x000000070f200000| Untracked 
| 122|0x000000070f400000, 0x000000070f600000, 0x000000070f600000|100%| O|  |TAMS 0x000000070f600000, 0x000000070f400000| Untracked 
| 123|0x000000070f600000, 0x000000070f600000, 0x000000070f800000|  0%| F|  |TAMS 0x000000070f600000, 0x000000070f600000| Untracked 
| 124|0x000000070f800000, 0x000000070fa00000, 0x000000070fa00000|100%| O|  |TAMS 0x000000070f800000, 0x000000070f800000| Untracked 
| 125|0x000000070fa00000, 0x000000070fc00000, 0x000000070fc00000|100%|HS|  |TAMS 0x000000070fc00000, 0x000000070fa00000| Complete 
| 126|0x000000070fc00000, 0x000000070fe00000, 0x000000070fe00000|100%| O|  |TAMS 0x000000070fe00000, 0x000000070fc00000| Untracked 
| 127|0x000000070fe00000, 0x0000000710000000, 0x0000000710000000|100%| O|  |TAMS 0x0000000710000000, 0x000000070fe00000| Untracked 
| 128|0x0000000710000000, 0x0000000710200000, 0x0000000710200000|100%| O|  |TAMS 0x0000000710200000, 0x0000000710000000| Untracked 
| 129|0x0000000710200000, 0x0000000710400000, 0x0000000710400000|100%| O|  |TAMS 0x0000000710400000, 0x0000000710200000| Untracked 
| 130|0x0000000710400000, 0x0000000710600000, 0x0000000710600000|100%| O|  |TAMS 0x0000000710600000, 0x0000000710400000| Untracked 
| 131|0x0000000710600000, 0x0000000710800000, 0x0000000710800000|100%| O|  |TAMS 0x0000000710800000, 0x0000000710600000| Untracked 
| 132|0x0000000710800000, 0x0000000710a00000, 0x0000000710a00000|100%| O|  |TAMS 0x0000000710800000, 0x0000000710800000| Untracked 
| 133|0x0000000710a00000, 0x0000000710c00000, 0x0000000710c00000|100%| O|  |TAMS 0x0000000710c00000, 0x0000000710a00000| Complete 
| 134|0x0000000710c00000, 0x0000000710c00000, 0x0000000710e00000|  0%| F|  |TAMS 0x0000000710c00000, 0x0000000710c00000| Untracked 
| 135|0x0000000710e00000, 0x0000000710e00000, 0x0000000711000000|  0%| F|  |TAMS 0x0000000710e00000, 0x0000000710e00000| Untracked 
| 136|0x0000000711000000, 0x0000000711200000, 0x0000000711200000|100%| O|  |TAMS 0x0000000711200000, 0x0000000711000000| Untracked 
| 137|0x0000000711200000, 0x0000000711400000, 0x0000000711400000|100%| O|  |TAMS 0x0000000711400000, 0x0000000711200000| Untracked 
| 138|0x0000000711400000, 0x0000000711600000, 0x0000000711600000|100%| O|  |TAMS 0x0000000711600000, 0x0000000711400000| Untracked 
| 139|0x0000000711600000, 0x0000000711800000, 0x0000000711800000|100%| O|  |TAMS 0x0000000711800000, 0x0000000711600000| Untracked 
| 140|0x0000000711800000, 0x0000000711a00000, 0x0000000711a00000|100%| O|  |TAMS 0x0000000711a00000, 0x0000000711800000| Untracked 
| 141|0x0000000711a00000, 0x0000000711c00000, 0x0000000711c00000|100%| O|  |TAMS 0x0000000711c00000, 0x0000000711a00000| Untracked 
| 142|0x0000000711c00000, 0x0000000711e00000, 0x0000000711e00000|100%| O|  |TAMS 0x0000000711c00000, 0x0000000711c00000| Untracked 
| 143|0x0000000711e00000, 0x0000000712000000, 0x0000000712000000|100%| O|  |TAMS 0x0000000712000000, 0x0000000711e00000| Untracked 
| 144|0x0000000712000000, 0x0000000712200000, 0x0000000712200000|100%| O|  |TAMS 0x0000000712200000, 0x0000000712000000| Untracked 
| 145|0x0000000712200000, 0x0000000712400000, 0x0000000712400000|100%| O|  |TAMS 0x0000000712400000, 0x0000000712200000| Untracked 
| 146|0x0000000712400000, 0x0000000712600000, 0x0000000712600000|100%| O|  |TAMS 0x0000000712600000, 0x0000000712400000| Untracked 
| 147|0x0000000712600000, 0x0000000712800000, 0x0000000712800000|100%| O|  |TAMS 0x0000000712800000, 0x0000000712600000| Untracked 
| 148|0x0000000712800000, 0x0000000712a00000, 0x0000000712a00000|100%| O|  |TAMS 0x0000000712a00000, 0x0000000712800000| Untracked 
| 149|0x0000000712a00000, 0x0000000712c00000, 0x0000000712c00000|100%| O|  |TAMS 0x0000000712a00000, 0x0000000712a00000| Untracked 
| 150|0x0000000712c00000, 0x0000000712e00000, 0x0000000712e00000|100%| O|  |TAMS 0x0000000712e00000, 0x0000000712c00000| Untracked 
| 151|0x0000000712e00000, 0x0000000713000000, 0x0000000713000000|100%| O|  |TAMS 0x0000000713000000, 0x0000000712e00000| Untracked 
| 152|0x0000000713000000, 0x0000000713200000, 0x0000000713200000|100%| O|  |TAMS 0x0000000713200000, 0x0000000713000000| Untracked 
| 153|0x0000000713200000, 0x0000000713400000, 0x0000000713400000|100%| O|  |TAMS 0x0000000713400000, 0x0000000713200000| Untracked 
| 154|0x0000000713400000, 0x0000000713600000, 0x0000000713600000|100%| O|  |TAMS 0x0000000713400000, 0x0000000713400000| Untracked 
| 155|0x0000000713600000, 0x0000000713800000, 0x0000000713800000|100%| O|  |TAMS 0x0000000713800000, 0x0000000713600000| Untracked 
| 156|0x0000000713800000, 0x0000000713a00000, 0x0000000713a00000|100%| O|  |TAMS 0x0000000713a00000, 0x0000000713800000| Untracked 
| 157|0x0000000713a00000, 0x0000000713c00000, 0x0000000713c00000|100%| O|  |TAMS 0x0000000713c00000, 0x0000000713a00000| Untracked 
| 158|0x0000000713c00000, 0x0000000713e00000, 0x0000000713e00000|100%| O|  |TAMS 0x0000000713e00000, 0x0000000713c00000| Untracked 
| 159|0x0000000713e00000, 0x0000000714000000, 0x0000000714000000|100%| O|  |TAMS 0x0000000714000000, 0x0000000713e00000| Untracked 
| 160|0x0000000714000000, 0x0000000714200000, 0x0000000714200000|100%| O|  |TAMS 0x0000000714200000, 0x0000000714000000| Untracked 
| 161|0x0000000714200000, 0x0000000714400000, 0x0000000714400000|100%| O|  |TAMS 0x0000000714200000, 0x0000000714200000| Untracked 
| 162|0x0000000714400000, 0x0000000714600000, 0x0000000714600000|100%| O|  |TAMS 0x0000000714400000, 0x0000000714400000| Untracked 
| 163|0x0000000714600000, 0x0000000714800000, 0x0000000714800000|100%| O|  |TAMS 0x0000000714600000, 0x0000000714600000| Untracked 
| 164|0x0000000714800000, 0x0000000714a00000, 0x0000000714a00000|100%| O|  |TAMS 0x0000000714a00000, 0x0000000714800000| Untracked 
| 165|0x0000000714a00000, 0x0000000714c00000, 0x0000000714c00000|100%| O|  |TAMS 0x0000000714c00000, 0x0000000714a00000| Untracked 
| 166|0x0000000714c00000, 0x0000000714e00000, 0x0000000714e00000|100%| O|  |TAMS 0x0000000714e00000, 0x0000000714c00000| Untracked 
| 167|0x0000000714e00000, 0x0000000715000000, 0x0000000715000000|100%| O|  |TAMS 0x0000000715000000, 0x0000000714e00000| Untracked 
| 168|0x0000000715000000, 0x0000000715000000, 0x0000000715200000|  0%| F|  |TAMS 0x0000000715000000, 0x0000000715000000| Untracked 
| 169|0x0000000715200000, 0x0000000715400000, 0x0000000715400000|100%| O|  |TAMS 0x0000000715200000, 0x0000000715200000| Untracked 
| 170|0x0000000715400000, 0x0000000715600000, 0x0000000715600000|100%| O|  |TAMS 0x0000000715407e00, 0x0000000715400000| Untracked 
| 171|0x0000000715600000, 0x0000000715800000, 0x0000000715800000|100%| O|  |TAMS 0x0000000715600000, 0x0000000715600000| Untracked 
| 172|0x0000000715800000, 0x0000000715a00000, 0x0000000715a00000|100%| O|  |TAMS 0x0000000715800000, 0x0000000715800000| Untracked 
| 173|0x0000000715a00000, 0x0000000715c00000, 0x0000000715c00000|100%| O|  |TAMS 0x0000000715a00000, 0x0000000715a00000| Untracked 
| 174|0x0000000715c00000, 0x0000000715e00000, 0x0000000715e00000|100%| O|  |TAMS 0x0000000715c00000, 0x0000000715c00000| Untracked 
| 175|0x0000000715e00000, 0x0000000716000000, 0x0000000716000000|100%| O|  |TAMS 0x0000000715e00000, 0x0000000715e00000| Untracked 
| 176|0x0000000716000000, 0x0000000716200000, 0x0000000716200000|100%| O|  |TAMS 0x0000000716000000, 0x0000000716000000| Untracked 
| 177|0x0000000716200000, 0x0000000716200000, 0x0000000716400000|  0%| F|  |TAMS 0x0000000716200000, 0x0000000716200000| Untracked 
| 178|0x0000000716400000, 0x0000000716600000, 0x0000000716600000|100%| O|  |TAMS 0x0000000716400000, 0x0000000716400000| Untracked 
| 179|0x0000000716600000, 0x0000000716800000, 0x0000000716800000|100%| O|  |TAMS 0x0000000716600000, 0x0000000716600000| Untracked 
| 180|0x0000000716800000, 0x0000000716a00000, 0x0000000716a00000|100%| O|  |TAMS 0x0000000716800000, 0x0000000716800000| Untracked 
| 181|0x0000000716a00000, 0x0000000716c00000, 0x0000000716c00000|100%| O|  |TAMS 0x0000000716a00000, 0x0000000716a00000| Untracked 
| 182|0x0000000716c00000, 0x0000000716e00000, 0x0000000716e00000|100%| O|  |TAMS 0x0000000716c00000, 0x0000000716c00000| Untracked 
| 183|0x0000000716e00000, 0x0000000717000000, 0x0000000717000000|100%| O|  |TAMS 0x0000000716e00000, 0x0000000716e00000| Untracked 
| 184|0x0000000717000000, 0x0000000717200000, 0x0000000717200000|100%| O|  |TAMS 0x0000000717000000, 0x0000000717000000| Untracked 
| 185|0x0000000717200000, 0x0000000717400000, 0x0000000717400000|100%| O|  |TAMS 0x0000000717200000, 0x0000000717200000| Untracked 
| 186|0x0000000717400000, 0x0000000717600000, 0x0000000717600000|100%| O|  |TAMS 0x0000000717400000, 0x0000000717400000| Untracked 
| 187|0x0000000717600000, 0x0000000717800000, 0x0000000717800000|100%| O|  |TAMS 0x0000000717600000, 0x0000000717600000| Untracked 
| 188|0x0000000717800000, 0x0000000717a00000, 0x0000000717a00000|100%| O|  |TAMS 0x0000000717800000, 0x0000000717800000| Untracked 
| 189|0x0000000717a00000, 0x0000000717c00000, 0x0000000717c00000|100%| O|  |TAMS 0x0000000717a00000, 0x0000000717a00000| Untracked 
| 190|0x0000000717c00000, 0x0000000717e00000, 0x0000000717e00000|100%| O|  |TAMS 0x0000000717e00000, 0x0000000717c00000| Untracked 
| 191|0x0000000717e00000, 0x0000000718000000, 0x0000000718000000|100%| O|  |TAMS 0x0000000718000000, 0x0000000717e00000| Untracked 
| 192|0x0000000718000000, 0x0000000718200000, 0x0000000718200000|100%| O|  |TAMS 0x0000000718200000, 0x0000000718000000| Untracked 
| 193|0x0000000718200000, 0x0000000718400000, 0x0000000718400000|100%| O|  |TAMS 0x0000000718400000, 0x0000000718200000| Untracked 
| 194|0x0000000718400000, 0x0000000718600000, 0x0000000718600000|100%| O|  |TAMS 0x0000000718600000, 0x0000000718400000| Untracked 
| 195|0x0000000718600000, 0x0000000718800000, 0x0000000718800000|100%| O|  |TAMS 0x0000000718800000, 0x0000000718600000| Untracked 
| 196|0x0000000718800000, 0x0000000718a00000, 0x0000000718a00000|100%| O|  |TAMS 0x0000000718a00000, 0x0000000718800000| Untracked 
| 197|0x0000000718a00000, 0x0000000718c00000, 0x0000000718c00000|100%| O|  |TAMS 0x0000000718c00000, 0x0000000718a00000| Untracked 
| 198|0x0000000718c00000, 0x0000000718e00000, 0x0000000718e00000|100%| O|  |TAMS 0x0000000718e00000, 0x0000000718c00000| Untracked 
| 199|0x0000000718e00000, 0x0000000719000000, 0x0000000719000000|100%| O|  |TAMS 0x0000000719000000, 0x0000000718e00000| Untracked 
| 200|0x0000000719000000, 0x0000000719200000, 0x0000000719200000|100%| O|  |TAMS 0x0000000719200000, 0x0000000719000000| Untracked 
| 201|0x0000000719200000, 0x0000000719400000, 0x0000000719400000|100%| O|  |TAMS 0x0000000719400000, 0x0000000719200000| Untracked 
| 202|0x0000000719400000, 0x0000000719600000, 0x0000000719600000|100%| O|  |TAMS 0x0000000719400000, 0x0000000719400000| Untracked 
| 203|0x0000000719600000, 0x0000000719800000, 0x0000000719800000|100%| O|  |TAMS 0x0000000719600000, 0x0000000719600000| Untracked 
| 204|0x0000000719800000, 0x0000000719864c00, 0x0000000719a00000| 19%| O|  |TAMS 0x0000000719800000, 0x0000000719800000| Untracked 
| 205|0x0000000719a00000, 0x0000000719c00000, 0x0000000719c00000|100%| O|  |TAMS 0x0000000719c00000, 0x0000000719a00000| Untracked 
| 206|0x0000000719c00000, 0x0000000719e00000, 0x0000000719e00000|100%| O|  |TAMS 0x0000000719e00000, 0x0000000719c00000| Untracked 
| 207|0x0000000719e00000, 0x000000071a000000, 0x000000071a000000|100%| O|  |TAMS 0x000000071a000000, 0x0000000719e00000| Untracked 
| 208|0x000000071a000000, 0x000000071a200000, 0x000000071a200000|100%| O|  |TAMS 0x000000071a200000, 0x000000071a000000| Untracked 
| 209|0x000000071a200000, 0x000000071a400000, 0x000000071a400000|100%| O|  |TAMS 0x000000071a400000, 0x000000071a200000| Untracked 
| 210|0x000000071a400000, 0x000000071a600000, 0x000000071a600000|100%| O|  |TAMS 0x000000071a600000, 0x000000071a400000| Untracked 
| 211|0x000000071a600000, 0x000000071a800000, 0x000000071a800000|100%| O|  |TAMS 0x000000071a800000, 0x000000071a600000| Untracked 
| 212|0x000000071a800000, 0x000000071aa00000, 0x000000071aa00000|100%| O|  |TAMS 0x000000071aa00000, 0x000000071a800000| Untracked 
| 213|0x000000071aa00000, 0x000000071ac00000, 0x000000071ac00000|100%| O|  |TAMS 0x000000071ac00000, 0x000000071aa00000| Untracked 
| 214|0x000000071ac00000, 0x000000071ae00000, 0x000000071ae00000|100%| O|  |TAMS 0x000000071ae00000, 0x000000071ac00000| Untracked 
| 215|0x000000071ae00000, 0x000000071b000000, 0x000000071b000000|100%| O|  |TAMS 0x000000071b000000, 0x000000071ae00000| Untracked 
| 216|0x000000071b000000, 0x000000071b200000, 0x000000071b200000|100%| O|  |TAMS 0x000000071b200000, 0x000000071b000000| Untracked 
| 217|0x000000071b200000, 0x000000071b400000, 0x000000071b400000|100%| O|  |TAMS 0x000000071b400000, 0x000000071b200000| Untracked 
| 218|0x000000071b400000, 0x000000071b600000, 0x000000071b600000|100%| O|  |TAMS 0x000000071b600000, 0x000000071b400000| Untracked 
| 219|0x000000071b600000, 0x000000071b800000, 0x000000071b800000|100%| O|  |TAMS 0x000000071b800000, 0x000000071b600000| Untracked 
| 220|0x000000071b800000, 0x000000071ba00000, 0x000000071ba00000|100%| O|  |TAMS 0x000000071ba00000, 0x000000071b800000| Untracked 
| 221|0x000000071ba00000, 0x000000071bc00000, 0x000000071bc00000|100%| O|  |TAMS 0x000000071bc00000, 0x000000071ba00000| Untracked 
| 222|0x000000071bc00000, 0x000000071be00000, 0x000000071be00000|100%| O|  |TAMS 0x000000071be00000, 0x000000071bc00000| Untracked 
| 223|0x000000071be00000, 0x000000071be00000, 0x000000071c000000|  0%| F|  |TAMS 0x000000071be00000, 0x000000071be00000| Untracked 
| 224|0x000000071c000000, 0x000000071c000000, 0x000000071c200000|  0%| F|  |TAMS 0x000000071c000000, 0x000000071c000000| Untracked 
| 225|0x000000071c200000, 0x000000071c400000, 0x000000071c400000|100%| O|  |TAMS 0x000000071c400000, 0x000000071c200000| Untracked 
| 226|0x000000071c400000, 0x000000071c400000, 0x000000071c600000|  0%| F|  |TAMS 0x000000071c400000, 0x000000071c400000| Untracked 
| 227|0x000000071c600000, 0x000000071c600000, 0x000000071c800000|  0%| F|  |TAMS 0x000000071c600000, 0x000000071c600000| Untracked 
| 228|0x000000071c800000, 0x000000071c800000, 0x000000071ca00000|  0%| F|  |TAMS 0x000000071c800000, 0x000000071c800000| Untracked 
| 229|0x000000071ca00000, 0x000000071ca00000, 0x000000071cc00000|  0%| F|  |TAMS 0x000000071ca00000, 0x000000071ca00000| Untracked 
| 230|0x000000071cc00000, 0x000000071cc00000, 0x000000071ce00000|  0%| F|  |TAMS 0x000000071cc00000, 0x000000071cc00000| Untracked 
| 231|0x000000071ce00000, 0x000000071ce00000, 0x000000071d000000|  0%| F|  |TAMS 0x000000071ce00000, 0x000000071ce00000| Untracked 
| 232|0x000000071d000000, 0x000000071d000000, 0x000000071d200000|  0%| F|  |TAMS 0x000000071d000000, 0x000000071d000000| Untracked 
| 233|0x000000071d200000, 0x000000071d200000, 0x000000071d400000|  0%| F|  |TAMS 0x000000071d200000, 0x000000071d200000| Untracked 
| 234|0x000000071d400000, 0x000000071d400000, 0x000000071d600000|  0%| F|  |TAMS 0x000000071d400000, 0x000000071d400000| Untracked 
| 235|0x000000071d600000, 0x000000071d600000, 0x000000071d800000|  0%| F|  |TAMS 0x000000071d600000, 0x000000071d600000| Untracked 
| 236|0x000000071d800000, 0x000000071d800000, 0x000000071da00000|  0%| F|  |TAMS 0x000000071d800000, 0x000000071d800000| Untracked 
| 237|0x000000071da00000, 0x000000071da00000, 0x000000071dc00000|  0%| F|  |TAMS 0x000000071da00000, 0x000000071da00000| Untracked 
| 238|0x000000071dc00000, 0x000000071dc00000, 0x000000071de00000|  0%| F|  |TAMS 0x000000071dc00000, 0x000000071dc00000| Untracked 
| 239|0x000000071de00000, 0x000000071de00000, 0x000000071e000000|  0%| F|  |TAMS 0x000000071de00000, 0x000000071de00000| Untracked 
| 240|0x000000071e000000, 0x000000071e000000, 0x000000071e200000|  0%| F|  |TAMS 0x000000071e000000, 0x000000071e000000| Untracked 
| 241|0x000000071e200000, 0x000000071e200000, 0x000000071e400000|  0%| F|  |TAMS 0x000000071e200000, 0x000000071e200000| Untracked 
| 242|0x000000071e400000, 0x000000071e400000, 0x000000071e600000|  0%| F|  |TAMS 0x000000071e400000, 0x000000071e400000| Untracked 
| 243|0x000000071e600000, 0x000000071e600000, 0x000000071e800000|  0%| F|  |TAMS 0x000000071e600000, 0x000000071e600000| Untracked 
| 244|0x000000071e800000, 0x000000071e800000, 0x000000071ea00000|  0%| F|  |TAMS 0x000000071e800000, 0x000000071e800000| Untracked 
| 245|0x000000071ea00000, 0x000000071ec00000, 0x000000071ec00000|100%| O|  |TAMS 0x000000071ec00000, 0x000000071ea00000| Untracked 
| 246|0x000000071ec00000, 0x000000071ee00000, 0x000000071ee00000|100%| O|  |TAMS 0x000000071ee00000, 0x000000071ec00000| Untracked 
| 247|0x000000071ee00000, 0x000000071ee00000, 0x000000071f000000|  0%| F|  |TAMS 0x000000071ee00000, 0x000000071ee00000| Untracked 
| 248|0x000000071f000000, 0x000000071f000000, 0x000000071f200000|  0%| F|  |TAMS 0x000000071f000000, 0x000000071f000000| Untracked 
| 249|0x000000071f200000, 0x000000071f200000, 0x000000071f400000|  0%| F|  |TAMS 0x000000071f200000, 0x000000071f200000| Untracked 
| 250|0x000000071f400000, 0x000000071f400000, 0x000000071f600000|  0%| F|  |TAMS 0x000000071f400000, 0x000000071f400000| Untracked 
| 251|0x000000071f600000, 0x000000071f600000, 0x000000071f800000|  0%| F|  |TAMS 0x000000071f600000, 0x000000071f600000| Untracked 
| 252|0x000000071f800000, 0x000000071f800000, 0x000000071fa00000|  0%| F|  |TAMS 0x000000071f800000, 0x000000071f800000| Untracked 
| 253|0x000000071fa00000, 0x000000071fa00000, 0x000000071fc00000|  0%| F|  |TAMS 0x000000071fa00000, 0x000000071fa00000| Untracked 
| 254|0x000000071fc00000, 0x000000071fc00000, 0x000000071fe00000|  0%| F|  |TAMS 0x000000071fc00000, 0x000000071fc00000| Untracked 
| 255|0x000000071fe00000, 0x000000071fe00000, 0x0000000720000000|  0%| F|  |TAMS 0x000000071fe00000, 0x000000071fe00000| Untracked 
| 256|0x0000000720000000, 0x0000000720000000, 0x0000000720200000|  0%| F|  |TAMS 0x0000000720000000, 0x0000000720000000| Untracked 
| 257|0x0000000720200000, 0x0000000720200000, 0x0000000720400000|  0%| F|  |TAMS 0x0000000720200000, 0x0000000720200000| Untracked 
| 258|0x0000000720400000, 0x0000000720400000, 0x0000000720600000|  0%| F|  |TAMS 0x0000000720400000, 0x0000000720400000| Untracked 
| 259|0x0000000720600000, 0x0000000720600000, 0x0000000720800000|  0%| F|  |TAMS 0x0000000720600000, 0x0000000720600000| Untracked 
| 260|0x0000000720800000, 0x0000000720800000, 0x0000000720a00000|  0%| F|  |TAMS 0x0000000720800000, 0x0000000720800000| Untracked 
| 261|0x0000000720a00000, 0x0000000720a00000, 0x0000000720c00000|  0%| F|  |TAMS 0x0000000720a00000, 0x0000000720a00000| Untracked 
| 262|0x0000000720c00000, 0x0000000720c00000, 0x0000000720e00000|  0%| F|  |TAMS 0x0000000720c00000, 0x0000000720c00000| Untracked 
| 263|0x0000000720e00000, 0x0000000720e00000, 0x0000000721000000|  0%| F|  |TAMS 0x0000000720e00000, 0x0000000720e00000| Untracked 
| 264|0x0000000721000000, 0x0000000721000000, 0x0000000721200000|  0%| F|  |TAMS 0x0000000721000000, 0x0000000721000000| Untracked 
| 265|0x0000000721200000, 0x0000000721200000, 0x0000000721400000|  0%| F|  |TAMS 0x0000000721200000, 0x0000000721200000| Untracked 
| 266|0x0000000721400000, 0x0000000721400000, 0x0000000721600000|  0%| F|  |TAMS 0x0000000721400000, 0x0000000721400000| Untracked 
| 267|0x0000000721600000, 0x0000000721600000, 0x0000000721800000|  0%| F|  |TAMS 0x0000000721600000, 0x0000000721600000| Untracked 
| 268|0x0000000721800000, 0x0000000721800000, 0x0000000721a00000|  0%| F|  |TAMS 0x0000000721800000, 0x0000000721800000| Untracked 
| 269|0x0000000721a00000, 0x0000000721a00000, 0x0000000721c00000|  0%| F|  |TAMS 0x0000000721a00000, 0x0000000721a00000| Untracked 
| 270|0x0000000721c00000, 0x0000000721c00000, 0x0000000721e00000|  0%| F|  |TAMS 0x0000000721c00000, 0x0000000721c00000| Untracked 
| 271|0x0000000721e00000, 0x0000000721e00000, 0x0000000722000000|  0%| F|  |TAMS 0x0000000721e00000, 0x0000000721e00000| Untracked 
| 272|0x0000000722000000, 0x0000000722000000, 0x0000000722200000|  0%| F|  |TAMS 0x0000000722000000, 0x0000000722000000| Untracked 
| 273|0x0000000722200000, 0x0000000722200000, 0x0000000722400000|  0%| F|  |TAMS 0x0000000722200000, 0x0000000722200000| Untracked 
| 274|0x0000000722400000, 0x0000000722400000, 0x0000000722600000|  0%| F|  |TAMS 0x0000000722400000, 0x0000000722400000| Untracked 
| 275|0x0000000722600000, 0x0000000722600000, 0x0000000722800000|  0%| F|  |TAMS 0x0000000722600000, 0x0000000722600000| Untracked 
| 276|0x0000000722800000, 0x0000000722800000, 0x0000000722a00000|  0%| F|  |TAMS 0x0000000722800000, 0x0000000722800000| Untracked 
| 277|0x0000000722a00000, 0x0000000722a00000, 0x0000000722c00000|  0%| F|  |TAMS 0x0000000722a00000, 0x0000000722a00000| Untracked 
| 278|0x0000000722c00000, 0x0000000722c00000, 0x0000000722e00000|  0%| F|  |TAMS 0x0000000722c00000, 0x0000000722c00000| Untracked 
| 279|0x0000000722e00000, 0x0000000722e00000, 0x0000000723000000|  0%| F|  |TAMS 0x0000000722e00000, 0x0000000722e00000| Untracked 
| 280|0x0000000723000000, 0x0000000723000000, 0x0000000723200000|  0%| F|  |TAMS 0x0000000723000000, 0x0000000723000000| Untracked 
| 281|0x0000000723200000, 0x0000000723200000, 0x0000000723400000|  0%| F|  |TAMS 0x0000000723200000, 0x0000000723200000| Untracked 
| 282|0x0000000723400000, 0x0000000723400000, 0x0000000723600000|  0%| F|  |TAMS 0x0000000723400000, 0x0000000723400000| Untracked 
| 283|0x0000000723600000, 0x0000000723600000, 0x0000000723800000|  0%| F|  |TAMS 0x0000000723600000, 0x0000000723600000| Untracked 
| 284|0x0000000723800000, 0x0000000723800000, 0x0000000723a00000|  0%| F|  |TAMS 0x0000000723800000, 0x0000000723800000| Untracked 
| 285|0x0000000723a00000, 0x0000000723a00000, 0x0000000723c00000|  0%| F|  |TAMS 0x0000000723a00000, 0x0000000723a00000| Untracked 
| 286|0x0000000723c00000, 0x0000000723c00000, 0x0000000723e00000|  0%| F|  |TAMS 0x0000000723c00000, 0x0000000723c00000| Untracked 
| 287|0x0000000723e00000, 0x0000000723e00000, 0x0000000724000000|  0%| F|  |TAMS 0x0000000723e00000, 0x0000000723e00000| Untracked 
| 288|0x0000000724000000, 0x0000000724000000, 0x0000000724200000|  0%| F|  |TAMS 0x0000000724000000, 0x0000000724000000| Untracked 
| 289|0x0000000724200000, 0x0000000724200000, 0x0000000724400000|  0%| F|  |TAMS 0x0000000724200000, 0x0000000724200000| Untracked 
| 290|0x0000000724400000, 0x0000000724400000, 0x0000000724600000|  0%| F|  |TAMS 0x0000000724400000, 0x0000000724400000| Untracked 
| 291|0x0000000724600000, 0x0000000724600000, 0x0000000724800000|  0%| F|  |TAMS 0x0000000724600000, 0x0000000724600000| Untracked 
| 292|0x0000000724800000, 0x0000000724800000, 0x0000000724a00000|  0%| F|  |TAMS 0x0000000724800000, 0x0000000724800000| Untracked 
| 293|0x0000000724a00000, 0x0000000724a00000, 0x0000000724c00000|  0%| F|  |TAMS 0x0000000724a00000, 0x0000000724a00000| Untracked 
| 294|0x0000000724c00000, 0x0000000724c00000, 0x0000000724e00000|  0%| F|  |TAMS 0x0000000724c00000, 0x0000000724c00000| Untracked 
| 295|0x0000000724e00000, 0x0000000724e00000, 0x0000000725000000|  0%| F|  |TAMS 0x0000000724e00000, 0x0000000724e00000| Untracked 
| 296|0x0000000725000000, 0x0000000725000000, 0x0000000725200000|  0%| F|  |TAMS 0x0000000725000000, 0x0000000725000000| Untracked 
| 297|0x0000000725200000, 0x0000000725200000, 0x0000000725400000|  0%| F|  |TAMS 0x0000000725200000, 0x0000000725200000| Untracked 
| 298|0x0000000725400000, 0x0000000725400000, 0x0000000725600000|  0%| F|  |TAMS 0x0000000725400000, 0x0000000725400000| Untracked 
| 299|0x0000000725600000, 0x0000000725600000, 0x0000000725800000|  0%| F|  |TAMS 0x0000000725600000, 0x0000000725600000| Untracked 
| 300|0x0000000725800000, 0x0000000725800000, 0x0000000725a00000|  0%| F|  |TAMS 0x0000000725800000, 0x0000000725800000| Untracked 
| 301|0x0000000725a00000, 0x0000000725a00000, 0x0000000725c00000|  0%| F|  |TAMS 0x0000000725a00000, 0x0000000725a00000| Untracked 
| 302|0x0000000725c00000, 0x0000000725c00000, 0x0000000725e00000|  0%| F|  |TAMS 0x0000000725c00000, 0x0000000725c00000| Untracked 
| 303|0x0000000725e00000, 0x0000000725e00000, 0x0000000726000000|  0%| F|  |TAMS 0x0000000725e00000, 0x0000000725e00000| Untracked 
| 304|0x0000000726000000, 0x0000000726000000, 0x0000000726200000|  0%| F|  |TAMS 0x0000000726000000, 0x0000000726000000| Untracked 
| 305|0x0000000726200000, 0x0000000726200000, 0x0000000726400000|  0%| F|  |TAMS 0x0000000726200000, 0x0000000726200000| Untracked 
| 306|0x0000000726400000, 0x0000000726400000, 0x0000000726600000|  0%| F|  |TAMS 0x0000000726400000, 0x0000000726400000| Untracked 
| 307|0x0000000726600000, 0x0000000726600000, 0x0000000726800000|  0%| F|  |TAMS 0x0000000726600000, 0x0000000726600000| Untracked 
| 308|0x0000000726800000, 0x0000000726800000, 0x0000000726a00000|  0%| F|  |TAMS 0x0000000726800000, 0x0000000726800000| Untracked 
| 309|0x0000000726a00000, 0x0000000726a00000, 0x0000000726c00000|  0%| F|  |TAMS 0x0000000726a00000, 0x0000000726a00000| Untracked 
| 310|0x0000000726c00000, 0x0000000726c00000, 0x0000000726e00000|  0%| F|  |TAMS 0x0000000726c00000, 0x0000000726c00000| Untracked 
| 311|0x0000000726e00000, 0x0000000726e00000, 0x0000000727000000|  0%| F|  |TAMS 0x0000000726e00000, 0x0000000726e00000| Untracked 
| 312|0x0000000727000000, 0x0000000727000000, 0x0000000727200000|  0%| F|  |TAMS 0x0000000727000000, 0x0000000727000000| Untracked 
| 313|0x0000000727200000, 0x0000000727200000, 0x0000000727400000|  0%| F|  |TAMS 0x0000000727200000, 0x0000000727200000| Untracked 
| 314|0x0000000727400000, 0x0000000727400000, 0x0000000727600000|  0%| F|  |TAMS 0x0000000727400000, 0x0000000727400000| Untracked 
| 315|0x0000000727600000, 0x0000000727600000, 0x0000000727800000|  0%| F|  |TAMS 0x0000000727600000, 0x0000000727600000| Untracked 
| 316|0x0000000727800000, 0x0000000727800000, 0x0000000727a00000|  0%| F|  |TAMS 0x0000000727800000, 0x0000000727800000| Untracked 
| 317|0x0000000727a00000, 0x0000000727a00000, 0x0000000727c00000|  0%| F|  |TAMS 0x0000000727a00000, 0x0000000727a00000| Untracked 
| 318|0x0000000727c00000, 0x0000000727c00000, 0x0000000727e00000|  0%| F|  |TAMS 0x0000000727c00000, 0x0000000727c00000| Untracked 
| 319|0x0000000727e00000, 0x0000000727e00000, 0x0000000728000000|  0%| F|  |TAMS 0x0000000727e00000, 0x0000000727e00000| Untracked 
| 320|0x0000000728000000, 0x0000000728000000, 0x0000000728200000|  0%| F|  |TAMS 0x0000000728000000, 0x0000000728000000| Untracked 
| 321|0x0000000728200000, 0x0000000728200000, 0x0000000728400000|  0%| F|  |TAMS 0x0000000728200000, 0x0000000728200000| Untracked 
| 322|0x0000000728400000, 0x0000000728400000, 0x0000000728600000|  0%| F|  |TAMS 0x0000000728400000, 0x0000000728400000| Untracked 
| 323|0x0000000728600000, 0x0000000728600000, 0x0000000728800000|  0%| F|  |TAMS 0x0000000728600000, 0x0000000728600000| Untracked 
| 324|0x0000000728800000, 0x0000000728800000, 0x0000000728a00000|  0%| F|  |TAMS 0x0000000728800000, 0x0000000728800000| Untracked 
| 325|0x0000000728a00000, 0x0000000728a00000, 0x0000000728c00000|  0%| F|  |TAMS 0x0000000728a00000, 0x0000000728a00000| Untracked 
| 326|0x0000000728c00000, 0x0000000728c00000, 0x0000000728e00000|  0%| F|  |TAMS 0x0000000728c00000, 0x0000000728c00000| Untracked 
| 327|0x0000000728e00000, 0x0000000728e00000, 0x0000000729000000|  0%| F|  |TAMS 0x0000000728e00000, 0x0000000728e00000| Untracked 
| 328|0x0000000729000000, 0x0000000729000000, 0x0000000729200000|  0%| F|  |TAMS 0x0000000729000000, 0x0000000729000000| Untracked 
| 329|0x0000000729200000, 0x0000000729200000, 0x0000000729400000|  0%| F|  |TAMS 0x0000000729200000, 0x0000000729200000| Untracked 
| 330|0x0000000729400000, 0x0000000729400000, 0x0000000729600000|  0%| F|  |TAMS 0x0000000729400000, 0x0000000729400000| Untracked 
| 331|0x0000000729600000, 0x0000000729600000, 0x0000000729800000|  0%| F|  |TAMS 0x0000000729600000, 0x0000000729600000| Untracked 
| 332|0x0000000729800000, 0x0000000729800000, 0x0000000729a00000|  0%| F|  |TAMS 0x0000000729800000, 0x0000000729800000| Untracked 
| 333|0x0000000729a00000, 0x0000000729a00000, 0x0000000729c00000|  0%| F|  |TAMS 0x0000000729a00000, 0x0000000729a00000| Untracked 
| 334|0x0000000729c00000, 0x0000000729c00000, 0x0000000729e00000|  0%| F|  |TAMS 0x0000000729c00000, 0x0000000729c00000| Untracked 
| 335|0x0000000729e00000, 0x0000000729e00000, 0x000000072a000000|  0%| F|  |TAMS 0x0000000729e00000, 0x0000000729e00000| Untracked 
| 336|0x000000072a000000, 0x000000072a000000, 0x000000072a200000|  0%| F|  |TAMS 0x000000072a000000, 0x000000072a000000| Untracked 
| 337|0x000000072a200000, 0x000000072a200000, 0x000000072a400000|  0%| F|  |TAMS 0x000000072a200000, 0x000000072a200000| Untracked 
| 338|0x000000072a400000, 0x000000072a400000, 0x000000072a600000|  0%| F|  |TAMS 0x000000072a400000, 0x000000072a400000| Untracked 
| 339|0x000000072a600000, 0x000000072a600000, 0x000000072a800000|  0%| F|  |TAMS 0x000000072a600000, 0x000000072a600000| Untracked 
| 340|0x000000072a800000, 0x000000072a800000, 0x000000072aa00000|  0%| F|  |TAMS 0x000000072a800000, 0x000000072a800000| Untracked 
| 341|0x000000072aa00000, 0x000000072aa00000, 0x000000072ac00000|  0%| F|  |TAMS 0x000000072aa00000, 0x000000072aa00000| Untracked 
| 342|0x000000072ac00000, 0x000000072ac00000, 0x000000072ae00000|  0%| F|  |TAMS 0x000000072ac00000, 0x000000072ac00000| Untracked 
| 343|0x000000072ae00000, 0x000000072ae00000, 0x000000072b000000|  0%| F|  |TAMS 0x000000072ae00000, 0x000000072ae00000| Untracked 
| 344|0x000000072b000000, 0x000000072b000000, 0x000000072b200000|  0%| F|  |TAMS 0x000000072b000000, 0x000000072b000000| Untracked 
| 345|0x000000072b200000, 0x000000072b200000, 0x000000072b400000|  0%| F|  |TAMS 0x000000072b200000, 0x000000072b200000| Untracked 
| 346|0x000000072b400000, 0x000000072b400000, 0x000000072b600000|  0%| F|  |TAMS 0x000000072b400000, 0x000000072b400000| Untracked 
| 347|0x000000072b600000, 0x000000072b600000, 0x000000072b800000|  0%| F|  |TAMS 0x000000072b600000, 0x000000072b600000| Untracked 
| 348|0x000000072b800000, 0x000000072b800000, 0x000000072ba00000|  0%| F|  |TAMS 0x000000072b800000, 0x000000072b800000| Untracked 
| 349|0x000000072ba00000, 0x000000072ba00000, 0x000000072bc00000|  0%| F|  |TAMS 0x000000072ba00000, 0x000000072ba00000| Untracked 
| 350|0x000000072bc00000, 0x000000072bc00000, 0x000000072be00000|  0%| F|  |TAMS 0x000000072bc00000, 0x000000072bc00000| Untracked 
| 351|0x000000072be00000, 0x000000072be00000, 0x000000072c000000|  0%| F|  |TAMS 0x000000072be00000, 0x000000072be00000| Untracked 
| 352|0x000000072c000000, 0x000000072c000000, 0x000000072c200000|  0%| F|  |TAMS 0x000000072c000000, 0x000000072c000000| Untracked 
| 353|0x000000072c200000, 0x000000072c200000, 0x000000072c400000|  0%| F|  |TAMS 0x000000072c200000, 0x000000072c200000| Untracked 
| 354|0x000000072c400000, 0x000000072c400000, 0x000000072c600000|  0%| F|  |TAMS 0x000000072c400000, 0x000000072c400000| Untracked 
| 355|0x000000072c600000, 0x000000072c600000, 0x000000072c800000|  0%| F|  |TAMS 0x000000072c600000, 0x000000072c600000| Untracked 
| 356|0x000000072c800000, 0x000000072c800000, 0x000000072ca00000|  0%| F|  |TAMS 0x000000072c800000, 0x000000072c800000| Untracked 
| 357|0x000000072ca00000, 0x000000072ca00000, 0x000000072cc00000|  0%| F|  |TAMS 0x000000072ca00000, 0x000000072ca00000| Untracked 
| 358|0x000000072cc00000, 0x000000072cc00000, 0x000000072ce00000|  0%| F|  |TAMS 0x000000072cc00000, 0x000000072cc00000| Untracked 
| 359|0x000000072ce00000, 0x000000072ce00000, 0x000000072d000000|  0%| F|  |TAMS 0x000000072ce00000, 0x000000072ce00000| Untracked 
| 360|0x000000072d000000, 0x000000072d000000, 0x000000072d200000|  0%| F|  |TAMS 0x000000072d000000, 0x000000072d000000| Untracked 
| 361|0x000000072d200000, 0x000000072d200000, 0x000000072d400000|  0%| F|  |TAMS 0x000000072d200000, 0x000000072d200000| Untracked 
| 362|0x000000072d400000, 0x000000072d400000, 0x000000072d600000|  0%| F|  |TAMS 0x000000072d400000, 0x000000072d400000| Untracked 
| 363|0x000000072d600000, 0x000000072d600000, 0x000000072d800000|  0%| F|  |TAMS 0x000000072d600000, 0x000000072d600000| Untracked 
| 364|0x000000072d800000, 0x000000072d800000, 0x000000072da00000|  0%| F|  |TAMS 0x000000072d800000, 0x000000072d800000| Untracked 
| 365|0x000000072da00000, 0x000000072da00000, 0x000000072dc00000|  0%| F|  |TAMS 0x000000072da00000, 0x000000072da00000| Untracked 
| 366|0x000000072dc00000, 0x000000072dc00000, 0x000000072de00000|  0%| F|  |TAMS 0x000000072dc00000, 0x000000072dc00000| Untracked 
| 367|0x000000072de00000, 0x000000072de00000, 0x000000072e000000|  0%| F|  |TAMS 0x000000072de00000, 0x000000072de00000| Untracked 
| 368|0x000000072e000000, 0x000000072e000000, 0x000000072e200000|  0%| F|  |TAMS 0x000000072e000000, 0x000000072e000000| Untracked 
| 369|0x000000072e200000, 0x000000072e200000, 0x000000072e400000|  0%| F|  |TAMS 0x000000072e200000, 0x000000072e200000| Untracked 
| 370|0x000000072e400000, 0x000000072e400000, 0x000000072e600000|  0%| F|  |TAMS 0x000000072e400000, 0x000000072e400000| Untracked 
| 371|0x000000072e600000, 0x000000072e600000, 0x000000072e800000|  0%| F|  |TAMS 0x000000072e600000, 0x000000072e600000| Untracked 
| 372|0x000000072e800000, 0x000000072e800000, 0x000000072ea00000|  0%| F|  |TAMS 0x000000072e800000, 0x000000072e800000| Untracked 
| 373|0x000000072ea00000, 0x000000072ea00000, 0x000000072ec00000|  0%| F|  |TAMS 0x000000072ea00000, 0x000000072ea00000| Untracked 
| 374|0x000000072ec00000, 0x000000072ec00000, 0x000000072ee00000|  0%| F|  |TAMS 0x000000072ec00000, 0x000000072ec00000| Untracked 
| 375|0x000000072ee00000, 0x000000072ee00000, 0x000000072f000000|  0%| F|  |TAMS 0x000000072ee00000, 0x000000072ee00000| Untracked 
| 376|0x000000072f000000, 0x000000072f000000, 0x000000072f200000|  0%| F|  |TAMS 0x000000072f000000, 0x000000072f000000| Untracked 
| 377|0x000000072f200000, 0x000000072f200000, 0x000000072f400000|  0%| F|  |TAMS 0x000000072f200000, 0x000000072f200000| Untracked 
| 378|0x000000072f400000, 0x000000072f400000, 0x000000072f600000|  0%| F|  |TAMS 0x000000072f400000, 0x000000072f400000| Untracked 
| 379|0x000000072f600000, 0x000000072f600000, 0x000000072f800000|  0%| F|  |TAMS 0x000000072f600000, 0x000000072f600000| Untracked 
| 380|0x000000072f800000, 0x000000072f800000, 0x000000072fa00000|  0%| F|  |TAMS 0x000000072f800000, 0x000000072f800000| Untracked 
| 381|0x000000072fa00000, 0x000000072fa00000, 0x000000072fc00000|  0%| F|  |TAMS 0x000000072fa00000, 0x000000072fa00000| Untracked 
| 382|0x000000072fc00000, 0x000000072fc00000, 0x000000072fe00000|  0%| F|  |TAMS 0x000000072fc00000, 0x000000072fc00000| Untracked 
| 383|0x000000072fe00000, 0x000000072fe00000, 0x0000000730000000|  0%| F|  |TAMS 0x000000072fe00000, 0x000000072fe00000| Untracked 
| 384|0x0000000730000000, 0x0000000730000000, 0x0000000730200000|  0%| F|  |TAMS 0x0000000730000000, 0x0000000730000000| Untracked 
| 385|0x0000000730200000, 0x0000000730200000, 0x0000000730400000|  0%| F|  |TAMS 0x0000000730200000, 0x0000000730200000| Untracked 
| 386|0x0000000730400000, 0x0000000730400000, 0x0000000730600000|  0%| F|  |TAMS 0x0000000730400000, 0x0000000730400000| Untracked 
| 387|0x0000000730600000, 0x0000000730600000, 0x0000000730800000|  0%| F|  |TAMS 0x0000000730600000, 0x0000000730600000| Untracked 
| 388|0x0000000730800000, 0x0000000730800000, 0x0000000730a00000|  0%| F|  |TAMS 0x0000000730800000, 0x0000000730800000| Untracked 
| 389|0x0000000730a00000, 0x0000000730a00000, 0x0000000730c00000|  0%| F|  |TAMS 0x0000000730a00000, 0x0000000730a00000| Untracked 
| 390|0x0000000730c00000, 0x0000000730c00000, 0x0000000730e00000|  0%| F|  |TAMS 0x0000000730c00000, 0x0000000730c00000| Untracked 
| 391|0x0000000730e00000, 0x0000000730e00000, 0x0000000731000000|  0%| F|  |TAMS 0x0000000730e00000, 0x0000000730e00000| Untracked 
| 392|0x0000000731000000, 0x0000000731000000, 0x0000000731200000|  0%| F|  |TAMS 0x0000000731000000, 0x0000000731000000| Untracked 
| 393|0x0000000731200000, 0x0000000731200000, 0x0000000731400000|  0%| F|  |TAMS 0x0000000731200000, 0x0000000731200000| Untracked 
| 394|0x0000000731400000, 0x0000000731400000, 0x0000000731600000|  0%| F|  |TAMS 0x0000000731400000, 0x0000000731400000| Untracked 
| 395|0x0000000731600000, 0x0000000731600000, 0x0000000731800000|  0%| F|  |TAMS 0x0000000731600000, 0x0000000731600000| Untracked 
| 396|0x0000000731800000, 0x0000000731800000, 0x0000000731a00000|  0%| F|  |TAMS 0x0000000731800000, 0x0000000731800000| Untracked 
| 397|0x0000000731a00000, 0x0000000731a00000, 0x0000000731c00000|  0%| F|  |TAMS 0x0000000731a00000, 0x0000000731a00000| Untracked 
| 398|0x0000000731c00000, 0x0000000731c00000, 0x0000000731e00000|  0%| F|  |TAMS 0x0000000731c00000, 0x0000000731c00000| Untracked 
| 399|0x0000000731e00000, 0x0000000731e00000, 0x0000000732000000|  0%| F|  |TAMS 0x0000000731e00000, 0x0000000731e00000| Untracked 
| 400|0x0000000732000000, 0x0000000732000000, 0x0000000732200000|  0%| F|  |TAMS 0x0000000732000000, 0x0000000732000000| Untracked 
| 401|0x0000000732200000, 0x0000000732200000, 0x0000000732400000|  0%| F|  |TAMS 0x0000000732200000, 0x0000000732200000| Untracked 
| 402|0x0000000732400000, 0x0000000732400000, 0x0000000732600000|  0%| F|  |TAMS 0x0000000732400000, 0x0000000732400000| Untracked 
| 403|0x0000000732600000, 0x0000000732600000, 0x0000000732800000|  0%| F|  |TAMS 0x0000000732600000, 0x0000000732600000| Untracked 
| 404|0x0000000732800000, 0x0000000732800000, 0x0000000732a00000|  0%| F|  |TAMS 0x0000000732800000, 0x0000000732800000| Untracked 
| 405|0x0000000732a00000, 0x0000000732a00000, 0x0000000732c00000|  0%| F|  |TAMS 0x0000000732a00000, 0x0000000732a00000| Untracked 
| 406|0x0000000732c00000, 0x0000000732c00000, 0x0000000732e00000|  0%| F|  |TAMS 0x0000000732c00000, 0x0000000732c00000| Untracked 
| 407|0x0000000732e00000, 0x0000000732e00000, 0x0000000733000000|  0%| F|  |TAMS 0x0000000732e00000, 0x0000000732e00000| Untracked 
| 408|0x0000000733000000, 0x0000000733000000, 0x0000000733200000|  0%| F|  |TAMS 0x0000000733000000, 0x0000000733000000| Untracked 
| 409|0x0000000733200000, 0x0000000733200000, 0x0000000733400000|  0%| F|  |TAMS 0x0000000733200000, 0x0000000733200000| Untracked 
| 410|0x0000000733400000, 0x0000000733400000, 0x0000000733600000|  0%| F|  |TAMS 0x0000000733400000, 0x0000000733400000| Untracked 
| 411|0x0000000733600000, 0x0000000733600000, 0x0000000733800000|  0%| F|  |TAMS 0x0000000733600000, 0x0000000733600000| Untracked 
| 412|0x0000000733800000, 0x0000000733800000, 0x0000000733a00000|  0%| F|  |TAMS 0x0000000733800000, 0x0000000733800000| Untracked 
| 413|0x0000000733a00000, 0x0000000733a00000, 0x0000000733c00000|  0%| F|  |TAMS 0x0000000733a00000, 0x0000000733a00000| Untracked 
| 414|0x0000000733c00000, 0x0000000733c00000, 0x0000000733e00000|  0%| F|  |TAMS 0x0000000733c00000, 0x0000000733c00000| Untracked 
| 415|0x0000000733e00000, 0x0000000733e00000, 0x0000000734000000|  0%| F|  |TAMS 0x0000000733e00000, 0x0000000733e00000| Untracked 
| 416|0x0000000734000000, 0x0000000734000000, 0x0000000734200000|  0%| F|  |TAMS 0x0000000734000000, 0x0000000734000000| Untracked 
| 417|0x0000000734200000, 0x0000000734200000, 0x0000000734400000|  0%| F|  |TAMS 0x0000000734200000, 0x0000000734200000| Untracked 
| 418|0x0000000734400000, 0x0000000734400000, 0x0000000734600000|  0%| F|  |TAMS 0x0000000734400000, 0x0000000734400000| Untracked 
| 419|0x0000000734600000, 0x0000000734600000, 0x0000000734800000|  0%| F|  |TAMS 0x0000000734600000, 0x0000000734600000| Untracked 
| 420|0x0000000734800000, 0x0000000734800000, 0x0000000734a00000|  0%| F|  |TAMS 0x0000000734800000, 0x0000000734800000| Untracked 
| 421|0x0000000734a00000, 0x0000000734a00000, 0x0000000734c00000|  0%| F|  |TAMS 0x0000000734a00000, 0x0000000734a00000| Untracked 
| 422|0x0000000734c00000, 0x0000000734c00000, 0x0000000734e00000|  0%| F|  |TAMS 0x0000000734c00000, 0x0000000734c00000| Untracked 
| 423|0x0000000734e00000, 0x0000000734e00000, 0x0000000735000000|  0%| F|  |TAMS 0x0000000734e00000, 0x0000000734e00000| Untracked 
| 424|0x0000000735000000, 0x0000000735000000, 0x0000000735200000|  0%| F|  |TAMS 0x0000000735000000, 0x0000000735000000| Untracked 
| 425|0x0000000735200000, 0x0000000735200000, 0x0000000735400000|  0%| F|  |TAMS 0x0000000735200000, 0x0000000735200000| Untracked 
| 426|0x0000000735400000, 0x0000000735400000, 0x0000000735600000|  0%| F|  |TAMS 0x0000000735400000, 0x0000000735400000| Untracked 
| 427|0x0000000735600000, 0x0000000735600000, 0x0000000735800000|  0%| F|  |TAMS 0x0000000735600000, 0x0000000735600000| Untracked 
| 428|0x0000000735800000, 0x0000000735800000, 0x0000000735a00000|  0%| F|  |TAMS 0x0000000735800000, 0x0000000735800000| Untracked 
| 429|0x0000000735a00000, 0x0000000735a00000, 0x0000000735c00000|  0%| F|  |TAMS 0x0000000735a00000, 0x0000000735a00000| Untracked 
| 430|0x0000000735c00000, 0x0000000735c00000, 0x0000000735e00000|  0%| F|  |TAMS 0x0000000735c00000, 0x0000000735c00000| Untracked 
| 431|0x0000000735e00000, 0x0000000735e00000, 0x0000000736000000|  0%| F|  |TAMS 0x0000000735e00000, 0x0000000735e00000| Untracked 
| 432|0x0000000736000000, 0x0000000736000000, 0x0000000736200000|  0%| F|  |TAMS 0x0000000736000000, 0x0000000736000000| Untracked 
| 433|0x0000000736200000, 0x0000000736200000, 0x0000000736400000|  0%| F|  |TAMS 0x0000000736200000, 0x0000000736200000| Untracked 
| 434|0x0000000736400000, 0x0000000736400000, 0x0000000736600000|  0%| F|  |TAMS 0x0000000736400000, 0x0000000736400000| Untracked 
| 435|0x0000000736600000, 0x0000000736600000, 0x0000000736800000|  0%| F|  |TAMS 0x0000000736600000, 0x0000000736600000| Untracked 
| 436|0x0000000736800000, 0x0000000736800000, 0x0000000736a00000|  0%| F|  |TAMS 0x0000000736800000, 0x0000000736800000| Untracked 
| 437|0x0000000736a00000, 0x0000000736a00000, 0x0000000736c00000|  0%| F|  |TAMS 0x0000000736a00000, 0x0000000736a00000| Untracked 
| 438|0x0000000736c00000, 0x0000000736c00000, 0x0000000736e00000|  0%| F|  |TAMS 0x0000000736c00000, 0x0000000736c00000| Untracked 
| 439|0x0000000736e00000, 0x0000000736e00000, 0x0000000737000000|  0%| F|  |TAMS 0x0000000736e00000, 0x0000000736e00000| Untracked 
| 440|0x0000000737000000, 0x0000000737000000, 0x0000000737200000|  0%| F|  |TAMS 0x0000000737000000, 0x0000000737000000| Untracked 
| 441|0x0000000737200000, 0x0000000737200000, 0x0000000737400000|  0%| F|  |TAMS 0x0000000737200000, 0x0000000737200000| Untracked 
| 442|0x0000000737400000, 0x0000000737400000, 0x0000000737600000|  0%| F|  |TAMS 0x0000000737400000, 0x0000000737400000| Untracked 
| 443|0x0000000737600000, 0x0000000737600000, 0x0000000737800000|  0%| F|  |TAMS 0x0000000737600000, 0x0000000737600000| Untracked 
| 444|0x0000000737800000, 0x0000000737800000, 0x0000000737a00000|  0%| F|  |TAMS 0x0000000737800000, 0x0000000737800000| Untracked 
| 445|0x0000000737a00000, 0x0000000737a00000, 0x0000000737c00000|  0%| F|  |TAMS 0x0000000737a00000, 0x0000000737a00000| Untracked 
| 446|0x0000000737c00000, 0x0000000737c00000, 0x0000000737e00000|  0%| F|  |TAMS 0x0000000737c00000, 0x0000000737c00000| Untracked 
| 447|0x0000000737e00000, 0x0000000737e00000, 0x0000000738000000|  0%| F|  |TAMS 0x0000000737e00000, 0x0000000737e00000| Untracked 
| 448|0x0000000738000000, 0x0000000738000000, 0x0000000738200000|  0%| F|  |TAMS 0x0000000738000000, 0x0000000738000000| Untracked 
| 449|0x0000000738200000, 0x0000000738200000, 0x0000000738400000|  0%| F|  |TAMS 0x0000000738200000, 0x0000000738200000| Untracked 
| 450|0x0000000738400000, 0x0000000738400000, 0x0000000738600000|  0%| F|  |TAMS 0x0000000738400000, 0x0000000738400000| Untracked 
| 451|0x0000000738600000, 0x0000000738600000, 0x0000000738800000|  0%| F|  |TAMS 0x0000000738600000, 0x0000000738600000| Untracked 
| 452|0x0000000738800000, 0x0000000738800000, 0x0000000738a00000|  0%| F|  |TAMS 0x0000000738800000, 0x0000000738800000| Untracked 
| 453|0x0000000738a00000, 0x0000000738a00000, 0x0000000738c00000|  0%| F|  |TAMS 0x0000000738a00000, 0x0000000738a00000| Untracked 
| 454|0x0000000738c00000, 0x0000000738c00000, 0x0000000738e00000|  0%| F|  |TAMS 0x0000000738c00000, 0x0000000738c00000| Untracked 
| 455|0x0000000738e00000, 0x0000000738e00000, 0x0000000739000000|  0%| F|  |TAMS 0x0000000738e00000, 0x0000000738e00000| Untracked 
| 456|0x0000000739000000, 0x0000000739000000, 0x0000000739200000|  0%| F|  |TAMS 0x0000000739000000, 0x0000000739000000| Untracked 
| 457|0x0000000739200000, 0x0000000739200000, 0x0000000739400000|  0%| F|  |TAMS 0x0000000739200000, 0x0000000739200000| Untracked 
| 458|0x0000000739400000, 0x0000000739400000, 0x0000000739600000|  0%| F|  |TAMS 0x0000000739400000, 0x0000000739400000| Untracked 
| 459|0x0000000739600000, 0x0000000739600000, 0x0000000739800000|  0%| F|  |TAMS 0x0000000739600000, 0x0000000739600000| Untracked 
| 460|0x0000000739800000, 0x0000000739800000, 0x0000000739a00000|  0%| F|  |TAMS 0x0000000739800000, 0x0000000739800000| Untracked 
| 461|0x0000000739a00000, 0x0000000739a00000, 0x0000000739c00000|  0%| F|  |TAMS 0x0000000739a00000, 0x0000000739a00000| Untracked 
| 462|0x0000000739c00000, 0x0000000739c00000, 0x0000000739e00000|  0%| F|  |TAMS 0x0000000739c00000, 0x0000000739c00000| Untracked 
| 463|0x0000000739e00000, 0x0000000739e00000, 0x000000073a000000|  0%| F|  |TAMS 0x0000000739e00000, 0x0000000739e00000| Untracked 
| 464|0x000000073a000000, 0x000000073a000000, 0x000000073a200000|  0%| F|  |TAMS 0x000000073a000000, 0x000000073a000000| Untracked 
| 465|0x000000073a200000, 0x000000073a200000, 0x000000073a400000|  0%| F|  |TAMS 0x000000073a200000, 0x000000073a200000| Untracked 
| 466|0x000000073a400000, 0x000000073a400000, 0x000000073a600000|  0%| F|  |TAMS 0x000000073a400000, 0x000000073a400000| Untracked 
| 467|0x000000073a600000, 0x000000073a600000, 0x000000073a800000|  0%| F|  |TAMS 0x000000073a600000, 0x000000073a600000| Untracked 
| 468|0x000000073a800000, 0x000000073a800000, 0x000000073aa00000|  0%| F|  |TAMS 0x000000073a800000, 0x000000073a800000| Untracked 
| 469|0x000000073aa00000, 0x000000073aa00000, 0x000000073ac00000|  0%| F|  |TAMS 0x000000073aa00000, 0x000000073aa00000| Untracked 
| 470|0x000000073ac00000, 0x000000073ac00000, 0x000000073ae00000|  0%| F|  |TAMS 0x000000073ac00000, 0x000000073ac00000| Untracked 
| 471|0x000000073ae00000, 0x000000073ae00000, 0x000000073b000000|  0%| F|  |TAMS 0x000000073ae00000, 0x000000073ae00000| Untracked 
| 472|0x000000073b000000, 0x000000073b000000, 0x000000073b200000|  0%| F|  |TAMS 0x000000073b000000, 0x000000073b000000| Untracked 
| 473|0x000000073b200000, 0x000000073b200000, 0x000000073b400000|  0%| F|  |TAMS 0x000000073b200000, 0x000000073b200000| Untracked 
| 474|0x000000073b400000, 0x000000073b400000, 0x000000073b600000|  0%| F|  |TAMS 0x000000073b400000, 0x000000073b400000| Untracked 
| 475|0x000000073b600000, 0x000000073b600000, 0x000000073b800000|  0%| F|  |TAMS 0x000000073b600000, 0x000000073b600000| Untracked 
| 476|0x000000073b800000, 0x000000073b800000, 0x000000073ba00000|  0%| F|  |TAMS 0x000000073b800000, 0x000000073b800000| Untracked 
| 477|0x000000073ba00000, 0x000000073ba00000, 0x000000073bc00000|  0%| F|  |TAMS 0x000000073ba00000, 0x000000073ba00000| Untracked 
| 478|0x000000073bc00000, 0x000000073bc00000, 0x000000073be00000|  0%| F|  |TAMS 0x000000073bc00000, 0x000000073bc00000| Untracked 
| 479|0x000000073be00000, 0x000000073be00000, 0x000000073c000000|  0%| F|  |TAMS 0x000000073be00000, 0x000000073be00000| Untracked 
| 480|0x000000073c000000, 0x000000073c000000, 0x000000073c200000|  0%| F|  |TAMS 0x000000073c000000, 0x000000073c000000| Untracked 
| 481|0x000000073c200000, 0x000000073c200000, 0x000000073c400000|  0%| F|  |TAMS 0x000000073c200000, 0x000000073c200000| Untracked 
| 482|0x000000073c400000, 0x000000073c400000, 0x000000073c600000|  0%| F|  |TAMS 0x000000073c400000, 0x000000073c400000| Untracked 
| 483|0x000000073c600000, 0x000000073c600000, 0x000000073c800000|  0%| F|  |TAMS 0x000000073c600000, 0x000000073c600000| Untracked 
| 484|0x000000073c800000, 0x000000073c800000, 0x000000073ca00000|  0%| F|  |TAMS 0x000000073c800000, 0x000000073c800000| Untracked 
| 485|0x000000073ca00000, 0x000000073ca00000, 0x000000073cc00000|  0%| F|  |TAMS 0x000000073ca00000, 0x000000073ca00000| Untracked 
| 486|0x000000073cc00000, 0x000000073cc00000, 0x000000073ce00000|  0%| F|  |TAMS 0x000000073cc00000, 0x000000073cc00000| Untracked 
| 487|0x000000073ce00000, 0x000000073ce00000, 0x000000073d000000|  0%| F|  |TAMS 0x000000073ce00000, 0x000000073ce00000| Untracked 
| 488|0x000000073d000000, 0x000000073d000000, 0x000000073d200000|  0%| F|  |TAMS 0x000000073d000000, 0x000000073d000000| Untracked 
| 489|0x000000073d200000, 0x000000073d200000, 0x000000073d400000|  0%| F|  |TAMS 0x000000073d200000, 0x000000073d200000| Untracked 
| 490|0x000000073d400000, 0x000000073d400000, 0x000000073d600000|  0%| F|  |TAMS 0x000000073d400000, 0x000000073d400000| Untracked 
| 491|0x000000073d600000, 0x000000073d600000, 0x000000073d800000|  0%| F|  |TAMS 0x000000073d600000, 0x000000073d600000| Untracked 
| 492|0x000000073d800000, 0x000000073d800000, 0x000000073da00000|  0%| F|  |TAMS 0x000000073d800000, 0x000000073d800000| Untracked 
| 493|0x000000073da00000, 0x000000073da00000, 0x000000073dc00000|  0%| F|  |TAMS 0x000000073da00000, 0x000000073da00000| Untracked 
| 494|0x000000073dc00000, 0x000000073dc00000, 0x000000073de00000|  0%| F|  |TAMS 0x000000073dc00000, 0x000000073dc00000| Untracked 
| 495|0x000000073de00000, 0x000000073de00000, 0x000000073e000000|  0%| F|  |TAMS 0x000000073de00000, 0x000000073de00000| Untracked 
| 496|0x000000073e000000, 0x000000073e000000, 0x000000073e200000|  0%| F|  |TAMS 0x000000073e000000, 0x000000073e000000| Untracked 
| 497|0x000000073e200000, 0x000000073e200000, 0x000000073e400000|  0%| F|  |TAMS 0x000000073e200000, 0x000000073e200000| Untracked 
| 498|0x000000073e400000, 0x000000073e400000, 0x000000073e600000|  0%| F|  |TAMS 0x000000073e400000, 0x000000073e400000| Untracked 
| 499|0x000000073e600000, 0x000000073e600000, 0x000000073e800000|  0%| F|  |TAMS 0x000000073e600000, 0x000000073e600000| Untracked 
| 500|0x000000073e800000, 0x000000073e800000, 0x000000073ea00000|  0%| F|  |TAMS 0x000000073e800000, 0x000000073e800000| Untracked 
| 501|0x000000073ea00000, 0x000000073ea00000, 0x000000073ec00000|  0%| F|  |TAMS 0x000000073ea00000, 0x000000073ea00000| Untracked 
| 502|0x000000073ec00000, 0x000000073ec00000, 0x000000073ee00000|  0%| F|  |TAMS 0x000000073ec00000, 0x000000073ec00000| Untracked 
| 503|0x000000073ee00000, 0x000000073ee00000, 0x000000073f000000|  0%| F|  |TAMS 0x000000073ee00000, 0x000000073ee00000| Untracked 
| 504|0x000000073f000000, 0x000000073f000000, 0x000000073f200000|  0%| F|  |TAMS 0x000000073f000000, 0x000000073f000000| Untracked 
| 505|0x000000073f200000, 0x000000073f200000, 0x000000073f400000|  0%| F|  |TAMS 0x000000073f200000, 0x000000073f200000| Untracked 
| 506|0x000000073f400000, 0x000000073f400000, 0x000000073f600000|  0%| F|  |TAMS 0x000000073f400000, 0x000000073f400000| Untracked 
| 507|0x000000073f600000, 0x000000073f600000, 0x000000073f800000|  0%| F|  |TAMS 0x000000073f600000, 0x000000073f600000| Untracked 
| 508|0x000000073f800000, 0x000000073f800000, 0x000000073fa00000|  0%| F|  |TAMS 0x000000073f800000, 0x000000073f800000| Untracked 
| 509|0x000000073fa00000, 0x000000073fa00000, 0x000000073fc00000|  0%| F|  |TAMS 0x000000073fa00000, 0x000000073fa00000| Untracked 
| 510|0x000000073fc00000, 0x000000073fc00000, 0x000000073fe00000|  0%| F|  |TAMS 0x000000073fc00000, 0x000000073fc00000| Untracked 
| 511|0x000000073fe00000, 0x000000073fe00000, 0x0000000740000000|  0%| F|  |TAMS 0x000000073fe00000, 0x000000073fe00000| Untracked 
| 512|0x0000000740000000, 0x0000000740000000, 0x0000000740200000|  0%| F|  |TAMS 0x0000000740000000, 0x0000000740000000| Untracked 
| 513|0x0000000740200000, 0x0000000740200000, 0x0000000740400000|  0%| F|  |TAMS 0x0000000740200000, 0x0000000740200000| Untracked 
| 514|0x0000000740400000, 0x0000000740400000, 0x0000000740600000|  0%| F|  |TAMS 0x0000000740400000, 0x0000000740400000| Untracked 
| 515|0x0000000740600000, 0x0000000740600000, 0x0000000740800000|  0%| F|  |TAMS 0x0000000740600000, 0x0000000740600000| Untracked 
| 516|0x0000000740800000, 0x0000000740800000, 0x0000000740a00000|  0%| F|  |TAMS 0x0000000740800000, 0x0000000740800000| Untracked 
| 517|0x0000000740a00000, 0x0000000740a00000, 0x0000000740c00000|  0%| F|  |TAMS 0x0000000740a00000, 0x0000000740a00000| Untracked 
| 518|0x0000000740c00000, 0x0000000740c00000, 0x0000000740e00000|  0%| F|  |TAMS 0x0000000740c00000, 0x0000000740c00000| Untracked 
| 519|0x0000000740e00000, 0x0000000740e00000, 0x0000000741000000|  0%| F|  |TAMS 0x0000000740e00000, 0x0000000740e00000| Untracked 
| 520|0x0000000741000000, 0x0000000741000000, 0x0000000741200000|  0%| F|  |TAMS 0x0000000741000000, 0x0000000741000000| Untracked 
| 521|0x0000000741200000, 0x0000000741200000, 0x0000000741400000|  0%| F|  |TAMS 0x0000000741200000, 0x0000000741200000| Untracked 
| 522|0x0000000741400000, 0x0000000741400000, 0x0000000741600000|  0%| F|  |TAMS 0x0000000741400000, 0x0000000741400000| Untracked 
| 523|0x0000000741600000, 0x0000000741600000, 0x0000000741800000|  0%| F|  |TAMS 0x0000000741600000, 0x0000000741600000| Untracked 
| 524|0x0000000741800000, 0x0000000741800000, 0x0000000741a00000|  0%| F|  |TAMS 0x0000000741800000, 0x0000000741800000| Untracked 
| 525|0x0000000741a00000, 0x0000000741a00000, 0x0000000741c00000|  0%| F|  |TAMS 0x0000000741a00000, 0x0000000741a00000| Untracked 
| 526|0x0000000741c00000, 0x0000000741c00000, 0x0000000741e00000|  0%| F|  |TAMS 0x0000000741c00000, 0x0000000741c00000| Untracked 
| 527|0x0000000741e00000, 0x0000000741e00000, 0x0000000742000000|  0%| F|  |TAMS 0x0000000741e00000, 0x0000000741e00000| Untracked 
| 528|0x0000000742000000, 0x0000000742000000, 0x0000000742200000|  0%| F|  |TAMS 0x0000000742000000, 0x0000000742000000| Untracked 
| 529|0x0000000742200000, 0x0000000742200000, 0x0000000742400000|  0%| F|  |TAMS 0x0000000742200000, 0x0000000742200000| Untracked 
| 530|0x0000000742400000, 0x0000000742400000, 0x0000000742600000|  0%| F|  |TAMS 0x0000000742400000, 0x0000000742400000| Untracked 
| 531|0x0000000742600000, 0x0000000742600000, 0x0000000742800000|  0%| F|  |TAMS 0x0000000742600000, 0x0000000742600000| Untracked 
| 532|0x0000000742800000, 0x0000000742800000, 0x0000000742a00000|  0%| F|  |TAMS 0x0000000742800000, 0x0000000742800000| Untracked 
| 533|0x0000000742a00000, 0x0000000742a00000, 0x0000000742c00000|  0%| F|  |TAMS 0x0000000742a00000, 0x0000000742a00000| Untracked 
| 534|0x0000000742c00000, 0x0000000742c00000, 0x0000000742e00000|  0%| F|  |TAMS 0x0000000742c00000, 0x0000000742c00000| Untracked 
| 535|0x0000000742e00000, 0x0000000742e00000, 0x0000000743000000|  0%| F|  |TAMS 0x0000000742e00000, 0x0000000742e00000| Untracked 
| 536|0x0000000743000000, 0x0000000743000000, 0x0000000743200000|  0%| F|  |TAMS 0x0000000743000000, 0x0000000743000000| Untracked 
| 537|0x0000000743200000, 0x0000000743200000, 0x0000000743400000|  0%| F|  |TAMS 0x0000000743200000, 0x0000000743200000| Untracked 
| 538|0x0000000743400000, 0x0000000743400000, 0x0000000743600000|  0%| F|  |TAMS 0x0000000743400000, 0x0000000743400000| Untracked 
| 539|0x0000000743600000, 0x0000000743600000, 0x0000000743800000|  0%| F|  |TAMS 0x0000000743600000, 0x0000000743600000| Untracked 
| 540|0x0000000743800000, 0x0000000743800000, 0x0000000743a00000|  0%| F|  |TAMS 0x0000000743800000, 0x0000000743800000| Untracked 
| 541|0x0000000743a00000, 0x0000000743a00000, 0x0000000743c00000|  0%| F|  |TAMS 0x0000000743a00000, 0x0000000743a00000| Untracked 
| 542|0x0000000743c00000, 0x0000000743c00000, 0x0000000743e00000|  0%| F|  |TAMS 0x0000000743c00000, 0x0000000743c00000| Untracked 
| 543|0x0000000743e00000, 0x0000000743e00000, 0x0000000744000000|  0%| F|  |TAMS 0x0000000743e00000, 0x0000000743e00000| Untracked 
| 544|0x0000000744000000, 0x0000000744000000, 0x0000000744200000|  0%| F|  |TAMS 0x0000000744000000, 0x0000000744000000| Untracked 
| 545|0x0000000744200000, 0x0000000744200000, 0x0000000744400000|  0%| F|  |TAMS 0x0000000744200000, 0x0000000744200000| Untracked 
| 546|0x0000000744400000, 0x0000000744400000, 0x0000000744600000|  0%| F|  |TAMS 0x0000000744400000, 0x0000000744400000| Untracked 
| 547|0x0000000744600000, 0x0000000744600000, 0x0000000744800000|  0%| F|  |TAMS 0x0000000744600000, 0x0000000744600000| Untracked 
| 548|0x0000000744800000, 0x0000000744800000, 0x0000000744a00000|  0%| F|  |TAMS 0x0000000744800000, 0x0000000744800000| Untracked 
| 549|0x0000000744a00000, 0x0000000744a00000, 0x0000000744c00000|  0%| F|  |TAMS 0x0000000744a00000, 0x0000000744a00000| Untracked 
| 550|0x0000000744c00000, 0x0000000744c00000, 0x0000000744e00000|  0%| F|  |TAMS 0x0000000744c00000, 0x0000000744c00000| Untracked 
| 551|0x0000000744e00000, 0x0000000744e00000, 0x0000000745000000|  0%| F|  |TAMS 0x0000000744e00000, 0x0000000744e00000| Untracked 
| 552|0x0000000745000000, 0x0000000745000000, 0x0000000745200000|  0%| F|  |TAMS 0x0000000745000000, 0x0000000745000000| Untracked 
| 553|0x0000000745200000, 0x0000000745200000, 0x0000000745400000|  0%| F|  |TAMS 0x0000000745200000, 0x0000000745200000| Untracked 
| 554|0x0000000745400000, 0x0000000745400000, 0x0000000745600000|  0%| F|  |TAMS 0x0000000745400000, 0x0000000745400000| Untracked 
| 555|0x0000000745600000, 0x0000000745600000, 0x0000000745800000|  0%| F|  |TAMS 0x0000000745600000, 0x0000000745600000| Untracked 
| 556|0x0000000745800000, 0x0000000745800000, 0x0000000745a00000|  0%| F|  |TAMS 0x0000000745800000, 0x0000000745800000| Untracked 
| 557|0x0000000745a00000, 0x0000000745a00000, 0x0000000745c00000|  0%| F|  |TAMS 0x0000000745a00000, 0x0000000745a00000| Untracked 
| 558|0x0000000745c00000, 0x0000000745c00000, 0x0000000745e00000|  0%| F|  |TAMS 0x0000000745c00000, 0x0000000745c00000| Untracked 
| 559|0x0000000745e00000, 0x0000000745e00000, 0x0000000746000000|  0%| F|  |TAMS 0x0000000745e00000, 0x0000000745e00000| Untracked 
| 560|0x0000000746000000, 0x0000000746000000, 0x0000000746200000|  0%| F|  |TAMS 0x0000000746000000, 0x0000000746000000| Untracked 
| 561|0x0000000746200000, 0x0000000746200000, 0x0000000746400000|  0%| F|  |TAMS 0x0000000746200000, 0x0000000746200000| Untracked 
| 562|0x0000000746400000, 0x0000000746400000, 0x0000000746600000|  0%| F|  |TAMS 0x0000000746400000, 0x0000000746400000| Untracked 
| 563|0x0000000746600000, 0x0000000746600000, 0x0000000746800000|  0%| F|  |TAMS 0x0000000746600000, 0x0000000746600000| Untracked 
| 564|0x0000000746800000, 0x0000000746800000, 0x0000000746a00000|  0%| F|  |TAMS 0x0000000746800000, 0x0000000746800000| Untracked 
| 565|0x0000000746a00000, 0x0000000746a00000, 0x0000000746c00000|  0%| F|  |TAMS 0x0000000746a00000, 0x0000000746a00000| Untracked 
| 566|0x0000000746c00000, 0x0000000746c00000, 0x0000000746e00000|  0%| F|  |TAMS 0x0000000746c00000, 0x0000000746c00000| Untracked 
| 567|0x0000000746e00000, 0x0000000746e00000, 0x0000000747000000|  0%| F|  |TAMS 0x0000000746e00000, 0x0000000746e00000| Untracked 
| 568|0x0000000747000000, 0x0000000747000000, 0x0000000747200000|  0%| F|  |TAMS 0x0000000747000000, 0x0000000747000000| Untracked 
| 569|0x0000000747200000, 0x0000000747200000, 0x0000000747400000|  0%| F|  |TAMS 0x0000000747200000, 0x0000000747200000| Untracked 
| 570|0x0000000747400000, 0x0000000747400000, 0x0000000747600000|  0%| F|  |TAMS 0x0000000747400000, 0x0000000747400000| Untracked 
| 571|0x0000000747600000, 0x0000000747600000, 0x0000000747800000|  0%| F|  |TAMS 0x0000000747600000, 0x0000000747600000| Untracked 
| 572|0x0000000747800000, 0x0000000747800000, 0x0000000747a00000|  0%| F|  |TAMS 0x0000000747800000, 0x0000000747800000| Untracked 
| 573|0x0000000747a00000, 0x0000000747a00000, 0x0000000747c00000|  0%| F|  |TAMS 0x0000000747a00000, 0x0000000747a00000| Untracked 
| 574|0x0000000747c00000, 0x0000000747c00000, 0x0000000747e00000|  0%| F|  |TAMS 0x0000000747c00000, 0x0000000747c00000| Untracked 
| 575|0x0000000747e00000, 0x0000000747e00000, 0x0000000748000000|  0%| F|  |TAMS 0x0000000747e00000, 0x0000000747e00000| Untracked 
| 576|0x0000000748000000, 0x0000000748000000, 0x0000000748200000|  0%| F|  |TAMS 0x0000000748000000, 0x0000000748000000| Untracked 
| 577|0x0000000748200000, 0x0000000748200000, 0x0000000748400000|  0%| F|  |TAMS 0x0000000748200000, 0x0000000748200000| Untracked 
| 578|0x0000000748400000, 0x0000000748400000, 0x0000000748600000|  0%| F|  |TAMS 0x0000000748400000, 0x0000000748400000| Untracked 
| 579|0x0000000748600000, 0x0000000748600000, 0x0000000748800000|  0%| F|  |TAMS 0x0000000748600000, 0x0000000748600000| Untracked 
| 580|0x0000000748800000, 0x0000000748800000, 0x0000000748a00000|  0%| F|  |TAMS 0x0000000748800000, 0x0000000748800000| Untracked 
| 581|0x0000000748a00000, 0x0000000748a00000, 0x0000000748c00000|  0%| F|  |TAMS 0x0000000748a00000, 0x0000000748a00000| Untracked 
| 582|0x0000000748c00000, 0x0000000748c00000, 0x0000000748e00000|  0%| F|  |TAMS 0x0000000748c00000, 0x0000000748c00000| Untracked 
| 583|0x0000000748e00000, 0x0000000748e00000, 0x0000000749000000|  0%| F|  |TAMS 0x0000000748e00000, 0x0000000748e00000| Untracked 
| 584|0x0000000749000000, 0x0000000749000000, 0x0000000749200000|  0%| F|  |TAMS 0x0000000749000000, 0x0000000749000000| Untracked 
| 585|0x0000000749200000, 0x0000000749200000, 0x0000000749400000|  0%| F|  |TAMS 0x0000000749200000, 0x0000000749200000| Untracked 
| 586|0x0000000749400000, 0x0000000749400000, 0x0000000749600000|  0%| F|  |TAMS 0x0000000749400000, 0x0000000749400000| Untracked 
| 587|0x0000000749600000, 0x0000000749600000, 0x0000000749800000|  0%| F|  |TAMS 0x0000000749600000, 0x0000000749600000| Untracked 
| 588|0x0000000749800000, 0x0000000749800000, 0x0000000749a00000|  0%| F|  |TAMS 0x0000000749800000, 0x0000000749800000| Untracked 
| 589|0x0000000749a00000, 0x0000000749a00000, 0x0000000749c00000|  0%| F|  |TAMS 0x0000000749a00000, 0x0000000749a00000| Untracked 
| 590|0x0000000749c00000, 0x0000000749c00000, 0x0000000749e00000|  0%| F|  |TAMS 0x0000000749c00000, 0x0000000749c00000| Untracked 
| 591|0x0000000749e00000, 0x0000000749e00000, 0x000000074a000000|  0%| F|  |TAMS 0x0000000749e00000, 0x0000000749e00000| Untracked 
| 592|0x000000074a000000, 0x000000074a000000, 0x000000074a200000|  0%| F|  |TAMS 0x000000074a000000, 0x000000074a000000| Untracked 
| 593|0x000000074a200000, 0x000000074a200000, 0x000000074a400000|  0%| F|  |TAMS 0x000000074a200000, 0x000000074a200000| Untracked 
| 594|0x000000074a400000, 0x000000074a400000, 0x000000074a600000|  0%| F|  |TAMS 0x000000074a400000, 0x000000074a400000| Untracked 
| 595|0x000000074a600000, 0x000000074a600000, 0x000000074a800000|  0%| F|  |TAMS 0x000000074a600000, 0x000000074a600000| Untracked 
| 596|0x000000074a800000, 0x000000074a800000, 0x000000074aa00000|  0%| F|  |TAMS 0x000000074a800000, 0x000000074a800000| Untracked 
| 597|0x000000074aa00000, 0x000000074aa00000, 0x000000074ac00000|  0%| F|  |TAMS 0x000000074aa00000, 0x000000074aa00000| Untracked 
| 598|0x000000074ac00000, 0x000000074ac00000, 0x000000074ae00000|  0%| F|  |TAMS 0x000000074ac00000, 0x000000074ac00000| Untracked 
| 599|0x000000074ae00000, 0x000000074ae00000, 0x000000074b000000|  0%| F|  |TAMS 0x000000074ae00000, 0x000000074ae00000| Untracked 
| 600|0x000000074b000000, 0x000000074b000000, 0x000000074b200000|  0%| F|  |TAMS 0x000000074b000000, 0x000000074b000000| Untracked 
| 601|0x000000074b200000, 0x000000074b200000, 0x000000074b400000|  0%| F|  |TAMS 0x000000074b200000, 0x000000074b200000| Untracked 
| 602|0x000000074b400000, 0x000000074b400000, 0x000000074b600000|  0%| F|  |TAMS 0x000000074b400000, 0x000000074b400000| Untracked 
| 603|0x000000074b600000, 0x000000074b600000, 0x000000074b800000|  0%| F|  |TAMS 0x000000074b600000, 0x000000074b600000| Untracked 
| 604|0x000000074b800000, 0x000000074b800000, 0x000000074ba00000|  0%| F|  |TAMS 0x000000074b800000, 0x000000074b800000| Untracked 
| 605|0x000000074ba00000, 0x000000074ba00000, 0x000000074bc00000|  0%| F|  |TAMS 0x000000074ba00000, 0x000000074ba00000| Untracked 
| 606|0x000000074bc00000, 0x000000074bc00000, 0x000000074be00000|  0%| F|  |TAMS 0x000000074bc00000, 0x000000074bc00000| Untracked 
| 607|0x000000074be00000, 0x000000074be00000, 0x000000074c000000|  0%| F|  |TAMS 0x000000074be00000, 0x000000074be00000| Untracked 
| 608|0x000000074c000000, 0x000000074c000000, 0x000000074c200000|  0%| F|  |TAMS 0x000000074c000000, 0x000000074c000000| Untracked 
| 609|0x000000074c200000, 0x000000074c200000, 0x000000074c400000|  0%| F|  |TAMS 0x000000074c200000, 0x000000074c200000| Untracked 
| 610|0x000000074c400000, 0x000000074c400000, 0x000000074c600000|  0%| F|  |TAMS 0x000000074c400000, 0x000000074c400000| Untracked 
| 611|0x000000074c600000, 0x000000074c600000, 0x000000074c800000|  0%| F|  |TAMS 0x000000074c600000, 0x000000074c600000| Untracked 
| 612|0x000000074c800000, 0x000000074c800000, 0x000000074ca00000|  0%| F|  |TAMS 0x000000074c800000, 0x000000074c800000| Untracked 
| 613|0x000000074ca00000, 0x000000074ca00000, 0x000000074cc00000|  0%| F|  |TAMS 0x000000074ca00000, 0x000000074ca00000| Untracked 
| 614|0x000000074cc00000, 0x000000074cc00000, 0x000000074ce00000|  0%| F|  |TAMS 0x000000074cc00000, 0x000000074cc00000| Untracked 
| 615|0x000000074ce00000, 0x000000074ce00000, 0x000000074d000000|  0%| F|  |TAMS 0x000000074ce00000, 0x000000074ce00000| Untracked 
| 616|0x000000074d000000, 0x000000074d000000, 0x000000074d200000|  0%| F|  |TAMS 0x000000074d000000, 0x000000074d000000| Untracked 
| 617|0x000000074d200000, 0x000000074d200000, 0x000000074d400000|  0%| F|  |TAMS 0x000000074d200000, 0x000000074d200000| Untracked 
| 618|0x000000074d400000, 0x000000074d400000, 0x000000074d600000|  0%| F|  |TAMS 0x000000074d400000, 0x000000074d400000| Untracked 
| 619|0x000000074d600000, 0x000000074d600000, 0x000000074d800000|  0%| F|  |TAMS 0x000000074d600000, 0x000000074d600000| Untracked 
| 620|0x000000074d800000, 0x000000074d800000, 0x000000074da00000|  0%| F|  |TAMS 0x000000074d800000, 0x000000074d800000| Untracked 
| 621|0x000000074da00000, 0x000000074da00000, 0x000000074dc00000|  0%| F|  |TAMS 0x000000074da00000, 0x000000074da00000| Untracked 
| 622|0x000000074dc00000, 0x000000074dc00000, 0x000000074de00000|  0%| F|  |TAMS 0x000000074dc00000, 0x000000074dc00000| Untracked 
| 623|0x000000074de00000, 0x000000074de00000, 0x000000074e000000|  0%| F|  |TAMS 0x000000074de00000, 0x000000074de00000| Untracked 
| 624|0x000000074e000000, 0x000000074e000000, 0x000000074e200000|  0%| F|  |TAMS 0x000000074e000000, 0x000000074e000000| Untracked 
| 625|0x000000074e200000, 0x000000074e200000, 0x000000074e400000|  0%| F|  |TAMS 0x000000074e200000, 0x000000074e200000| Untracked 
| 626|0x000000074e400000, 0x000000074e400000, 0x000000074e600000|  0%| F|  |TAMS 0x000000074e400000, 0x000000074e400000| Untracked 
| 627|0x000000074e600000, 0x000000074e600000, 0x000000074e800000|  0%| F|  |TAMS 0x000000074e600000, 0x000000074e600000| Untracked 
| 628|0x000000074e800000, 0x000000074e800000, 0x000000074ea00000|  0%| F|  |TAMS 0x000000074e800000, 0x000000074e800000| Untracked 
| 629|0x000000074ea00000, 0x000000074ea00000, 0x000000074ec00000|  0%| F|  |TAMS 0x000000074ea00000, 0x000000074ea00000| Untracked 
| 630|0x000000074ec00000, 0x000000074ec00000, 0x000000074ee00000|  0%| F|  |TAMS 0x000000074ec00000, 0x000000074ec00000| Untracked 
| 631|0x000000074ee00000, 0x000000074ee00000, 0x000000074f000000|  0%| F|  |TAMS 0x000000074ee00000, 0x000000074ee00000| Untracked 
| 632|0x000000074f000000, 0x000000074f000000, 0x000000074f200000|  0%| F|  |TAMS 0x000000074f000000, 0x000000074f000000| Untracked 
| 633|0x000000074f200000, 0x000000074f200000, 0x000000074f400000|  0%| F|  |TAMS 0x000000074f200000, 0x000000074f200000| Untracked 
| 634|0x000000074f400000, 0x000000074f400000, 0x000000074f600000|  0%| F|  |TAMS 0x000000074f400000, 0x000000074f400000| Untracked 
| 635|0x000000074f600000, 0x000000074f600000, 0x000000074f800000|  0%| F|  |TAMS 0x000000074f600000, 0x000000074f600000| Untracked 
| 636|0x000000074f800000, 0x000000074f800000, 0x000000074fa00000|  0%| F|  |TAMS 0x000000074f800000, 0x000000074f800000| Untracked 
| 637|0x000000074fa00000, 0x000000074fa00000, 0x000000074fc00000|  0%| F|  |TAMS 0x000000074fa00000, 0x000000074fa00000| Untracked 
| 638|0x000000074fc00000, 0x000000074fc00000, 0x000000074fe00000|  0%| F|  |TAMS 0x000000074fc00000, 0x000000074fc00000| Untracked 
| 639|0x000000074fe00000, 0x000000074fe00000, 0x0000000750000000|  0%| F|  |TAMS 0x000000074fe00000, 0x000000074fe00000| Untracked 
| 640|0x0000000750000000, 0x0000000750000000, 0x0000000750200000|  0%| F|  |TAMS 0x0000000750000000, 0x0000000750000000| Untracked 
| 641|0x0000000750200000, 0x0000000750200000, 0x0000000750400000|  0%| F|  |TAMS 0x0000000750200000, 0x0000000750200000| Untracked 
| 642|0x0000000750400000, 0x0000000750400000, 0x0000000750600000|  0%| F|  |TAMS 0x0000000750400000, 0x0000000750400000| Untracked 
| 643|0x0000000750600000, 0x0000000750600000, 0x0000000750800000|  0%| F|  |TAMS 0x0000000750600000, 0x0000000750600000| Untracked 
| 644|0x0000000750800000, 0x0000000750800000, 0x0000000750a00000|  0%| F|  |TAMS 0x0000000750800000, 0x0000000750800000| Untracked 
| 645|0x0000000750a00000, 0x0000000750a00000, 0x0000000750c00000|  0%| F|  |TAMS 0x0000000750a00000, 0x0000000750a00000| Untracked 
| 646|0x0000000750c00000, 0x0000000750c00000, 0x0000000750e00000|  0%| F|  |TAMS 0x0000000750c00000, 0x0000000750c00000| Untracked 
| 647|0x0000000750e00000, 0x0000000750e00000, 0x0000000751000000|  0%| F|  |TAMS 0x0000000750e00000, 0x0000000750e00000| Untracked 
| 648|0x0000000751000000, 0x0000000751000000, 0x0000000751200000|  0%| F|  |TAMS 0x0000000751000000, 0x0000000751000000| Untracked 
| 649|0x0000000751200000, 0x0000000751200000, 0x0000000751400000|  0%| F|  |TAMS 0x0000000751200000, 0x0000000751200000| Untracked 
| 650|0x0000000751400000, 0x0000000751400000, 0x0000000751600000|  0%| F|  |TAMS 0x0000000751400000, 0x0000000751400000| Untracked 
| 651|0x0000000751600000, 0x0000000751600000, 0x0000000751800000|  0%| F|  |TAMS 0x0000000751600000, 0x0000000751600000| Untracked 
| 652|0x0000000751800000, 0x0000000751800000, 0x0000000751a00000|  0%| F|  |TAMS 0x0000000751800000, 0x0000000751800000| Untracked 
| 653|0x0000000751a00000, 0x0000000751a00000, 0x0000000751c00000|  0%| F|  |TAMS 0x0000000751a00000, 0x0000000751a00000| Untracked 
| 654|0x0000000751c00000, 0x0000000751c00000, 0x0000000751e00000|  0%| F|  |TAMS 0x0000000751c00000, 0x0000000751c00000| Untracked 
| 655|0x0000000751e00000, 0x0000000751e00000, 0x0000000752000000|  0%| F|  |TAMS 0x0000000751e00000, 0x0000000751e00000| Untracked 
| 656|0x0000000752000000, 0x0000000752000000, 0x0000000752200000|  0%| F|  |TAMS 0x0000000752000000, 0x0000000752000000| Untracked 
| 657|0x0000000752200000, 0x0000000752200000, 0x0000000752400000|  0%| F|  |TAMS 0x0000000752200000, 0x0000000752200000| Untracked 
| 658|0x0000000752400000, 0x0000000752400000, 0x0000000752600000|  0%| F|  |TAMS 0x0000000752400000, 0x0000000752400000| Untracked 
| 659|0x0000000752600000, 0x0000000752600000, 0x0000000752800000|  0%| F|  |TAMS 0x0000000752600000, 0x0000000752600000| Untracked 
| 660|0x0000000752800000, 0x0000000752800000, 0x0000000752a00000|  0%| F|  |TAMS 0x0000000752800000, 0x0000000752800000| Untracked 
| 661|0x0000000752a00000, 0x0000000752a00000, 0x0000000752c00000|  0%| F|  |TAMS 0x0000000752a00000, 0x0000000752a00000| Untracked 
| 662|0x0000000752c00000, 0x0000000752c00000, 0x0000000752e00000|  0%| F|  |TAMS 0x0000000752c00000, 0x0000000752c00000| Untracked 
| 663|0x0000000752e00000, 0x0000000752e00000, 0x0000000753000000|  0%| F|  |TAMS 0x0000000752e00000, 0x0000000752e00000| Untracked 
| 664|0x0000000753000000, 0x0000000753000000, 0x0000000753200000|  0%| F|  |TAMS 0x0000000753000000, 0x0000000753000000| Untracked 
| 665|0x0000000753200000, 0x0000000753200000, 0x0000000753400000|  0%| F|  |TAMS 0x0000000753200000, 0x0000000753200000| Untracked 
| 666|0x0000000753400000, 0x0000000753400000, 0x0000000753600000|  0%| F|  |TAMS 0x0000000753400000, 0x0000000753400000| Untracked 
| 667|0x0000000753600000, 0x0000000753600000, 0x0000000753800000|  0%| F|  |TAMS 0x0000000753600000, 0x0000000753600000| Untracked 
| 668|0x0000000753800000, 0x0000000753800000, 0x0000000753a00000|  0%| F|  |TAMS 0x0000000753800000, 0x0000000753800000| Untracked 
| 669|0x0000000753a00000, 0x0000000753a00000, 0x0000000753c00000|  0%| F|  |TAMS 0x0000000753a00000, 0x0000000753a00000| Untracked 
| 670|0x0000000753c00000, 0x0000000753c00000, 0x0000000753e00000|  0%| F|  |TAMS 0x0000000753c00000, 0x0000000753c00000| Untracked 
| 671|0x0000000753e00000, 0x0000000753e00000, 0x0000000754000000|  0%| F|  |TAMS 0x0000000753e00000, 0x0000000753e00000| Untracked 
| 672|0x0000000754000000, 0x0000000754000000, 0x0000000754200000|  0%| F|  |TAMS 0x0000000754000000, 0x0000000754000000| Untracked 
| 673|0x0000000754200000, 0x0000000754200000, 0x0000000754400000|  0%| F|  |TAMS 0x0000000754200000, 0x0000000754200000| Untracked 
| 674|0x0000000754400000, 0x0000000754400000, 0x0000000754600000|  0%| F|  |TAMS 0x0000000754400000, 0x0000000754400000| Untracked 
| 675|0x0000000754600000, 0x0000000754600000, 0x0000000754800000|  0%| F|  |TAMS 0x0000000754600000, 0x0000000754600000| Untracked 
| 676|0x0000000754800000, 0x0000000754800000, 0x0000000754a00000|  0%| F|  |TAMS 0x0000000754800000, 0x0000000754800000| Untracked 
| 677|0x0000000754a00000, 0x0000000754a00000, 0x0000000754c00000|  0%| F|  |TAMS 0x0000000754a00000, 0x0000000754a00000| Untracked 
| 678|0x0000000754c00000, 0x0000000754c00000, 0x0000000754e00000|  0%| F|  |TAMS 0x0000000754c00000, 0x0000000754c00000| Untracked 
| 679|0x0000000754e00000, 0x0000000754e00000, 0x0000000755000000|  0%| F|  |TAMS 0x0000000754e00000, 0x0000000754e00000| Untracked 
| 680|0x0000000755000000, 0x0000000755000000, 0x0000000755200000|  0%| F|  |TAMS 0x0000000755000000, 0x0000000755000000| Untracked 
| 681|0x0000000755200000, 0x0000000755200000, 0x0000000755400000|  0%| F|  |TAMS 0x0000000755200000, 0x0000000755200000| Untracked 
| 682|0x0000000755400000, 0x0000000755400000, 0x0000000755600000|  0%| F|  |TAMS 0x0000000755400000, 0x0000000755400000| Untracked 
| 683|0x0000000755600000, 0x0000000755600000, 0x0000000755800000|  0%| F|  |TAMS 0x0000000755600000, 0x0000000755600000| Untracked 
| 684|0x0000000755800000, 0x0000000755800000, 0x0000000755a00000|  0%| F|  |TAMS 0x0000000755800000, 0x0000000755800000| Untracked 
| 685|0x0000000755a00000, 0x0000000755a00000, 0x0000000755c00000|  0%| F|  |TAMS 0x0000000755a00000, 0x0000000755a00000| Untracked 
| 686|0x0000000755c00000, 0x0000000755c00000, 0x0000000755e00000|  0%| F|  |TAMS 0x0000000755c00000, 0x0000000755c00000| Untracked 
| 687|0x0000000755e00000, 0x0000000755e00000, 0x0000000756000000|  0%| F|  |TAMS 0x0000000755e00000, 0x0000000755e00000| Untracked 
| 688|0x0000000756000000, 0x0000000756000000, 0x0000000756200000|  0%| F|  |TAMS 0x0000000756000000, 0x0000000756000000| Untracked 
| 689|0x0000000756200000, 0x0000000756200000, 0x0000000756400000|  0%| F|  |TAMS 0x0000000756200000, 0x0000000756200000| Untracked 
| 690|0x0000000756400000, 0x0000000756400000, 0x0000000756600000|  0%| F|  |TAMS 0x0000000756400000, 0x0000000756400000| Untracked 
| 691|0x0000000756600000, 0x0000000756600000, 0x0000000756800000|  0%| F|  |TAMS 0x0000000756600000, 0x0000000756600000| Untracked 
| 692|0x0000000756800000, 0x0000000756800000, 0x0000000756a00000|  0%| F|  |TAMS 0x0000000756800000, 0x0000000756800000| Untracked 
| 693|0x0000000756a00000, 0x0000000756a00000, 0x0000000756c00000|  0%| F|  |TAMS 0x0000000756a00000, 0x0000000756a00000| Untracked 
| 694|0x0000000756c00000, 0x0000000756c00000, 0x0000000756e00000|  0%| F|  |TAMS 0x0000000756c00000, 0x0000000756c00000| Untracked 
| 695|0x0000000756e00000, 0x0000000756e00000, 0x0000000757000000|  0%| F|  |TAMS 0x0000000756e00000, 0x0000000756e00000| Untracked 
| 696|0x0000000757000000, 0x0000000757000000, 0x0000000757200000|  0%| F|  |TAMS 0x0000000757000000, 0x0000000757000000| Untracked 
| 697|0x0000000757200000, 0x0000000757200000, 0x0000000757400000|  0%| F|  |TAMS 0x0000000757200000, 0x0000000757200000| Untracked 
| 698|0x0000000757400000, 0x0000000757400000, 0x0000000757600000|  0%| F|  |TAMS 0x0000000757400000, 0x0000000757400000| Untracked 
| 699|0x0000000757600000, 0x0000000757600000, 0x0000000757800000|  0%| F|  |TAMS 0x0000000757600000, 0x0000000757600000| Untracked 
| 700|0x0000000757800000, 0x0000000757800000, 0x0000000757a00000|  0%| F|  |TAMS 0x0000000757800000, 0x0000000757800000| Untracked 
| 701|0x0000000757a00000, 0x0000000757a00000, 0x0000000757c00000|  0%| F|  |TAMS 0x0000000757a00000, 0x0000000757a00000| Untracked 
| 702|0x0000000757c00000, 0x0000000757c00000, 0x0000000757e00000|  0%| F|  |TAMS 0x0000000757c00000, 0x0000000757c00000| Untracked 
| 703|0x0000000757e00000, 0x0000000757e00000, 0x0000000758000000|  0%| F|  |TAMS 0x0000000757e00000, 0x0000000757e00000| Untracked 
| 704|0x0000000758000000, 0x0000000758000000, 0x0000000758200000|  0%| F|  |TAMS 0x0000000758000000, 0x0000000758000000| Untracked 
| 705|0x0000000758200000, 0x0000000758200000, 0x0000000758400000|  0%| F|  |TAMS 0x0000000758200000, 0x0000000758200000| Untracked 
| 706|0x0000000758400000, 0x0000000758400000, 0x0000000758600000|  0%| F|  |TAMS 0x0000000758400000, 0x0000000758400000| Untracked 
| 707|0x0000000758600000, 0x0000000758600000, 0x0000000758800000|  0%| F|  |TAMS 0x0000000758600000, 0x0000000758600000| Untracked 
| 708|0x0000000758800000, 0x0000000758800000, 0x0000000758a00000|  0%| F|  |TAMS 0x0000000758800000, 0x0000000758800000| Untracked 
| 709|0x0000000758a00000, 0x0000000758a00000, 0x0000000758c00000|  0%| F|  |TAMS 0x0000000758a00000, 0x0000000758a00000| Untracked 
| 710|0x0000000758c00000, 0x0000000758c00000, 0x0000000758e00000|  0%| F|  |TAMS 0x0000000758c00000, 0x0000000758c00000| Untracked 
| 711|0x0000000758e00000, 0x0000000758e00000, 0x0000000759000000|  0%| F|  |TAMS 0x0000000758e00000, 0x0000000758e00000| Untracked 
| 712|0x0000000759000000, 0x0000000759000000, 0x0000000759200000|  0%| F|  |TAMS 0x0000000759000000, 0x0000000759000000| Untracked 
| 713|0x0000000759200000, 0x0000000759200000, 0x0000000759400000|  0%| F|  |TAMS 0x0000000759200000, 0x0000000759200000| Untracked 
| 714|0x0000000759400000, 0x0000000759400000, 0x0000000759600000|  0%| F|  |TAMS 0x0000000759400000, 0x0000000759400000| Untracked 
| 715|0x0000000759600000, 0x0000000759600000, 0x0000000759800000|  0%| F|  |TAMS 0x0000000759600000, 0x0000000759600000| Untracked 
| 716|0x0000000759800000, 0x0000000759800000, 0x0000000759a00000|  0%| F|  |TAMS 0x0000000759800000, 0x0000000759800000| Untracked 
| 717|0x0000000759a00000, 0x0000000759a00000, 0x0000000759c00000|  0%| F|  |TAMS 0x0000000759a00000, 0x0000000759a00000| Untracked 
| 718|0x0000000759c00000, 0x0000000759c00000, 0x0000000759e00000|  0%| F|  |TAMS 0x0000000759c00000, 0x0000000759c00000| Untracked 
| 719|0x0000000759e00000, 0x0000000759e00000, 0x000000075a000000|  0%| F|  |TAMS 0x0000000759e00000, 0x0000000759e00000| Untracked 
| 720|0x000000075a000000, 0x000000075a000000, 0x000000075a200000|  0%| F|  |TAMS 0x000000075a000000, 0x000000075a000000| Untracked 
| 721|0x000000075a200000, 0x000000075a200000, 0x000000075a400000|  0%| F|  |TAMS 0x000000075a200000, 0x000000075a200000| Untracked 
| 722|0x000000075a400000, 0x000000075a400000, 0x000000075a600000|  0%| F|  |TAMS 0x000000075a400000, 0x000000075a400000| Untracked 
| 723|0x000000075a600000, 0x000000075a600000, 0x000000075a800000|  0%| F|  |TAMS 0x000000075a600000, 0x000000075a600000| Untracked 
| 724|0x000000075a800000, 0x000000075a800000, 0x000000075aa00000|  0%| F|  |TAMS 0x000000075a800000, 0x000000075a800000| Untracked 
| 725|0x000000075aa00000, 0x000000075aa00000, 0x000000075ac00000|  0%| F|  |TAMS 0x000000075aa00000, 0x000000075aa00000| Untracked 
| 726|0x000000075ac00000, 0x000000075ac00000, 0x000000075ae00000|  0%| F|  |TAMS 0x000000075ac00000, 0x000000075ac00000| Untracked 
| 727|0x000000075ae00000, 0x000000075ae00000, 0x000000075b000000|  0%| F|  |TAMS 0x000000075ae00000, 0x000000075ae00000| Untracked 
| 728|0x000000075b000000, 0x000000075b000000, 0x000000075b200000|  0%| F|  |TAMS 0x000000075b000000, 0x000000075b000000| Untracked 
| 729|0x000000075b200000, 0x000000075b200000, 0x000000075b400000|  0%| F|  |TAMS 0x000000075b200000, 0x000000075b200000| Untracked 
| 730|0x000000075b400000, 0x000000075b400000, 0x000000075b600000|  0%| F|  |TAMS 0x000000075b400000, 0x000000075b400000| Untracked 
| 731|0x000000075b600000, 0x000000075b600000, 0x000000075b800000|  0%| F|  |TAMS 0x000000075b600000, 0x000000075b600000| Untracked 
| 732|0x000000075b800000, 0x000000075b800000, 0x000000075ba00000|  0%| F|  |TAMS 0x000000075b800000, 0x000000075b800000| Untracked 
| 733|0x000000075ba00000, 0x000000075ba00000, 0x000000075bc00000|  0%| F|  |TAMS 0x000000075ba00000, 0x000000075ba00000| Untracked 
| 734|0x000000075bc00000, 0x000000075bc00000, 0x000000075be00000|  0%| F|  |TAMS 0x000000075bc00000, 0x000000075bc00000| Untracked 
| 735|0x000000075be00000, 0x000000075be00000, 0x000000075c000000|  0%| F|  |TAMS 0x000000075be00000, 0x000000075be00000| Untracked 
| 736|0x000000075c000000, 0x000000075c000000, 0x000000075c200000|  0%| F|  |TAMS 0x000000075c000000, 0x000000075c000000| Untracked 
| 737|0x000000075c200000, 0x000000075c200000, 0x000000075c400000|  0%| F|  |TAMS 0x000000075c200000, 0x000000075c200000| Untracked 
| 738|0x000000075c400000, 0x000000075c400000, 0x000000075c600000|  0%| F|  |TAMS 0x000000075c400000, 0x000000075c400000| Untracked 
| 739|0x000000075c600000, 0x000000075c600000, 0x000000075c800000|  0%| F|  |TAMS 0x000000075c600000, 0x000000075c600000| Untracked 
| 740|0x000000075c800000, 0x000000075c800000, 0x000000075ca00000|  0%| F|  |TAMS 0x000000075c800000, 0x000000075c800000| Untracked 
| 741|0x000000075ca00000, 0x000000075ca00000, 0x000000075cc00000|  0%| F|  |TAMS 0x000000075ca00000, 0x000000075ca00000| Untracked 
| 742|0x000000075cc00000, 0x000000075cc00000, 0x000000075ce00000|  0%| F|  |TAMS 0x000000075cc00000, 0x000000075cc00000| Untracked 
| 743|0x000000075ce00000, 0x000000075ce00000, 0x000000075d000000|  0%| F|  |TAMS 0x000000075ce00000, 0x000000075ce00000| Untracked 
| 744|0x000000075d000000, 0x000000075d000000, 0x000000075d200000|  0%| F|  |TAMS 0x000000075d000000, 0x000000075d000000| Untracked 
| 745|0x000000075d200000, 0x000000075d200000, 0x000000075d400000|  0%| F|  |TAMS 0x000000075d200000, 0x000000075d200000| Untracked 
| 746|0x000000075d400000, 0x000000075d400000, 0x000000075d600000|  0%| F|  |TAMS 0x000000075d400000, 0x000000075d400000| Untracked 
| 747|0x000000075d600000, 0x000000075d600000, 0x000000075d800000|  0%| F|  |TAMS 0x000000075d600000, 0x000000075d600000| Untracked 
| 748|0x000000075d800000, 0x000000075d800000, 0x000000075da00000|  0%| F|  |TAMS 0x000000075d800000, 0x000000075d800000| Untracked 
| 749|0x000000075da00000, 0x000000075da00000, 0x000000075dc00000|  0%| F|  |TAMS 0x000000075da00000, 0x000000075da00000| Untracked 
| 750|0x000000075dc00000, 0x000000075dc00000, 0x000000075de00000|  0%| F|  |TAMS 0x000000075dc00000, 0x000000075dc00000| Untracked 
| 751|0x000000075de00000, 0x000000075de00000, 0x000000075e000000|  0%| F|  |TAMS 0x000000075de00000, 0x000000075de00000| Untracked 
| 752|0x000000075e000000, 0x000000075e000000, 0x000000075e200000|  0%| F|  |TAMS 0x000000075e000000, 0x000000075e000000| Untracked 
| 753|0x000000075e200000, 0x000000075e200000, 0x000000075e400000|  0%| F|  |TAMS 0x000000075e200000, 0x000000075e200000| Untracked 
| 754|0x000000075e400000, 0x000000075e400000, 0x000000075e600000|  0%| F|  |TAMS 0x000000075e400000, 0x000000075e400000| Untracked 
| 755|0x000000075e600000, 0x000000075e600000, 0x000000075e800000|  0%| F|  |TAMS 0x000000075e600000, 0x000000075e600000| Untracked 
| 756|0x000000075e800000, 0x000000075e800000, 0x000000075ea00000|  0%| F|  |TAMS 0x000000075e800000, 0x000000075e800000| Untracked 
| 757|0x000000075ea00000, 0x000000075ea00000, 0x000000075ec00000|  0%| F|  |TAMS 0x000000075ea00000, 0x000000075ea00000| Untracked 
| 758|0x000000075ec00000, 0x000000075ec00000, 0x000000075ee00000|  0%| F|  |TAMS 0x000000075ec00000, 0x000000075ec00000| Untracked 
| 759|0x000000075ee00000, 0x000000075ee00000, 0x000000075f000000|  0%| F|  |TAMS 0x000000075ee00000, 0x000000075ee00000| Untracked 
| 760|0x000000075f000000, 0x000000075f000000, 0x000000075f200000|  0%| F|  |TAMS 0x000000075f000000, 0x000000075f000000| Untracked 
| 761|0x000000075f200000, 0x000000075f200000, 0x000000075f400000|  0%| F|  |TAMS 0x000000075f200000, 0x000000075f200000| Untracked 
| 762|0x000000075f400000, 0x000000075f400000, 0x000000075f600000|  0%| F|  |TAMS 0x000000075f400000, 0x000000075f400000| Untracked 
| 763|0x000000075f600000, 0x000000075f600000, 0x000000075f800000|  0%| F|  |TAMS 0x000000075f600000, 0x000000075f600000| Untracked 
| 764|0x000000075f800000, 0x000000075f800000, 0x000000075fa00000|  0%| F|  |TAMS 0x000000075f800000, 0x000000075f800000| Untracked 
| 765|0x000000075fa00000, 0x000000075fa00000, 0x000000075fc00000|  0%| F|  |TAMS 0x000000075fa00000, 0x000000075fa00000| Untracked 
| 766|0x000000075fc00000, 0x000000075fc00000, 0x000000075fe00000|  0%| F|  |TAMS 0x000000075fc00000, 0x000000075fc00000| Untracked 
| 767|0x000000075fe00000, 0x000000075fe00000, 0x0000000760000000|  0%| F|  |TAMS 0x000000075fe00000, 0x000000075fe00000| Untracked 
| 768|0x0000000760000000, 0x0000000760000000, 0x0000000760200000|  0%| F|  |TAMS 0x0000000760000000, 0x0000000760000000| Untracked 
| 769|0x0000000760200000, 0x0000000760200000, 0x0000000760400000|  0%| F|  |TAMS 0x0000000760200000, 0x0000000760200000| Untracked 
| 770|0x0000000760400000, 0x0000000760400000, 0x0000000760600000|  0%| F|  |TAMS 0x0000000760400000, 0x0000000760400000| Untracked 
| 771|0x0000000760600000, 0x0000000760600000, 0x0000000760800000|  0%| F|  |TAMS 0x0000000760600000, 0x0000000760600000| Untracked 
| 772|0x0000000760800000, 0x0000000760800000, 0x0000000760a00000|  0%| F|  |TAMS 0x0000000760800000, 0x0000000760800000| Untracked 
| 773|0x0000000760a00000, 0x0000000760a00000, 0x0000000760c00000|  0%| F|  |TAMS 0x0000000760a00000, 0x0000000760a00000| Untracked 
| 774|0x0000000760c00000, 0x0000000760c00000, 0x0000000760e00000|  0%| F|  |TAMS 0x0000000760c00000, 0x0000000760c00000| Untracked 
| 775|0x0000000760e00000, 0x0000000760e00000, 0x0000000761000000|  0%| F|  |TAMS 0x0000000760e00000, 0x0000000760e00000| Untracked 
| 776|0x0000000761000000, 0x0000000761000000, 0x0000000761200000|  0%| F|  |TAMS 0x0000000761000000, 0x0000000761000000| Untracked 
| 777|0x0000000761200000, 0x0000000761200000, 0x0000000761400000|  0%| F|  |TAMS 0x0000000761200000, 0x0000000761200000| Untracked 
| 778|0x0000000761400000, 0x0000000761400000, 0x0000000761600000|  0%| F|  |TAMS 0x0000000761400000, 0x0000000761400000| Untracked 
| 779|0x0000000761600000, 0x0000000761600000, 0x0000000761800000|  0%| F|  |TAMS 0x0000000761600000, 0x0000000761600000| Untracked 
| 780|0x0000000761800000, 0x0000000761800000, 0x0000000761a00000|  0%| F|  |TAMS 0x0000000761800000, 0x0000000761800000| Untracked 
| 781|0x0000000761a00000, 0x0000000761a00000, 0x0000000761c00000|  0%| F|  |TAMS 0x0000000761a00000, 0x0000000761a00000| Untracked 
| 782|0x0000000761c00000, 0x0000000761c00000, 0x0000000761e00000|  0%| F|  |TAMS 0x0000000761c00000, 0x0000000761c00000| Untracked 
| 783|0x0000000761e00000, 0x0000000761e00000, 0x0000000762000000|  0%| F|  |TAMS 0x0000000761e00000, 0x0000000761e00000| Untracked 
| 784|0x0000000762000000, 0x0000000762000000, 0x0000000762200000|  0%| F|  |TAMS 0x0000000762000000, 0x0000000762000000| Untracked 
| 785|0x0000000762200000, 0x0000000762200000, 0x0000000762400000|  0%| F|  |TAMS 0x0000000762200000, 0x0000000762200000| Untracked 
| 786|0x0000000762400000, 0x0000000762400000, 0x0000000762600000|  0%| F|  |TAMS 0x0000000762400000, 0x0000000762400000| Untracked 
| 787|0x0000000762600000, 0x0000000762600000, 0x0000000762800000|  0%| F|  |TAMS 0x0000000762600000, 0x0000000762600000| Untracked 
| 788|0x0000000762800000, 0x0000000762800000, 0x0000000762a00000|  0%| F|  |TAMS 0x0000000762800000, 0x0000000762800000| Untracked 
| 789|0x0000000762a00000, 0x0000000762a00000, 0x0000000762c00000|  0%| F|  |TAMS 0x0000000762a00000, 0x0000000762a00000| Untracked 
| 790|0x0000000762c00000, 0x0000000762c00000, 0x0000000762e00000|  0%| F|  |TAMS 0x0000000762c00000, 0x0000000762c00000| Untracked 
| 791|0x0000000762e00000, 0x0000000762e00000, 0x0000000763000000|  0%| F|  |TAMS 0x0000000762e00000, 0x0000000762e00000| Untracked 
| 792|0x0000000763000000, 0x0000000763012de8, 0x0000000763200000|  3%| S|CS|TAMS 0x0000000763000000, 0x0000000763000000| Complete 
| 793|0x0000000763200000, 0x0000000763400000, 0x0000000763400000|100%| S|CS|TAMS 0x0000000763200000, 0x0000000763200000| Complete 
|1289|0x00000007a1200000, 0x00000007a1400000, 0x00000007a1400000|100%| S|CS|TAMS 0x00000007a1200000, 0x00000007a1200000| Complete 
|1298|0x00000007a2400000, 0x00000007a2400000, 0x00000007a2600000|  0%| F|  |TAMS 0x00000007a2400000, 0x00000007a2400000| Untracked 
|1299|0x00000007a2600000, 0x00000007a2600000, 0x00000007a2800000|  0%| F|  |TAMS 0x00000007a2600000, 0x00000007a2600000| Untracked 
|1300|0x00000007a2800000, 0x00000007a2800000, 0x00000007a2a00000|  0%| F|  |TAMS 0x00000007a2800000, 0x00000007a2800000| Untracked 
|1301|0x00000007a2a00000, 0x00000007a2a00000, 0x00000007a2c00000|  0%| F|  |TAMS 0x00000007a2a00000, 0x00000007a2a00000| Untracked 
|1327|0x00000007a5e00000, 0x00000007a5e00000, 0x00000007a6000000|  0%| F|  |TAMS 0x00000007a5e00000, 0x00000007a5e00000| Untracked 
|1328|0x00000007a6000000, 0x00000007a6000000, 0x00000007a6200000|  0%| F|  |TAMS 0x00000007a6000000, 0x00000007a6000000| Untracked 
|1329|0x00000007a6200000, 0x00000007a6200000, 0x00000007a6400000|  0%| F|  |TAMS 0x00000007a6200000, 0x00000007a6200000| Untracked 
|1330|0x00000007a6400000, 0x00000007a6400000, 0x00000007a6600000|  0%| F|  |TAMS 0x00000007a6400000, 0x00000007a6400000| Untracked 
|1331|0x00000007a6600000, 0x00000007a6600000, 0x00000007a6800000|  0%| F|  |TAMS 0x00000007a6600000, 0x00000007a6600000| Untracked 
|1332|0x00000007a6800000, 0x00000007a6800000, 0x00000007a6a00000|  0%| F|  |TAMS 0x00000007a6800000, 0x00000007a6800000| Untracked 
|1333|0x00000007a6a00000, 0x00000007a6a00000, 0x00000007a6c00000|  0%| F|  |TAMS 0x00000007a6a00000, 0x00000007a6a00000| Untracked 
|1334|0x00000007a6c00000, 0x00000007a6c00000, 0x00000007a6e00000|  0%| F|  |TAMS 0x00000007a6c00000, 0x00000007a6c00000| Untracked 
|1335|0x00000007a6e00000, 0x00000007a6e00000, 0x00000007a7000000|  0%| F|  |TAMS 0x00000007a6e00000, 0x00000007a6e00000| Untracked 
|1336|0x00000007a7000000, 0x00000007a7000000, 0x00000007a7200000|  0%| F|  |TAMS 0x00000007a7000000, 0x00000007a7000000| Untracked 
|1337|0x00000007a7200000, 0x00000007a7200000, 0x00000007a7400000|  0%| F|  |TAMS 0x00000007a7200000, 0x00000007a7200000| Untracked 
|1338|0x00000007a7400000, 0x00000007a7400000, 0x00000007a7600000|  0%| F|  |TAMS 0x00000007a7400000, 0x00000007a7400000| Untracked 
|1339|0x00000007a7600000, 0x00000007a7600000, 0x00000007a7800000|  0%| F|  |TAMS 0x00000007a7600000, 0x00000007a7600000| Untracked 
|1340|0x00000007a7800000, 0x00000007a7800000, 0x00000007a7a00000|  0%| F|  |TAMS 0x00000007a7800000, 0x00000007a7800000| Untracked 
|1341|0x00000007a7a00000, 0x00000007a7a00000, 0x00000007a7c00000|  0%| F|  |TAMS 0x00000007a7a00000, 0x00000007a7a00000| Untracked 
|1342|0x00000007a7c00000, 0x00000007a7c00000, 0x00000007a7e00000|  0%| F|  |TAMS 0x00000007a7c00000, 0x00000007a7c00000| Untracked 
|1343|0x00000007a7e00000, 0x00000007a7e00000, 0x00000007a8000000|  0%| F|  |TAMS 0x00000007a7e00000, 0x00000007a7e00000| Untracked 
|1344|0x00000007a8000000, 0x00000007a8000000, 0x00000007a8200000|  0%| F|  |TAMS 0x00000007a8000000, 0x00000007a8000000| Untracked 
|1345|0x00000007a8200000, 0x00000007a8200000, 0x00000007a8400000|  0%| F|  |TAMS 0x00000007a8200000, 0x00000007a8200000| Untracked 
|1346|0x00000007a8400000, 0x00000007a8400000, 0x00000007a8600000|  0%| F|  |TAMS 0x00000007a8400000, 0x00000007a8400000| Untracked 
|1347|0x00000007a8600000, 0x00000007a8600000, 0x00000007a8800000|  0%| F|  |TAMS 0x00000007a8600000, 0x00000007a8600000| Untracked 
|1348|0x00000007a8800000, 0x00000007a8800000, 0x00000007a8a00000|  0%| F|  |TAMS 0x00000007a8800000, 0x00000007a8800000| Untracked 
|1349|0x00000007a8a00000, 0x00000007a8a00000, 0x00000007a8c00000|  0%| F|  |TAMS 0x00000007a8a00000, 0x00000007a8a00000| Untracked 
|1350|0x00000007a8c00000, 0x00000007a8c00000, 0x00000007a8e00000|  0%| F|  |TAMS 0x00000007a8c00000, 0x00000007a8c00000| Untracked 
|1351|0x00000007a8e00000, 0x00000007a8e00000, 0x00000007a9000000|  0%| F|  |TAMS 0x00000007a8e00000, 0x00000007a8e00000| Untracked 
|1352|0x00000007a9000000, 0x00000007a9000000, 0x00000007a9200000|  0%| F|  |TAMS 0x00000007a9000000, 0x00000007a9000000| Untracked 
|1353|0x00000007a9200000, 0x00000007a9200000, 0x00000007a9400000|  0%| F|  |TAMS 0x00000007a9200000, 0x00000007a9200000| Untracked 
|1354|0x00000007a9400000, 0x00000007a9400000, 0x00000007a9600000|  0%| F|  |TAMS 0x00000007a9400000, 0x00000007a9400000| Untracked 
|1355|0x00000007a9600000, 0x00000007a9600000, 0x00000007a9800000|  0%| F|  |TAMS 0x00000007a9600000, 0x00000007a9600000| Untracked 
|1356|0x00000007a9800000, 0x00000007a9800000, 0x00000007a9a00000|  0%| F|  |TAMS 0x00000007a9800000, 0x00000007a9800000| Untracked 
|1357|0x00000007a9a00000, 0x00000007a9a00000, 0x00000007a9c00000|  0%| F|  |TAMS 0x00000007a9a00000, 0x00000007a9a00000| Untracked 
|1358|0x00000007a9c00000, 0x00000007a9c00000, 0x00000007a9e00000|  0%| F|  |TAMS 0x00000007a9c00000, 0x00000007a9c00000| Untracked 
|2045|0x00000007ffa00000, 0x00000007ffa00000, 0x00000007ffc00000|  0%| F|  |TAMS 0x00000007ffa00000, 0x00000007ffa00000| Untracked 
|2046|0x00000007ffc00000, 0x00000007ffc00000, 0x00000007ffe00000|  0%| F|  |TAMS 0x00000007ffc00000, 0x00000007ffc00000| Untracked 
|2047|0x00000007ffe00000, 0x00000007ffe00000, 0x0000000800000000|  0%| F|  |TAMS 0x00000007ffe00000, 0x00000007ffe00000| Untracked 

Card table byte_map: [0x00000162369f0000,0x00000162371f0000] _byte_map_base: 0x00000162331f0000

Marking Bits (Prev, Next): (CMBitMap*) 0x000001621ceeb4b0, (CMBitMap*) 0x000001621ceeb470
 Prev Bits: [0x000001623b9f0000, 0x000001623f9f0000)
 Next Bits: [0x00000162379f0000, 0x000001623b9f0000)

Polling page: 0x000001621d1d0000

Metaspace:

Usage:
  Non-class:    164.09 MB used.
      Class:     24.74 MB used.
       Both:    188.83 MB used.

Virtual space:
  Non-class space:      192.00 MB reserved,     166.19 MB ( 87%) committed,  3 nodes.
      Class space:      416.00 MB reserved,      26.19 MB (  6%) committed,  1 nodes.
             Both:      608.00 MB reserved,     192.38 MB ( 32%) committed. 

Chunk freelists:
   Non-Class:  10.11 MB
       Class:  5.81 MB
        Both:  15.92 MB

MaxMetaspaceSize: 512.00 MB
CompressedClassSpaceSize: 416.00 MB
Initial GC threshold: 21.00 MB
Current GC threshold: 320.62 MB
CDS: on
MetaspaceReclaimPolicy: balanced
 - commit_granule_bytes: 65536.
 - commit_granule_words: 8192.
 - virtual_space_node_default_size: 8388608.
 - enlarge_chunks_in_place: 1.
 - new_chunks_are_fully_committed: 0.
 - uncommit_free_chunks: 1.
 - use_allocation_guard: 0.
 - handle_deallocations: 1.


Internal statistics:

num_allocs_failed_limit: 12.
num_arena_births: 4728.
num_arena_deaths: 130.
num_vsnodes_births: 4.
num_vsnodes_deaths: 0.
num_space_committed: 3149.
num_space_uncommitted: 74.
num_chunks_returned_to_freelist: 539.
num_chunks_taken_from_freelist: 14674.
num_chunk_merges: 166.
num_chunk_splits: 8939.
num_chunks_enlarged: 4966.
num_inconsistent_stats: 0.

CodeHeap 'non-profiled nmethods': size=120000Kb used=43271Kb max_used=45193Kb free=76728Kb
 bounds [0x000001622e040000, 0x0000016230c70000, 0x0000016235570000]
CodeHeap 'profiled nmethods': size=120000Kb used=76561Kb max_used=79252Kb free=43438Kb
 bounds [0x0000016226570000, 0x000001622b2f0000, 0x000001622daa0000]
CodeHeap 'non-nmethods': size=5760Kb used=2598Kb max_used=2721Kb free=3161Kb
 bounds [0x000001622daa0000, 0x000001622dd50000, 0x000001622e040000]
 total_blobs=39338 nmethods=38178 adapters=1069
 compilation: enabled
              stopped_count=0, restarted_count=0
 full_count=0

Compilation events (20 events):
Event: 2224.420 Thread 0x00000162426ddd30 55236       3       com.android.tools.r8.internal.ie0::containsKey (74 bytes)
Event: 2224.420 Thread 0x00000162426ddd30 nmethod 55236 0x0000016227365710 code [0x0000016227365900, 0x0000016227365d68]
Event: 2224.512 Thread 0x00000162426ddd30 55237       2       com.android.tools.r8.internal.s2::<init> (10 bytes)
Event: 2224.512 Thread 0x00000162426ddd30 nmethod 55237 0x0000016228855390 code [0x0000016228855520, 0x0000016228855648]
Event: 2224.556 Thread 0x00000162767cdfc0 nmethod 55215 0x000001622f092f90 code [0x000001622f0936e0, 0x000001622f09ae70]
Event: 2224.556 Thread 0x00000162767cdfc0 55238       4       com.android.tools.r8.internal.US::d (137 bytes)
Event: 2224.561 Thread 0x00000162767cdfc0 nmethod 55238 0x000001622e952210 code [0x000001622e9523c0, 0x000001622e9525f8]
Event: 2224.561 Thread 0x00000162767cdfc0 55228       4       com.android.tools.r8.internal.nB::a (149 bytes)
Event: 2224.598 Thread 0x00000162426ddd30 55241       2       java.util.concurrent.ConcurrentHashMap::comparableClassFor (115 bytes)
Event: 2224.600 Thread 0x00000162426ddd30 nmethod 55241 0x0000016228195890 code [0x0000016228195aa0, 0x0000016228196038]
Event: 2224.614 Thread 0x00000162767cdfc0 nmethod 55228 0x00000162300d5b90 code [0x00000162300d5e20, 0x00000162300d71b0]
Event: 2224.614 Thread 0x00000162767cdfc0 55240       4       com.android.tools.r8.internal.US::b (94 bytes)
Event: 2224.628 Thread 0x00000162767cda70 nmethod 55229 0x000001622ff33710 code [0x000001622ff33c40, 0x000001622ff3a8c0]
Event: 2224.628 Thread 0x00000162767cda70 55239       4       com.android.tools.r8.internal.US::c (54 bytes)
Event: 2224.634 Thread 0x00000162767cda70 nmethod 55239 0x000001622f66ed10 code [0x000001622f66eec0, 0x000001622f66f198]
Event: 2224.634 Thread 0x00000162767cda70 54625       4       com.android.tools.r8.internal.e9::a (157 bytes)
Event: 2224.646 Thread 0x00000162767cdfc0 nmethod 55240 0x000001622fc34910 code [0x000001622fc34b40, 0x000001622fc35778]
Event: 2224.647 Thread 0x00000162767cdfc0 54617 %     4       com.android.tools.r8.internal.xR::b @ 33 (112 bytes)
Event: 2224.649 Thread 0x00000162767cda70 nmethod 54625 0x000001622e580510 code [0x000001622e5806e0, 0x000001622e580d88]
Event: 2224.649 Thread 0x00000162767cda70 54676 %     4       com.android.tools.r8.internal.M3::b @ 18 (1483 bytes)

GC Heap History (20 events):
Event: 2190.016 GC heap after
{Heap after GC invocations=129 (full 0):
 garbage-first heap   total 2789376K, used 408101K [0x0000000700000000, 0x0000000800000000)
  region size 2048K, 7 young (14336K), 7 survivors (14336K)
 Metaspace       used 194616K, committed 197632K, reserved 622592K
  class space    used 25411K, committed 26816K, reserved 425984K
}
Event: 2194.194 GC heap before
{Heap before GC invocations=129 (full 0):
 garbage-first heap   total 2789376K, used 619045K [0x0000000700000000, 0x0000000800000000)
  region size 2048K, 111 young (227328K), 7 survivors (14336K)
 Metaspace       used 194630K, committed 197632K, reserved 622592K
  class space    used 25414K, committed 26816K, reserved 425984K
}
Event: 2194.406 GC heap after
{Heap after GC invocations=130 (full 0):
 garbage-first heap   total 2789376K, used 418082K [0x0000000700000000, 0x0000000800000000)
  region size 2048K, 11 young (22528K), 11 survivors (22528K)
 Metaspace       used 194630K, committed 197632K, reserved 622592K
  class space    used 25414K, committed 26816K, reserved 425984K
}
Event: 2199.131 GC heap before
{Heap before GC invocations=130 (full 0):
 garbage-first heap   total 2789376K, used 579874K [0x0000000700000000, 0x0000000800000000)
  region size 2048K, 91 young (186368K), 11 survivors (22528K)
 Metaspace       used 194642K, committed 197632K, reserved 622592K
  class space    used 25416K, committed 26816K, reserved 425984K
}
Event: 2199.602 GC heap after
{Heap after GC invocations=131 (full 0):
 garbage-first heap   total 2789376K, used 423754K [0x0000000700000000, 0x0000000800000000)
  region size 2048K, 10 young (20480K), 10 survivors (20480K)
 Metaspace       used 194642K, committed 197632K, reserved 622592K
  class space    used 25416K, committed 26816K, reserved 425984K
}
Event: 2200.233 GC heap before
{Heap before GC invocations=131 (full 0):
 garbage-first heap   total 2789376K, used 540490K [0x0000000700000000, 0x0000000800000000)
  region size 2048K, 68 young (139264K), 10 survivors (20480K)
 Metaspace       used 194645K, committed 197632K, reserved 622592K
  class space    used 25417K, committed 26816K, reserved 425984K
}
Event: 2200.284 GC heap after
{Heap after GC invocations=132 (full 0):
 garbage-first heap   total 2789376K, used 423695K [0x0000000700000000, 0x0000000800000000)
  region size 2048K, 3 young (6144K), 3 survivors (6144K)
 Metaspace       used 194645K, committed 197632K, reserved 622592K
  class space    used 25417K, committed 26816K, reserved 425984K
}
Event: 2201.879 GC heap before
{Heap before GC invocations=132 (full 0):
 garbage-first heap   total 2789376K, used 757519K [0x0000000700000000, 0x0000000800000000)
  region size 2048K, 167 young (342016K), 3 survivors (6144K)
 Metaspace       used 194656K, committed 197632K, reserved 622592K
  class space    used 25419K, committed 26816K, reserved 425984K
}
Event: 2202.266 GC heap after
{Heap after GC invocations=133 (full 0):
 garbage-first heap   total 2789376K, used 425176K [0x0000000700000000, 0x0000000800000000)
  region size 2048K, 4 young (8192K), 4 survivors (8192K)
 Metaspace       used 194656K, committed 197632K, reserved 622592K
  class space    used 25419K, committed 26816K, reserved 425984K
}
Event: 2202.933 GC heap before
{Heap before GC invocations=133 (full 0):
 garbage-first heap   total 2789376K, used 554200K [0x0000000700000000, 0x0000000800000000)
  region size 2048K, 68 young (139264K), 4 survivors (8192K)
 Metaspace       used 194662K, committed 197632K, reserved 622592K
  class space    used 25419K, committed 26816K, reserved 425984K
}
Event: 2202.975 GC heap after
{Heap after GC invocations=134 (full 0):
 garbage-first heap   total 2789376K, used 432785K [0x0000000700000000, 0x0000000800000000)
  region size 2048K, 8 young (16384K), 8 survivors (16384K)
 Metaspace       used 194662K, committed 197632K, reserved 622592K
  class space    used 25419K, committed 26816K, reserved 425984K
}
Event: 2205.582 GC heap before
{Heap before GC invocations=134 (full 0):
 garbage-first heap   total 2789376K, used 555665K [0x0000000700000000, 0x0000000800000000)
  region size 2048K, 68 young (139264K), 8 survivors (16384K)
 Metaspace       used 194675K, committed 197632K, reserved 622592K
  class space    used 25420K, committed 26816K, reserved 425984K
}
Event: 2205.771 GC heap after
{Heap after GC invocations=135 (full 0):
 garbage-first heap   total 2789376K, used 440747K [0x0000000700000000, 0x0000000800000000)
  region size 2048K, 5 young (10240K), 5 survivors (10240K)
 Metaspace       used 194675K, committed 197632K, reserved 622592K
  class space    used 25420K, committed 26816K, reserved 425984K
}
Event: 2219.178 GC heap before
{Heap before GC invocations=135 (full 0):
 garbage-first heap   total 1708032K, used 567723K [0x0000000700000000, 0x0000000800000000)
  region size 2048K, 68 young (139264K), 5 survivors (10240K)
 Metaspace       used 193289K, committed 196992K, reserved 622592K
  class space    used 25321K, committed 26816K, reserved 425984K
}
Event: 2219.233 GC heap after
{Heap after GC invocations=136 (full 0):
 garbage-first heap   total 1708032K, used 453030K [0x0000000700000000, 0x0000000800000000)
  region size 2048K, 9 young (18432K), 9 survivors (18432K)
 Metaspace       used 193289K, committed 196992K, reserved 622592K
  class space    used 25321K, committed 26816K, reserved 425984K
}
Event: 2221.628 GC heap before
{Heap before GC invocations=136 (full 0):
 garbage-first heap   total 1708032K, used 518566K [0x0000000700000000, 0x0000000800000000)
  region size 2048K, 41 young (83968K), 9 survivors (18432K)
 Metaspace       used 193294K, committed 196992K, reserved 622592K
  class space    used 25321K, committed 26816K, reserved 425984K
}
Event: 2221.665 GC heap after
{Heap after GC invocations=137 (full 0):
 garbage-first heap   total 1708032K, used 456835K [0x0000000700000000, 0x0000000800000000)
  region size 2048K, 2 young (4096K), 2 survivors (4096K)
 Metaspace       used 193294K, committed 196992K, reserved 622592K
  class space    used 25321K, committed 26816K, reserved 425984K
}
Event: 2223.938 GC heap before
{Heap before GC invocations=138 (full 0):
 garbage-first heap   total 1708032K, used 809091K [0x0000000700000000, 0x0000000800000000)
  region size 2048K, 175 young (358400K), 2 survivors (4096K)
 Metaspace       used 193356K, committed 196992K, reserved 622592K
  class space    used 25332K, committed 26816K, reserved 425984K
}
Event: 2224.183 GC heap after
{Heap after GC invocations=139 (full 0):
 garbage-first heap   total 1708032K, used 457437K [0x0000000700000000, 0x0000000800000000)
  region size 2048K, 2 young (4096K), 2 survivors (4096K)
 Metaspace       used 193356K, committed 196992K, reserved 622592K
  class space    used 25332K, committed 26816K, reserved 425984K
}
Event: 2224.666 GC heap before
{Heap before GC invocations=139 (full 0):
 garbage-first heap   total 1708032K, used 537309K [0x0000000700000000, 0x0000000800000000)
  region size 2048K, 41 young (83968K), 2 survivors (4096K)
 Metaspace       used 193361K, committed 196992K, reserved 622592K
  class space    used 25333K, committed 26816K, reserved 425984K
}

Dll operation events (16 events):
Event: 0.014 Loaded shared library C:\Program Files\Microsoft\jdk-17.0.13.11-hotspot\bin\java.dll
Event: 0.031 Loaded shared library C:\Program Files\Microsoft\jdk-17.0.13.11-hotspot\bin\jsvml.dll
Event: 0.088 Loaded shared library C:\Program Files\Microsoft\jdk-17.0.13.11-hotspot\bin\zip.dll
Event: 0.093 Loaded shared library C:\Program Files\Microsoft\jdk-17.0.13.11-hotspot\bin\instrument.dll
Event: 0.099 Loaded shared library C:\Program Files\Microsoft\jdk-17.0.13.11-hotspot\bin\net.dll
Event: 0.103 Loaded shared library C:\Program Files\Microsoft\jdk-17.0.13.11-hotspot\bin\nio.dll
Event: 0.108 Loaded shared library C:\Program Files\Microsoft\jdk-17.0.13.11-hotspot\bin\zip.dll
Event: 0.481 Loaded shared library C:\Program Files\Microsoft\jdk-17.0.13.11-hotspot\bin\jimage.dll
Event: 0.701 Loaded shared library C:\Program Files\Microsoft\jdk-17.0.13.11-hotspot\bin\verify.dll
Event: 0.837 Loaded shared library C:\Users\laxman\.gradle\native\1def1411415f61bf3af743bc5b6707747c0891f09f0c88961ee8f79bc544acac\windows-amd64\native-platform.dll
Event: 0.860 Loaded shared library C:\Users\laxman\.gradle\native\0.2.7\x86_64-windows-gnu\gradle-fileevents.dll
Event: 2.550 Loaded shared library C:\Program Files\Microsoft\jdk-17.0.13.11-hotspot\bin\management.dll
Event: 2.553 Loaded shared library C:\Program Files\Microsoft\jdk-17.0.13.11-hotspot\bin\management_ext.dll
Event: 2.816 Loaded shared library C:\Program Files\Microsoft\jdk-17.0.13.11-hotspot\bin\extnet.dll
Event: 3.018 Loaded shared library C:\Program Files\Microsoft\jdk-17.0.13.11-hotspot\bin\sunmscapi.dll
Event: 104.298 Loaded shared library C:\Program Files\Microsoft\jdk-17.0.13.11-hotspot\bin\rmi.dll

Deoptimization events (20 events):
Event: 2223.756 Thread 0x00000162717bdb60 Uncommon trap: trap_request=0xffffffde fr.pc=0x000001622f6e0ea8 relative=0x0000000000000f28
Event: 2223.758 Thread 0x00000162717bdb60 Uncommon trap: reason=class_check action=maybe_recompile pc=0x000001622f6e0ea8 method=com.android.tools.r8.ir.optimize.F.a(Lcom/android/tools/r8/internal/sB;)Z @ 641 c2
Event: 2223.758 Thread 0x00000162717bdb60 DEOPT PACKING pc=0x000001622f6e0ea8 sp=0x00000030a54fadd0
Event: 2223.758 Thread 0x00000162717bdb60 DEOPT UNPACKING pc=0x000001622daf69a3 sp=0x00000030a54fad90 mode 2
Event: 2223.759 Thread 0x00000162717bdb60 DEOPT PACKING pc=0x000001622b21f67a sp=0x00000030a54fa5e0
Event: 2223.759 Thread 0x00000162717bdb60 DEOPT UNPACKING pc=0x000001622daf7143 sp=0x00000030a54f9ce8 mode 0
Event: 2223.794 Thread 0x00000162717bdb60 DEOPT PACKING pc=0x00000162298a3ec6 sp=0x00000030a54fa010
Event: 2223.794 Thread 0x00000162717bdb60 DEOPT UNPACKING pc=0x000001622daf7143 sp=0x00000030a54f95a8 mode 0
Event: 2223.863 Thread 0x00000162717bdb60 DEOPT PACKING pc=0x000001622b21f67a sp=0x00000030a54fa5e0
Event: 2223.863 Thread 0x00000162717bdb60 DEOPT UNPACKING pc=0x000001622daf7143 sp=0x00000030a54f9ce8 mode 0
Event: 2224.242 Thread 0x00000162717bdb60 DEOPT PACKING pc=0x000001622b2e890c sp=0x00000030a54fa500
Event: 2224.242 Thread 0x00000162717bdb60 DEOPT UNPACKING pc=0x000001622daf7143 sp=0x00000030a54f9ba8 mode 0
Event: 2224.299 Thread 0x00000162717bdb60 DEOPT PACKING pc=0x00000162298a3ec6 sp=0x00000030a54fa110
Event: 2224.299 Thread 0x00000162717bdb60 DEOPT UNPACKING pc=0x000001622daf7143 sp=0x00000030a54f96a8 mode 0
Event: 2224.443 Thread 0x00000162717bdb60 DEOPT PACKING pc=0x000001622b2ca47f sp=0x00000030a54faf50
Event: 2224.443 Thread 0x00000162717bdb60 DEOPT UNPACKING pc=0x000001622daf7143 sp=0x00000030a54fa800 mode 0
Event: 2224.469 Thread 0x00000162717bdb60 DEOPT PACKING pc=0x00000162298a3ec6 sp=0x00000030a54fa110
Event: 2224.469 Thread 0x00000162717bdb60 DEOPT UNPACKING pc=0x000001622daf7143 sp=0x00000030a54f96a8 mode 0
Event: 2224.510 Thread 0x00000162717bdb60 DEOPT PACKING pc=0x00000162298a3ec6 sp=0x00000030a54fa110
Event: 2224.510 Thread 0x00000162717bdb60 DEOPT UNPACKING pc=0x000001622daf7143 sp=0x00000030a54f96a8 mode 0

Classes loaded (20 events):
Event: 2125.587 Loading class com/sun/org/apache/xerces/internal/impl/dtd/XMLContentSpec
Event: 2125.588 Loading class com/sun/org/apache/xerces/internal/impl/dtd/XMLContentSpec done
Event: 2125.589 Loading class com/sun/org/apache/xerces/internal/impl/XMLDocumentScannerImpl$DTDDriver
Event: 2125.590 Loading class com/sun/org/apache/xerces/internal/impl/XMLDocumentScannerImpl$DTDDriver done
Event: 2125.590 Loading class com/sun/xml/internal/stream/StaxXMLInputSource
Event: 2125.591 Loading class com/sun/xml/internal/stream/StaxXMLInputSource done
Event: 2125.592 Loading class com/sun/xml/internal/stream/Entity$InternalEntity
Event: 2125.593 Loading class com/sun/xml/internal/stream/Entity$InternalEntity done
Event: 2125.603 Loading class com/sun/org/apache/xerces/internal/dom/DeferredDocumentTypeImpl
Event: 2125.604 Loading class com/sun/org/apache/xerces/internal/dom/DeferredDocumentTypeImpl done
Event: 2125.616 Loading class com/sun/org/apache/xerces/internal/dom/DeferredEntityImpl
Event: 2125.617 Loading class com/sun/org/apache/xerces/internal/dom/EntityImpl
Event: 2125.617 Loading class org/w3c/dom/Entity
Event: 2125.618 Loading class org/w3c/dom/Entity done
Event: 2125.618 Loading class com/sun/org/apache/xerces/internal/dom/EntityImpl done
Event: 2125.618 Loading class com/sun/org/apache/xerces/internal/dom/DeferredEntityImpl done
Event: 2148.458 Loading class java/text/FieldPosition$Delegate
Event: 2148.462 Loading class java/text/FieldPosition$Delegate done
Event: 2174.650 Loading class java/rmi/server/Unreferenced
Event: 2174.663 Loading class java/rmi/server/Unreferenced done

Classes unloaded (20 events):
Event: 2206.146 Thread 0x00000162426b97a0 Unloading class 0x0000016245a1eff8 'jdk/internal/jimage/ImageHeader'
Event: 2206.146 Thread 0x00000162426b97a0 Unloading class 0x0000016245a1edc8 'jdk/internal/jimage/BasicImageReader$2'
Event: 2206.146 Thread 0x00000162426b97a0 Unloading class 0x0000016245a1eb98 'jdk/internal/jimage/BasicImageReader$1'
Event: 2206.146 Thread 0x00000162426b97a0 Unloading class 0x0000016245a1e930 'jdk/internal/jimage/ImageReader$Resource'
Event: 2206.146 Thread 0x00000162426b97a0 Unloading class 0x0000016245a1e6c8 'jdk/internal/jimage/ImageReader$LinkNode'
Event: 2206.146 Thread 0x00000162426b97a0 Unloading class 0x0000016245a1e460 'jdk/internal/jimage/ImageReader$Directory'
Event: 2206.146 Thread 0x00000162426b97a0 Unloading class 0x0000016245a1e1f8 'jdk/internal/jimage/ImageReader$Node'
Event: 2206.146 Thread 0x00000162426b97a0 Unloading class 0x0000016245a1e000 'jdk/internal/jimage/ImageStrings'
Event: 2206.147 Thread 0x00000162426b97a0 Unloading class 0x0000016245a1db50 'jdk/internal/jimage/ImageReader$SharedImageReader'
Event: 2206.147 Thread 0x00000162426b97a0 Unloading class 0x0000016245a1d890 'jdk/internal/jimage/BasicImageReader'
Event: 2206.147 Thread 0x00000162426b97a0 Unloading class 0x0000016245a1d670 'jdk/internal/jimage/ImageReader'
Event: 2206.147 Thread 0x00000162426b97a0 Unloading class 0x0000016245a1d448 'jdk/internal/jrtfs/SystemImage$2'
Event: 2206.147 Thread 0x00000162426b97a0 Unloading class 0x0000016245a1d230 'jdk/internal/jrtfs/SystemImage$$Lambda$6421+0x0000016245a1d230'
Event: 2206.147 Thread 0x00000162426b97a0 Unloading class 0x0000016245a1d000 'jdk/internal/jrtfs/ExplodedImage'
Event: 2206.147 Thread 0x00000162426b97a0 Unloading class 0x0000016245a1cdc8 'jdk/internal/jrtfs/SystemImage$1'
Event: 2206.148 Thread 0x00000162426b97a0 Unloading class 0x0000016245a1cbb0 'jdk/internal/jrtfs/SystemImage'
Event: 2206.150 Thread 0x00000162426b97a0 Unloading class 0x0000016245a1c950 'jdk/internal/jrtfs/JrtFileStore'
Event: 2206.151 Thread 0x00000162426b97a0 Unloading class 0x0000016245a1c5d8 'jdk/internal/jrtfs/JrtPath'
Event: 2206.151 Thread 0x00000162426b97a0 Unloading class 0x0000016245a1c2e0 'jdk/internal/jrtfs/JrtFileSystem'
Event: 2206.152 Thread 0x00000162426b97a0 Unloading class 0x0000016245a1c000 'jdk/internal/jrtfs/JrtFileSystemProvider'

Classes redefined (0 events):
No events

Internal exceptions (20 events):
Event: 2191.909 Thread 0x0000016264b1dbd0 Exception <a 'sun/nio/fs/WindowsException'{0x00000007a17dddf0}> (0x00000007a17dddf0) 
thrown [s\src\hotspot\share\prims\jni.cpp, line 516]
Event: 2191.914 Thread 0x0000016264b1dbd0 Exception <a 'sun/nio/fs/WindowsException'{0x00000007a17e4500}> (0x00000007a17e4500) 
thrown [s\src\hotspot\share\prims\jni.cpp, line 516]
Event: 2191.918 Thread 0x0000016264b1dbd0 Exception <a 'sun/nio/fs/WindowsException'{0x00000007a17ebab0}> (0x00000007a17ebab0) 
thrown [s\src\hotspot\share\prims\jni.cpp, line 516]
Event: 2191.923 Thread 0x0000016264b1dbd0 Exception <a 'sun/nio/fs/WindowsException'{0x00000007a17f11e0}> (0x00000007a17f11e0) 
thrown [s\src\hotspot\share\prims\jni.cpp, line 516]
Event: 2191.936 Thread 0x0000016264b1dbd0 Exception <a 'sun/nio/fs/WindowsException'{0x000000079f3f7c78}> (0x000000079f3f7c78) 
thrown [s\src\hotspot\share\prims\jni.cpp, line 516]
Event: 2191.943 Thread 0x0000016264b1dbd0 Exception <a 'sun/nio/fs/WindowsException'{0x000000079f1379d8}> (0x000000079f1379d8) 
thrown [s\src\hotspot\share\prims\jni.cpp, line 516]
Event: 2194.830 Thread 0x0000016264b1dbd0 Exception <a 'sun/nio/fs/WindowsException'{0x00000007fff14098}> (0x00000007fff14098) 
thrown [s\src\hotspot\share\prims\jni.cpp, line 516]
Event: 2194.981 Thread 0x0000016264b1dbd0 Exception <a 'sun/nio/fs/WindowsException'{0x00000007fff1b9f0}> (0x00000007fff1b9f0) 
thrown [s\src\hotspot\share\prims\jni.cpp, line 516]
Event: 2194.994 Thread 0x0000016264b1dbd0 Exception <a 'sun/nio/fs/WindowsException'{0x00000007fff23930}> (0x00000007fff23930) 
thrown [s\src\hotspot\share\prims\jni.cpp, line 516]
Event: 2195.015 Thread 0x0000016264b1dbd0 Exception <a 'sun/nio/fs/WindowsException'{0x00000007fff30708}> (0x00000007fff30708) 
thrown [s\src\hotspot\share\prims\jni.cpp, line 516]
Event: 2195.555 Thread 0x0000016264b1a930 Exception <a 'sun/nio/fs/WindowsException'{0x00000007a4de8170}> (0x00000007a4de8170) 
thrown [s\src\hotspot\share\prims\jni.cpp, line 516]
Event: 2198.894 Thread 0x0000016269334ec0 Implicit null exception at 0x000001622fc8509f to 0x000001622fc886b4
Event: 2199.690 Thread 0x0000016270029f80 Implicit null exception at 0x000001622e4e77cf to 0x000001622e4e7928
Event: 2200.375 Thread 0x00000162717bdb60 Exception <a 'sun/nio/fs/WindowsException'{0x00000007a8dfd588}> (0x00000007a8dfd588) 
thrown [s\src\hotspot\share\prims\jni.cpp, line 516]
Event: 2200.380 Thread 0x0000016270029f80 Exception <a 'sun/nio/fs/WindowsException'{0x00000007a8c2e758}> (0x00000007a8c2e758) 
thrown [s\src\hotspot\share\prims\jni.cpp, line 516]
Event: 2202.348 Thread 0x0000016269335df0 Exception <a 'sun/nio/fs/WindowsException'{0x00000007a883f870}> (0x00000007a883f870) 
thrown [s\src\hotspot\share\prims\jni.cpp, line 516]
Event: 2202.394 Thread 0x000001626856aad0 Exception <a 'sun/nio/fs/WindowsException'{0x00000007a7fcefb0}> (0x00000007a7fcefb0) 
thrown [s\src\hotspot\share\prims\jni.cpp, line 516]
Event: 2202.861 Thread 0x0000016269333570 Exception <a 'sun/nio/fs/WindowsException'{0x00000007a2bbab38}> (0x00000007a2bbab38) 
thrown [s\src\hotspot\share\prims\jni.cpp, line 516]
Event: 2222.072 Thread 0x0000016269334ec0 Exception <a 'java/lang/NoSuchMethodError'{0x00000007a8c83ed0}: 'void java.lang.invoke.DirectMethodHandle$Holder.invokeSpecialIFC(java.lang.Object, java.lang.Object, java.lang.Object, java.lang.Object)'> (0x00000007a8c83ed0) 
thrown [s\src\hotspot\share\interpreter\linkResolver.cpp, line 759]
Event: 2223.490 Thread 0x0000016269334ec0 Exception <a 'sun/nio/fs/WindowsException'{0x00000007557196f8}> (0x00000007557196f8) 
thrown [s\src\hotspot\share\prims\jni.cpp, line 516]

VM Operations (20 events):
Event: 2209.967 Executing VM operation: G1PauseRemark done
Event: 2210.456 Executing VM operation: G1CollectForAllocation
Event: 2219.233 Executing VM operation: G1CollectForAllocation done
Event: 2220.233 Executing VM operation: Cleanup
Event: 2221.347 Executing VM operation: Cleanup done
Event: 2221.348 Executing VM operation: G1CollectForAllocation
Event: 2221.665 Executing VM operation: G1CollectForAllocation done
Event: 2221.869 Executing VM operation: HandshakeAllThreads
Event: 2221.924 Executing VM operation: HandshakeAllThreads done
Event: 2222.924 Executing VM operation: Cleanup
Event: 2223.019 Executing VM operation: Cleanup done
Event: 2223.121 Executing VM operation: HandshakeAllThreads
Event: 2223.124 Executing VM operation: HandshakeAllThreads done
Event: 2223.145 Executing VM operation: G1PauseCleanup
Event: 2223.152 Executing VM operation: G1PauseCleanup done
Event: 2223.427 Executing VM operation: HandshakeAllThreads
Event: 2223.428 Executing VM operation: HandshakeAllThreads done
Event: 2223.895 Executing VM operation: G1CollectForAllocation
Event: 2224.183 Executing VM operation: G1CollectForAllocation done
Event: 2224.665 Executing VM operation: G1CollectForAllocation

Memory protections (0 events):
No events

Nmethod flushes (20 events):
Event: 2223.581 Thread 0x00000162426e0650 flushing  nmethod 0x000001622a948910
Event: 2223.581 Thread 0x00000162426e0650 flushing  nmethod 0x000001622a94ca10
Event: 2223.581 Thread 0x00000162426e0650 flushing  nmethod 0x000001622a94ce10
Event: 2223.581 Thread 0x00000162426e0650 flushing  nmethod 0x000001622a94d890
Event: 2223.581 Thread 0x00000162426e0650 flushing  nmethod 0x000001622a957c90
Event: 2223.582 Thread 0x00000162426e0650 flushing  nmethod 0x000001622a998990
Event: 2223.582 Thread 0x00000162426e0650 flushing  nmethod 0x000001622aa9e510
Event: 2223.582 Thread 0x00000162426e0650 flushing  nmethod 0x000001622aaa4810
Event: 2223.583 Thread 0x00000162426e0650 flushing  nmethod 0x000001622aab1210
Event: 2223.591 Thread 0x00000162426e0650 flushing  nmethod 0x000001622aad1690
Event: 2223.591 Thread 0x00000162426e0650 flushing  nmethod 0x000001622aaebd90
Event: 2223.599 Thread 0x00000162426e0650 flushing  nmethod 0x000001622aaecd90
Event: 2223.599 Thread 0x00000162426e0650 flushing  nmethod 0x000001622ab49290
Event: 2223.600 Thread 0x00000162426e0650 flushing  nmethod 0x000001622ab6cc90
Event: 2223.600 Thread 0x00000162426e0650 flushing  nmethod 0x000001622ab76010
Event: 2223.600 Thread 0x00000162426e0650 flushing  nmethod 0x000001622abc2a90
Event: 2223.603 Thread 0x00000162426e0650 flushing  nmethod 0x000001622af0a290
Event: 2223.625 Thread 0x00000162426e0650 flushing  nmethod 0x000001622b241e90
Event: 2223.682 Thread 0x00000162426e0650 flushing  nmethod 0x000001622b273690
Event: 2223.698 Thread 0x00000162426e0650 flushing  nmethod 0x000001622b276990

Events (20 events):
Event: 2164.122 Thread 0x0000016270da86a0 Thread exited: 0x0000016270da86a0
Event: 2166.359 Thread 0x0000016276464ce0 Thread added: 0x0000016270e0b680
Event: 2166.541 Thread 0x000001627002e150 Thread added: 0x000001627091e570
Event: 2166.634 Thread 0x00000162700505f0 Thread added: 0x00000162716c40d0
Event: 2166.635 Thread 0x00000162700505f0 Thread added: 0x00000162716c5000
Event: 2169.091 Thread 0x000001626856a5c0 Thread added: 0x000001627002dc40
Event: 2172.120 Thread 0x0000016276466120 Thread exited: 0x0000016276466120
Event: 2174.594 Thread 0x00000162700505f0 Thread added: 0x000001626f5b8210
Event: 2174.596 Thread 0x00000162700505f0 Thread added: 0x000001626f5bb4b0
Event: 2174.596 Thread 0x00000162700505f0 Thread added: 0x000001626f5bb9c0
Event: 2174.599 Thread 0x00000162700505f0 Thread added: 0x000001626fb2c080
Event: 2174.600 Thread 0x00000162700505f0 Thread added: 0x0000016278ecac70
Event: 2181.454 Thread 0x000001626ef38da0 Thread exited: 0x000001626ef38da0
Event: 2181.454 Thread 0x0000016270e0b680 Thread exited: 0x0000016270e0b680
Event: 2186.515 Thread 0x000001626856c930 Thread exited: 0x000001626856c930
Event: 2198.429 Thread 0x000001626edb6070 Thread exited: 0x000001626edb6070
Event: 2198.429 Thread 0x0000016270da7c80 Thread exited: 0x0000016270da7c80
Event: 2198.430 Thread 0x0000016270da8190 Thread exited: 0x0000016270da8190
Event: 2219.599 Thread 0x00000162426ddd30 Thread added: 0x00000162767cda70
Event: 2219.625 Thread 0x00000162426ddd30 Thread added: 0x00000162767cdfc0


Dynamic libraries:
0x00007ff68c470000 - 0x00007ff68c47e000 	C:\Program Files\Microsoft\jdk-17.0.13.11-hotspot\bin\java.exe
0x00007ffb87a80000 - 0x00007ffb87ce9000 	C:\WINDOWS\SYSTEM32\ntdll.dll
0x00007ffb85fe0000 - 0x00007ffb860a9000 	C:\WINDOWS\System32\KERNEL32.DLL
0x00007ffb84f50000 - 0x00007ffb85343000 	C:\WINDOWS\System32\KERNELBASE.dll
0x00007ffb854f0000 - 0x00007ffb8563b000 	C:\WINDOWS\System32\ucrtbase.dll
0x00007ffb75e30000 - 0x00007ffb75e47000 	C:\Program Files\Microsoft\jdk-17.0.13.11-hotspot\bin\jli.dll
0x00007ffb75ed0000 - 0x00007ffb75eed000 	C:\Program Files\Microsoft\jdk-17.0.13.11-hotspot\bin\VCRUNTIME140.dll
0x00007ffb85860000 - 0x00007ffb85a24000 	C:\WINDOWS\System32\USER32.dll
0x00007ffb854c0000 - 0x00007ffb854e7000 	C:\WINDOWS\System32\win32u.dll
0x00007ffb7b430000 - 0x00007ffb7b6c3000 	C:\WINDOWS\WinSxS\amd64_microsoft.windows.common-controls_6595b64144ccf1df_6.0.26100.5074_none_3e0d6f78e32fd63f\COMCTL32.dll
0x00007ffb86d70000 - 0x00007ffb86d9b000 	C:\WINDOWS\System32\GDI32.dll
0x00007ffb86c80000 - 0x00007ffb86d29000 	C:\WINDOWS\System32\msvcrt.dll
0x00007ffb84d80000 - 0x00007ffb84ead000 	C:\WINDOWS\System32\gdi32full.dll
0x00007ffb84cd0000 - 0x00007ffb84d73000 	C:\WINDOWS\System32\msvcp_win.dll
0x00007ffb85c90000 - 0x00007ffb85cbf000 	C:\WINDOWS\System32\IMM32.DLL
0x00007ffb77300000 - 0x00007ffb7730c000 	C:\Program Files\Microsoft\jdk-17.0.13.11-hotspot\bin\vcruntime140_1.dll
0x00007ffb62bb0000 - 0x00007ffb62c3d000 	C:\Program Files\Microsoft\jdk-17.0.13.11-hotspot\bin\msvcp140.dll
0x00007ffb15960000 - 0x00007ffb165d1000 	C:\Program Files\Microsoft\jdk-17.0.13.11-hotspot\bin\server\jvm.dll
0x00007ffb85bd0000 - 0x00007ffb85c84000 	C:\WINDOWS\System32\ADVAPI32.dll
0x00007ffb87390000 - 0x00007ffb87436000 	C:\WINDOWS\System32\sechost.dll
0x00007ffb86b30000 - 0x00007ffb86c48000 	C:\WINDOWS\System32\RPCRT4.dll
0x00007ffb85d40000 - 0x00007ffb85db4000 	C:\WINDOWS\System32\WS2_32.dll
0x00007ffb7f1b0000 - 0x00007ffb7f1e5000 	C:\WINDOWS\SYSTEM32\WINMM.dll
0x00007ffb7f1f0000 - 0x00007ffb7f1fb000 	C:\WINDOWS\SYSTEM32\VERSION.dll
0x00007ffb84a70000 - 0x00007ffb84ace000 	C:\WINDOWS\SYSTEM32\POWRPROF.dll
0x00007ffb84a50000 - 0x00007ffb84a64000 	C:\WINDOWS\SYSTEM32\UMPDC.dll
0x00007ffb839f0000 - 0x00007ffb83a0b000 	C:\WINDOWS\SYSTEM32\kernel.appcore.dll
0x00007ffb771d0000 - 0x00007ffb771da000 	C:\Program Files\Microsoft\jdk-17.0.13.11-hotspot\bin\jimage.dll
0x00007ffb824c0000 - 0x00007ffb82702000 	C:\WINDOWS\SYSTEM32\DBGHELP.DLL
0x00007ffb86da0000 - 0x00007ffb8711b000 	C:\WINDOWS\System32\combase.dll
0x00007ffb85a30000 - 0x00007ffb85b07000 	C:\WINDOWS\System32\OLEAUT32.dll
0x00007ffb739a0000 - 0x00007ffb739dd000 	C:\WINDOWS\SYSTEM32\dbgcore.DLL
0x00007ffb84eb0000 - 0x00007ffb84f49000 	C:\WINDOWS\System32\bcryptPrimitives.dll
0x00007ffb68a60000 - 0x00007ffb68a6e000 	C:\Program Files\Microsoft\jdk-17.0.13.11-hotspot\bin\instrument.dll
0x00007ffb68cd0000 - 0x00007ffb68cf5000 	C:\Program Files\Microsoft\jdk-17.0.13.11-hotspot\bin\java.dll
0x00007ffb62a70000 - 0x00007ffb62b47000 	C:\Program Files\Microsoft\jdk-17.0.13.11-hotspot\bin\jsvml.dll
0x00007ffb86100000 - 0x00007ffb8684d000 	C:\WINDOWS\System32\SHELL32.dll
0x00007ffb85350000 - 0x00007ffb854bc000 	C:\WINDOWS\System32\wintypes.dll
0x00007ffb828b0000 - 0x00007ffb83109000 	C:\WINDOWS\SYSTEM32\windows.storage.dll
0x00007ffb86a30000 - 0x00007ffb86b20000 	C:\WINDOWS\System32\SHCORE.dll
0x00007ffb85cd0000 - 0x00007ffb85d32000 	C:\WINDOWS\System32\shlwapi.dll
0x00007ffb84b30000 - 0x00007ffb84b59000 	C:\WINDOWS\SYSTEM32\profapi.dll
0x00007ffb68c90000 - 0x00007ffb68ca8000 	C:\Program Files\Microsoft\jdk-17.0.13.11-hotspot\bin\zip.dll
0x00007ffb69940000 - 0x00007ffb6995a000 	C:\Program Files\Microsoft\jdk-17.0.13.11-hotspot\bin\net.dll
0x00007ffb79ed0000 - 0x00007ffb79fef000 	C:\WINDOWS\SYSTEM32\WINHTTP.dll
0x00007ffb83f70000 - 0x00007ffb83fdb000 	C:\WINDOWS\system32\mswsock.dll
0x00007ffb68cb0000 - 0x00007ffb68cc6000 	C:\Program Files\Microsoft\jdk-17.0.13.11-hotspot\bin\nio.dll
0x00007ffb75ec0000 - 0x00007ffb75ed0000 	C:\Program Files\Microsoft\jdk-17.0.13.11-hotspot\bin\verify.dll
0x00007ffb688a0000 - 0x00007ffb688c7000 	C:\Users\laxman\.gradle\native\1def1411415f61bf3af743bc5b6707747c0891f09f0c88961ee8f79bc544acac\windows-amd64\native-platform.dll
0x00007ffb66bb0000 - 0x00007ffb66c28000 	C:\Users\laxman\.gradle\native\0.2.7\x86_64-windows-gnu\gradle-fileevents.dll
0x00007ffb75df0000 - 0x00007ffb75dfa000 	C:\Program Files\Microsoft\jdk-17.0.13.11-hotspot\bin\management.dll
0x00007ffb69a10000 - 0x00007ffb69a1b000 	C:\Program Files\Microsoft\jdk-17.0.13.11-hotspot\bin\management_ext.dll
0x00007ffb86d60000 - 0x00007ffb86d68000 	C:\WINDOWS\System32\PSAPI.DLL
0x00007ffb83460000 - 0x00007ffb83494000 	C:\WINDOWS\SYSTEM32\IPHLPAPI.DLL
0x00007ffb87930000 - 0x00007ffb8793a000 	C:\WINDOWS\System32\NSI.dll
0x00007ffb7a030000 - 0x00007ffb7a04e000 	C:\WINDOWS\SYSTEM32\dhcpcsvc6.DLL
0x00007ffb7a000000 - 0x00007ffb7a023000 	C:\WINDOWS\SYSTEM32\dhcpcsvc.DLL
0x00007ffb83500000 - 0x00007ffb83626000 	C:\WINDOWS\SYSTEM32\DNSAPI.dll
0x00007ffb68c40000 - 0x00007ffb68c49000 	C:\Program Files\Microsoft\jdk-17.0.13.11-hotspot\bin\extnet.dll
0x00007ffb84220000 - 0x00007ffb8423b000 	C:\WINDOWS\SYSTEM32\CRYPTSP.dll
0x00007ffb83950000 - 0x00007ffb8398b000 	C:\WINDOWS\system32\rsaenh.dll
0x00007ffb84010000 - 0x00007ffb8403b000 	C:\WINDOWS\SYSTEM32\USERENV.dll
0x00007ffb84b00000 - 0x00007ffb84b26000 	C:\WINDOWS\SYSTEM32\bcrypt.dll
0x00007ffb84210000 - 0x00007ffb8421c000 	C:\WINDOWS\SYSTEM32\CRYPTBASE.dll
0x00007ffb68a50000 - 0x00007ffb68a5e000 	C:\Program Files\Microsoft\jdk-17.0.13.11-hotspot\bin\sunmscapi.dll
0x00007ffb85640000 - 0x00007ffb857b7000 	C:\WINDOWS\System32\CRYPT32.dll
0x00007ffb843b0000 - 0x00007ffb843e0000 	C:\WINDOWS\SYSTEM32\ncrypt.dll
0x00007ffb84360000 - 0x00007ffb8439f000 	C:\WINDOWS\SYSTEM32\NTASN1.dll
0x00007ffb5ec50000 - 0x00007ffb5ec58000 	C:\WINDOWS\system32\wshunix.dll
0x00007ffb83b10000 - 0x00007ffb83b46000 	C:\WINDOWS\SYSTEM32\ntmarta.dll
0x00007ffb698e0000 - 0x00007ffb698e7000 	C:\Program Files\Microsoft\jdk-17.0.13.11-hotspot\bin\rmi.dll
0x00007ffb81900000 - 0x00007ffb8199e000 	C:\WINDOWS\system32\apphelp.dll

dbghelp: loaded successfully - version: 4.0.5 - missing functions: none
symbol engine: initialized successfully - sym options: 0x614 - pdb path: .;C:\Program Files\Microsoft\jdk-17.0.13.11-hotspot\bin;C:\WINDOWS\SYSTEM32;C:\WINDOWS\WinSxS\amd64_microsoft.windows.common-controls_6595b64144ccf1df_6.0.26100.5074_none_3e0d6f78e32fd63f;C:\Program Files\Microsoft\jdk-17.0.13.11-hotspot\bin\server;C:\Users\laxman\.gradle\native\1def1411415f61bf3af743bc5b6707747c0891f09f0c88961ee8f79bc544acac\windows-amd64;C:\Users\laxman\.gradle\native\0.2.7\x86_64-windows-gnu

VM Arguments:
jvm_args: --add-opens=java.base/java.lang=ALL-UNNAMED --add-opens=java.base/java.lang.invoke=ALL-UNNAMED --add-opens=java.base/java.util=ALL-UNNAMED --add-opens=java.prefs/java.util.prefs=ALL-UNNAMED --add-exports=jdk.compiler/com.sun.tools.javac.api=ALL-UNNAMED --add-exports=jdk.compiler/com.sun.tools.javac.util=ALL-UNNAMED --add-opens=java.base/java.util=ALL-UNNAMED --add-opens=java.prefs/java.util.prefs=ALL-UNNAMED --add-opens=java.base/java.nio.charset=ALL-UNNAMED --add-opens=java.base/java.net=ALL-UNNAMED --add-opens=java.base/java.util.concurrent.atomic=ALL-UNNAMED --add-opens=java.xml/javax.xml.namespace=ALL-UNNAMED -XX:MaxMetaspaceSize=512m -Xmx4096m -Dfile.encoding=windows-1252 -Duser.country=IN -Duser.language=en -Duser.variant -javaagent:C:\Users\laxman\.gradle\wrapper\dists\gradle-8.14.3-bin\cv11ve7ro1n3o1j4so8xd9n66\gradle-8.14.3\lib\agents\gradle-instrumentation-agent-8.14.3.jar 
java_command: org.gradle.launcher.daemon.bootstrap.GradleDaemon 8.14.3
java_class_path (initial): C:\Users\laxman\.gradle\wrapper\dists\gradle-8.14.3-bin\cv11ve7ro1n3o1j4so8xd9n66\gradle-8.14.3\lib\gradle-daemon-main-8.14.3.jar
Launcher Type: SUN_STANDARD

[Global flags]
     intx CICompilerCount                          = 4                                         {product} {ergonomic}
   size_t CompressedClassSpaceSize                 = 436207616                                 {product} {ergonomic}
     uint ConcGCThreads                            = 3                                         {product} {ergonomic}
     uint G1ConcRefinementThreads                  = 10                                        {product} {ergonomic}
   size_t G1HeapRegionSize                         = 2097152                                   {product} {ergonomic}
    uintx GCDrainStackTargetSize                   = 64                                        {product} {ergonomic}
   size_t InitialHeapSize                          = 98566144                                  {product} {ergonomic}
   size_t MarkStackSize                            = 4194304                                   {product} {ergonomic}
   size_t MaxHeapSize                              = 4294967296                                {product} {command line}
   size_t MaxMetaspaceSize                         = 536870912                                 {product} {command line}
   size_t MaxNewSize                               = 2575302656                                {product} {ergonomic}
   size_t MinHeapDeltaBytes                        = 2097152                                   {product} {ergonomic}
   size_t MinHeapSize                              = 8388608                                   {product} {ergonomic}
    uintx NonNMethodCodeHeapSize                   = 5839372                                {pd product} {ergonomic}
    uintx NonProfiledCodeHeapSize                  = 122909434                              {pd product} {ergonomic}
    uintx ProfiledCodeHeapSize                     = 122909434                              {pd product} {ergonomic}
    uintx ReservedCodeCacheSize                    = 251658240                              {pd product} {ergonomic}
     bool SegmentedCodeCache                       = true                                      {product} {ergonomic}
   size_t SoftMaxHeapSize                          = 4294967296                             {manageable} {ergonomic}
     bool UseCompressedClassPointers               = true                           {product lp64_product} {ergonomic}
     bool UseCompressedOops                        = true                           {product lp64_product} {ergonomic}
     bool UseG1GC                                  = true                                      {product} {ergonomic}
     bool UseLargePagesIndividualAllocation        = false                                  {pd product} {ergonomic}

Logging:
Log output configuration:
 #0: stdout all=warning uptime,level,tags
 #1: stderr all=off uptime,level,tags

Environment Variables:
JAVA_HOME=C:\Program Files\Microsoft\jdk-17.0.13.11-hotspot
PATH=C:\Users\laxman\bin;C:\Program Files\Git\mingw64\bin;C:\Program Files\Git\usr\local\bin;C:\Program Files\Git\usr\bin;C:\Program Files\Git\usr\bin;C:\Program Files\Git\mingw64\bin;C:\Program Files\Git\usr\bin;C:\Users\laxman\bin;C:\WINDOWS\system32;C:\WINDOWS;C:\WINDOWS\System32\Wbem;C:\WINDOWS\System32\WindowsPowerShell\v1.0;C:\WINDOWS\System32\OpenSSH;C:\Program Files\Git\cmd;C:\ProgramData\chocolatey\bin;C:\Users\laxman\AppData\Local\Android\Sdk\platforms;C:\Users\laxman\AppData\Local\Android\Sdk;C:\Users\laxman\AppData\Local\Android\Sdk\platform-tools;C:\Users\laxman\AppData\Local\Android\Sdk\build-tools;C:\Users\laxman\AppData\Local\Android\Sdk\emulator;C:\Program Files\Microsoft\jdk-17.0.13.11-hotspot\bin;C:\Program Files\nodejs;C:\Users\laxman\AppData\Local\Android\Sdk\tools;C:\Users\laxman\AppData\Local\Microsoft\WindowsApps;C:\Users\laxman\AppData\Local\Programs\Microsoft VS Code\bin;C:\jdk-20\bin;C:\Users\laxman\AppData\Local\Android\Sdk;C:\Users\laxman\AppData\Local\Android\Sdk\platform-tools;C:\Users\laxman\AppData\Local\Android\Sdk\emulator;C:\Users\laxman\AppData\Local\Android\Sdk\build-tools;C:\Users\laxman\AppData\Local\Android\Sdk\platforms;C:\Program Files\Microsoft\jdk-17.0.13.11-hotspot\bin;C:\Users\laxman\AppData\Roaming\npm;C:\Program Files\Git\usr\bin\vendor_perl;C:\Program Files\Git\usr\bin\core_perl
USERNAME=laxman
SHELL=C:\Program Files\Git\usr\bin\bash.exe
DISPLAY=needs-to-be-defined
LANG=en_US.UTF-8
TERM=xterm-256color
TMPDIR=C:\Users\laxman\AppData\Local\Temp
OS=Windows_NT
PROCESSOR_IDENTIFIER=AMD64 Family 23 Model 104 Stepping 1, AuthenticAMD
TMP=C:\Users\laxman\AppData\Local\Temp
TEMP=C:\Users\laxman\AppData\Local\Temp



Periodic native trim disabled


---------------  S Y S T E M  ---------------

OS:
 Windows 11 , 64 bit Build 26100 (10.0.26100.5074)
OS uptime: 2 days 12:53 hours

CPU: total 12 (initial active 12) (12 cores per cpu, 2 threads per core) family 23 model 104 stepping 1 microcode 0x8608103, cx8, cmov, fxsr, ht, mmx, 3dnowpref, sse, sse2, sse3, ssse3, sse4a, sse4.1, sse4.2, popcnt, lzcnt, tsc, tscinvbit, avx, avx2, aes, clmul, bmi1, bmi2, adx, sha, fma, vzeroupper, clflush, clflushopt
Processor Information for processor 0
  Max Mhz: 2100, Current Mhz: 2100, Mhz Limit: 2100
Processor Information for processor 1
  Max Mhz: 2100, Current Mhz: 1988, Mhz Limit: 2100
Processor Information for processor 2
  Max Mhz: 2100, Current Mhz: 2100, Mhz Limit: 2100
Processor Information for processor 3
  Max Mhz: 2100, Current Mhz: 1988, Mhz Limit: 2100
Processor Information for processor 4
  Max Mhz: 2100, Current Mhz: 1988, Mhz Limit: 2100
Processor Information for processor 5
  Max Mhz: 2100, Current Mhz: 2100, Mhz Limit: 2100
Processor Information for processor 6
  Max Mhz: 2100, Current Mhz: 2100, Mhz Limit: 2100
Processor Information for processor 7
  Max Mhz: 2100, Current Mhz: 1988, Mhz Limit: 2100
Processor Information for processor 8
  Max Mhz: 2100, Current Mhz: 2100, Mhz Limit: 2100
Processor Information for processor 9
  Max Mhz: 2100, Current Mhz: 1988, Mhz Limit: 2100
Processor Information for processor 10
  Max Mhz: 2100, Current Mhz: 1988, Mhz Limit: 2100
Processor Information for processor 11
  Max Mhz: 2100, Current Mhz: 1988, Mhz Limit: 2100

Memory: 4k page, system-wide physical 5989M (136M free)
TotalPageFile size 24421M (AvailPageFile size 871M)
current process WorkingSet (physical memory assigned to process): 929M, peak: 1180M
current process commit charge ("private bytes"): 2444M, peak: 3512M

vm_info: OpenJDK 64-Bit Server VM (17.0.13+11-LTS) for windows-amd64 JRE (17.0.13+11-LTS), built on Oct 11 2024 23:25:05 by "MicrosoftCorporation" with unknown MS VC++:1939

END.
