#
# There is insufficient memory for the Java Runtime Environment to continue.
# Native memory allocation (mmap) failed to map 859832320 bytes. Error detail: G1 virtual space
# Possible reasons:
#   The system is out of physical RAM or swap space
#   This process is running with CompressedOops enabled, and the Java Heap may be blocking the growth of the native heap
# Possible solutions:
#   Reduce memory load on the system
#   Increase physical memory or swap space
#   Check if swap backing store is full
#   Decrease Java heap size (-Xmx/-Xms)
#   Decrease number of Java threads
#   Decrease Java thread stack sizes (-Xss)
#   Set larger code cache with -XX:ReservedCodeCacheSize=
#   JVM is running with Zero Based Compressed Oops mode in which the Java heap is
#     placed in the first 32GB address space. The Java Heap base address is the
#     maximum limit for the native heap growth. Please use -XX:HeapBaseMinAddress
#     to set the Java Heap base and to place the Java Heap above 32GB virtual address.
# This output file may be truncated or incomplete.
#
#  Out of Memory Error (os_windows.cpp:3679), pid=10092, tid=10116
#
# JRE version: OpenJDK Runtime Environment Microsoft-10376486 (17.0.13+11) (build 17.0.13+11-LTS)
# Java VM: OpenJDK 64-Bit Server VM Microsoft-10376486 (17.0.13+11-LTS, mixed mode, sharing, tiered, compressed oops, compressed class ptrs, g1 gc, windows-amd64)
# No core dump will be written. Minidumps are not enabled by default on client versions of Windows
#

---------------  S U M M A R Y ------------

Command Line: --add-opens=java.base/java.lang=ALL-UNNAMED --add-opens=java.base/java.lang.invoke=ALL-UNNAMED --add-opens=java.base/java.util=ALL-UNNAMED --add-opens=java.prefs/java.util.prefs=ALL-UNNAMED --add-exports=jdk.compiler/com.sun.tools.javac.api=ALL-UNNAMED --add-exports=jdk.compiler/com.sun.tools.javac.util=ALL-UNNAMED --add-opens=java.base/java.util=ALL-UNNAMED --add-opens=java.prefs/java.util.prefs=ALL-UNNAMED --add-opens=java.base/java.nio.charset=ALL-UNNAMED --add-opens=java.base/java.net=ALL-UNNAMED --add-opens=java.base/java.util.concurrent.atomic=ALL-UNNAMED --add-opens=java.xml/javax.xml.namespace=ALL-UNNAMED -XX:MaxMetaspaceSize=512m -Xmx4096m -Dfile.encoding=windows-1252 -Duser.country=IN -Duser.language=en -Duser.variant -javaagent:C:\Users\laxman\.gradle\wrapper\dists\gradle-8.14.3-bin\cv11ve7ro1n3o1j4so8xd9n66\gradle-8.14.3\lib\agents\gradle-instrumentation-agent-8.14.3.jar org.gradle.launcher.daemon.bootstrap.GradleDaemon 8.14.3

Host: AMD Ryzen 5 5500U with Radeon Graphics         , 12 cores, 5G,  Windows 11 , 64 bit Build 26100 (10.0.26100.5074)
Time: Mon Oct  6 21:26:17 2025 India Standard Time elapsed time: 867.430439 seconds (0d 0h 14m 27s)

---------------  T H R E A D  ---------------

Current thread (0x00000228ffa1d810):  VMThread "VM Thread" [stack: 0x0000004c17100000,0x0000004c17200000] [id=10116]

Stack: [0x0000004c17100000,0x0000004c17200000]
Native frames: (J=compiled Java code, j=interpreted, Vv=VM code, C=native code)
V  [jvm.dll+0x687fc9]
V  [jvm.dll+0x83eeb8]
V  [jvm.dll+0x840963]
V  [jvm.dll+0x840fd3]
V  [jvm.dll+0x24951f]
V  [jvm.dll+0x684f89]
V  [jvm.dll+0x6794aa]
V  [jvm.dll+0x30ad27]
V  [jvm.dll+0x312296]
V  [jvm.dll+0x362bde]
V  [jvm.dll+0x362e1d]
V  [jvm.dll+0x2e1fbc]
V  [jvm.dll+0x2e0369]
V  [jvm.dll+0x2dfacc]
V  [jvm.dll+0x32267b]
V  [jvm.dll+0x84580d]
V  [jvm.dll+0x846543]
V  [jvm.dll+0x846a6f]
V  [jvm.dll+0x846e54]
V  [jvm.dll+0x846f1e]
V  [jvm.dll+0x7eea6c]
V  [jvm.dll+0x686ea7]
C  [ucrtbase.dll+0x37b0]
C  [KERNEL32.DLL+0x2e8d7]
C  [ntdll.dll+0x8d9c]

VM_Operation (0x0000004c1d9fb500): G1CollectForAllocation, mode: safepoint, requested by thread 0x00000228c5c2b1f0


---------------  P R O C E S S  ---------------

Threads class SMR info:
_java_thread_list=0x00000228db1d3140, length=272, elements={
0x00000228fb1a1560, 0x00000228ffa21fa0, 0x00000228ffa22a70, 0x00000228ffa3bd10,
0x00000228ffa3e5f0, 0x00000228ffa40ed0, 0x00000228ffa417a0, 0x00000228ffa46b60,
0x00000228ffa4d0a0, 0x00000228ffa4e300, 0x00000228ffa0f350, 0x000002289eceb490,
0x00000228bf1ecff0, 0x00000228bf1ea770, 0x00000228bf1eac80, 0x00000228bf1eda10,
0x00000228bf1eb190, 0x00000228bf1ecae0, 0x00000228bfe77230, 0x00000228bfe78670,
0x00000228bfe7a9e0, 0x00000228bfe79090, 0x00000228be95a270, 0x00000228be959850,
0x00000228c1fb7b00, 0x00000228c4914610, 0x00000228c4915030, 0x00000228c194cdf0,
0x00000228c194af90, 0x00000228c194c8e0, 0x00000228c4a407e0, 0x00000228c4a40cf0,
0x00000228c4a3fdc0, 0x00000228c4a444a0, 0x00000228c4a43a80, 0x00000228c4a43f90,
0x00000228c6027e20, 0x00000228c6025ab0, 0x00000228c60255a0, 0x00000228c6028d50,
0x00000228c6027400, 0x00000228c6029260, 0x00000228c6029770, 0x00000228c6025fc0,
0x00000228c6029c80, 0x00000228c60264d0, 0x00000228c602a190, 0x00000228c602b5d0,
0x00000228c602cf20, 0x00000228c602de50, 0x00000228c602abb0, 0x00000228c602d430,
0x00000228c602d940, 0x00000228c602b0c0, 0x00000228c602bae0, 0x00000228c602bff0,
0x00000228c602a6a0, 0x00000228c602ed80, 0x00000228c602c500, 0x00000228c602e360,
0x00000228c60301c0, 0x00000228c602e870, 0x00000228c602f7a0, 0x00000228c602ca10,
0x00000228c60306d0, 0x00000228c6030be0, 0x00000228c60310f0, 0x00000228c602fcb0,
0x00000228c6031600, 0x00000228c6031b10, 0x00000228c6032020, 0x00000228c6032530,
0x00000228c6032a40, 0x00000228c602f290, 0x00000228c6032f50, 0x00000228c6033460,
0x00000228c6033970, 0x00000228c6033e80, 0x00000228c6034390, 0x00000228c60348a0,
0x00000228c11774a0, 0x00000228c1176f90, 0x00000228c1177ec0, 0x00000228c11783d0,
0x00000228c1178df0, 0x00000228c11788e0, 0x00000228c1179300, 0x00000228c1179810,
0x00000228c1176a80, 0x00000228c1176060, 0x00000228c1179d20, 0x00000228c1176570,
0x00000228c117b160, 0x00000228c117cab0, 0x00000228c117a230, 0x00000228c117bb80,
0x00000228c117c090, 0x00000228c117d4d0, 0x00000228c117c5a0, 0x00000228c117d9e0,
0x00000228c117a740, 0x00000228c117ac50, 0x00000228c117b670, 0x00000228c490ff30,
0x00000228c490eaf0, 0x00000228c49127b0, 0x00000228c4910440, 0x00000228c49122a0,
0x00000228c4911d90, 0x00000228c4910e60, 0x00000228c490f000, 0x00000228c4910950,
0x00000228c4911370, 0x00000228c4911880, 0x00000228c4912cc0, 0x00000228c490f510,
0x00000228c490fa20, 0x00000228c49131d0, 0x00000228c4916470, 0x00000228c4915540,
0x00000228c49136e0, 0x00000228c4913bf0, 0x00000228c4914b20, 0x00000228c4914100,
0x00000228be959340, 0x00000228be956ac0, 0x00000228be958410, 0x00000228be956fd0,
0x00000228be95b1a0, 0x00000228be95ac90, 0x00000228be9579f0, 0x00000228be957f00,
0x00000228be95da20, 0x00000228be95bbc0, 0x00000228be95df30, 0x00000228be95e440,
0x00000228be95d510, 0x00000228be95b6b0, 0x00000228be95d000, 0x00000228be95c5e0,
0x00000228be95c0d0, 0x00000228c1fbada0, 0x00000228c1fb8520, 0x00000228c1fbbcd0,
0x00000228c1fb8a30, 0x00000228c1fbd110, 0x00000228c1fbc6f0, 0x00000228c1fbd620,
0x00000228c1fbdb30, 0x00000228c1fbe040, 0x00000228c1fbe550, 0x00000228c194d810,
0x00000228c194a570, 0x00000228c194bec0, 0x00000228c194b4a0, 0x00000228c194c3d0,
0x00000228c194b9b0, 0x00000228bf1ed500, 0x00000228bf1eb6a0, 0x00000228bf1ebbb0,
0x00000228bf1edf20, 0x00000228bf1ec0c0, 0x00000228bf1ec5d0, 0x00000228bfe79ab0,
0x00000228bfe78b80, 0x00000228bfe77c50, 0x00000228c4a3e980, 0x00000228c4a3da50,
0x00000228be95caf0, 0x00000228c5c1d330, 0x00000228c5c1f6a0, 0x00000228c5c1e260,
0x00000228c5c200c0, 0x00000228c5c1e770, 0x00000228c5c1fbb0, 0x00000228c5c205d0,
0x00000228c5c1f190, 0x00000228c5c1ce20, 0x00000228c5c20ff0, 0x00000228c5c20ae0,
0x00000228c5c1dd50, 0x00000228c5c1ec80, 0x00000228c5c1d840, 0x00000228c5c21a10,
0x00000228c5c22430, 0x00000228c5c28460, 0x00000228c5c28970, 0x00000228c5c2a2c0,
0x00000228c5c2a7d0, 0x00000228c5c27f50, 0x00000228c5c2b1f0, 0x00000228c5c2c120,
0x00000228c1fb75f0, 0x00000228c1fb6bd0, 0x00000228c4a43060, 0x00000228c6026ef0,
0x00000228c6025090, 0x00000228c5c28e80, 0x00000228c5c298a0, 0x00000228c1addca0,
0x00000228c1ada4f0, 0x00000228c1ade1b0, 0x00000228c1adaa00, 0x00000228c1ae0f40,
0x00000228c1adebd0, 0x00000228c1ade6c0, 0x00000228c1ae1e70, 0x00000228c1ae0a30,
0x00000228c1ae1450, 0x00000228c1ae2890, 0x00000228c1adfb00, 0x00000228c16d9340,
0x00000228c16e2b20, 0x00000228c16e4470, 0x00000228c16e3030, 0x00000228c16e3540,
0x00000228c16e1bf0, 0x00000228c16e4980, 0x00000228c16e11d0, 0x00000228c16e3f60,
0x00000228c16e4e90, 0x00000228c16e2610, 0x00000228c16e3a50, 0x00000228c16e16e0,
0x00000228c16e53a0, 0x00000228c16e7710, 0x00000228c16e5dc0, 0x00000228c16e7200,
0x00000228c16e62d0, 0x00000228c1adaf10, 0x00000228c1adf0e0, 0x00000228c1adf5f0,
0x00000228c1adc350, 0x00000228c1ae2380, 0x00000228c1ae0520, 0x00000228c1ae41e0,
0x00000228c1ae46f0, 0x00000228c1ae2da0, 0x00000228c1ae4c00, 0x00000228c1ae5110,
0x00000228c1ae88c0, 0x00000228d46f5950, 0x00000228d46f5440, 0x00000228cf04a700,
0x00000228d46a8570, 0x00000228ce719020, 0x00000228ce9552b0, 0x00000228ce682ed0,
0x00000228c3970a20, 0x00000228cf04ac10, 0x00000228c3971440, 0x00000228d7077ef0,
0x00000228c06bdbc0, 0x00000228d46a8060, 0x00000228c57fff00, 0x00000228d46a99b0,
0x00000228c3627f70, 0x00000228c06be5e0, 0x00000228c3ce0df0, 0x00000228cf1510d0,
0x00000228cf333e80, 0x00000228d75860a0, 0x00000228ce1f7460, 0x00000228d7076ab0,
0x00000228d46aadf0, 0x00000228d46ab300, 0x00000228d7c3fcd0, 0x00000228d77c3d20,
0x00000228d77c4230, 0x00000228ce954da0, 0x00000228c06bd1a0, 0x00000228ce106550
}

Java Threads: ( => current thread )
  0x00000228fb1a1560 JavaThread "main" [_thread_blocked, id=9288, stack(0x0000004c16b00000,0x0000004c16c00000)]
  0x00000228ffa21fa0 JavaThread "Reference Handler" daemon [_thread_blocked, id=1444, stack(0x0000004c17200000,0x0000004c17300000)]
  0x00000228ffa22a70 JavaThread "Finalizer" daemon [_thread_blocked, id=27500, stack(0x0000004c17300000,0x0000004c17400000)]
  0x00000228ffa3bd10 JavaThread "Signal Dispatcher" daemon [_thread_blocked, id=1056, stack(0x0000004c17400000,0x0000004c17500000)]
  0x00000228ffa3e5f0 JavaThread "Attach Listener" daemon [_thread_blocked, id=28668, stack(0x0000004c17500000,0x0000004c17600000)]
  0x00000228ffa40ed0 JavaThread "Service Thread" daemon [_thread_blocked, id=19404, stack(0x0000004c17600000,0x0000004c17700000)]
  0x00000228ffa417a0 JavaThread "Monitor Deflation Thread" daemon [_thread_blocked, id=29276, stack(0x0000004c17700000,0x0000004c17800000)]
  0x00000228ffa46b60 JavaThread "C2 CompilerThread0" daemon [_thread_blocked, id=29740, stack(0x0000004c17800000,0x0000004c17900000)]
  0x00000228ffa4d0a0 JavaThread "C1 CompilerThread0" daemon [_thread_blocked, id=34132, stack(0x0000004c17900000,0x0000004c17a00000)]
  0x00000228ffa4e300 JavaThread "Sweeper thread" daemon [_thread_blocked, id=17560, stack(0x0000004c17a00000,0x0000004c17b00000)]
  0x00000228ffa0f350 JavaThread "Common-Cleaner" daemon [_thread_blocked, id=31072, stack(0x0000004c17b00000,0x0000004c17c00000)]
  0x000002289eceb490 JavaThread "Notification Thread" daemon [_thread_blocked, id=32512, stack(0x0000004c17c00000,0x0000004c17d00000)]
  0x00000228bf1ecff0 JavaThread "Daemon health stats" [_thread_blocked, id=29744, stack(0x0000004c18300000,0x0000004c18400000)]
  0x00000228bf1ea770 JavaThread "Incoming local TCP Connector on port 61287" [_thread_in_native, id=34276, stack(0x0000004c18400000,0x0000004c18500000)]
  0x00000228bf1eac80 JavaThread "Daemon periodic checks" [_thread_blocked, id=22092, stack(0x0000004c18500000,0x0000004c18600000)]
  0x00000228bf1eda10 JavaThread "Daemon" [_thread_blocked, id=34536, stack(0x0000004c18600000,0x0000004c18700000)]
  0x00000228bf1eb190 JavaThread "Daemon worker" [_thread_blocked, id=20400, stack(0x0000004c18900000,0x0000004c18a00000)]
  0x00000228bf1ecae0 JavaThread "Cache worker for journal cache (C:\Users\laxman\.gradle\caches\journal-1)" [_thread_blocked, id=31908, stack(0x0000004c19200000,0x0000004c19300000)]
  0x00000228bfe77230 JavaThread "File lock request listener" [_thread_in_native, id=34688, stack(0x0000004c19300000,0x0000004c19400000)]
  0x00000228bfe78670 JavaThread "Cache worker for file hash cache (C:\Users\laxman\.gradle\caches\8.14.3\fileHashes)" [_thread_blocked, id=31724, stack(0x0000004c19400000,0x0000004c19500000)]
  0x00000228bfe7a9e0 JavaThread "File watcher server" daemon [_thread_blocked, id=18864, stack(0x0000004c19900000,0x0000004c19a00000)]
  0x00000228bfe79090 JavaThread "File watcher consumer" daemon [_thread_blocked, id=12092, stack(0x0000004c19a00000,0x0000004c19b00000)]
  0x00000228be95a270 JavaThread "jar transforms" [_thread_blocked, id=10948, stack(0x0000004c19b00000,0x0000004c19c00000)]
  0x00000228be959850 JavaThread "Cache worker for file content cache (C:\Users\laxman\.gradle\caches\8.14.3\fileContent)" [_thread_blocked, id=28308, stack(0x0000004c19d00000,0x0000004c19e00000)]
  0x00000228c1fb7b00 JavaThread "Memory manager" [_thread_blocked, id=32964, stack(0x0000004c1ca00000,0x0000004c1cb00000)]
  0x00000228c4914610 JavaThread "jar transforms Thread 2" [_thread_blocked, id=6436, stack(0x0000004c1b200000,0x0000004c1b300000)]
  0x00000228c4915030 JavaThread "jar transforms Thread 3" [_thread_blocked, id=30532, stack(0x0000004c23200000,0x0000004c23300000)]
  0x00000228c194cdf0 JavaThread "jar transforms Thread 4" [_thread_blocked, id=6320, stack(0x0000004c23a00000,0x0000004c23b00000)]
  0x00000228c194af90 JavaThread "jar transforms Thread 5" [_thread_blocked, id=27220, stack(0x0000004c23100000,0x0000004c23200000)]
  0x00000228c194c8e0 JavaThread "jar transforms Thread 6" [_thread_blocked, id=28680, stack(0x0000004c23900000,0x0000004c23a00000)]
  0x00000228c4a407e0 JavaThread "jar transforms Thread 7" [_thread_blocked, id=8144, stack(0x0000004c23d00000,0x0000004c23e00000)]
  0x00000228c4a40cf0 JavaThread "jar transforms Thread 8" [_thread_blocked, id=29208, stack(0x0000004c23e00000,0x0000004c23f00000)]
  0x00000228c4a3fdc0 JavaThread "jar transforms Thread 9" [_thread_blocked, id=34396, stack(0x0000004c24000000,0x0000004c24100000)]
  0x00000228c4a444a0 JavaThread "jar transforms Thread 10" [_thread_blocked, id=29336, stack(0x0000004c24100000,0x0000004c24200000)]
  0x00000228c4a43a80 JavaThread "jar transforms Thread 11" [_thread_blocked, id=34436, stack(0x0000004c24200000,0x0000004c24300000)]
  0x00000228c4a43f90 JavaThread "jar transforms Thread 12" [_thread_blocked, id=30340, stack(0x0000004c24300000,0x0000004c24400000)]
  0x00000228c6027e20 JavaThread "pool-3-thread-1" [_thread_blocked, id=20512, stack(0x0000004c24c00000,0x0000004c24d00000)]
  0x00000228c6025ab0 JavaThread "Handler for socket connection from /127.0.0.1:61287 to /127.0.0.1:61294" [_thread_in_native, id=29784, stack(0x0000004c16800000,0x0000004c16900000)]
  0x00000228c60255a0 JavaThread "Cancel handler" [_thread_blocked, id=27940, stack(0x0000004c16900000,0x0000004c16a00000)]
  0x00000228c6028d50 JavaThread "Asynchronous log dispatcher for DefaultDaemonConnection: socket connection from /127.0.0.1:61287 to /127.0.0.1:61294" [_thread_blocked, id=30300, stack(0x0000004c16a00000,0x0000004c16b00000)]
  0x00000228c6027400 JavaThread "Stdin handler" [_thread_blocked, id=34832, stack(0x0000004c18700000,0x0000004c18800000)]
  0x00000228c6029260 JavaThread "Daemon client event forwarder" [_thread_blocked, id=35732, stack(0x0000004c18800000,0x0000004c18900000)]
  0x00000228c6029770 JavaThread "Cache worker for file hash cache (C:\sttribe_Internship\sttribe-app\android\.gradle\8.14.3\fileHashes)" [_thread_blocked, id=23568, stack(0x0000004c18a00000,0x0000004c18b00000)]
  0x00000228c6025fc0 JavaThread "Cache worker for Build Output Cleanup Cache (C:\sttribe_Internship\sttribe-app\android\.gradle\buildOutputCleanup)" [_thread_blocked, id=2748, stack(0x0000004c18b00000,0x0000004c18c00000)]
  0x00000228c6029c80 JavaThread "Cache worker for checksums cache (C:\sttribe_Internship\sttribe-app\android\.gradle\8.14.3\checksums)" [_thread_blocked, id=26792, stack(0x0000004c19600000,0x0000004c19700000)]
  0x00000228c60264d0 JavaThread "Cache worker for cache directory md-supplier (C:\Users\laxman\.gradle\caches\8.14.3\md-supplier)" [_thread_blocked, id=25360, stack(0x0000004c19c00000,0x0000004c19d00000)]
  0x00000228c602a190 JavaThread "Cache worker for cache directory md-rule (C:\Users\laxman\.gradle\caches\8.14.3\md-rule)" [_thread_blocked, id=33756, stack(0x0000004c19e00000,0x0000004c19f00000)]
  0x00000228c602b5d0 JavaThread "Cache worker for Build Output Cleanup Cache (C:\sttribe_Internship\sttribe-app\node_modules\@react-native\gradle-plugin\.gradle\buildOutputCleanup)" [_thread_blocked, id=31508, stack(0x0000004c19f00000,0x0000004c1a000000)]
  0x00000228c602cf20 JavaThread "Unconstrained build operations" [_thread_blocked, id=34280, stack(0x0000004c1a000000,0x0000004c1a100000)]
  0x00000228c602de50 JavaThread "Unconstrained build operations Thread 2" [_thread_blocked, id=32228, stack(0x0000004c1a200000,0x0000004c1a300000)]
  0x00000228c602abb0 JavaThread "Unconstrained build operations Thread 3" [_thread_blocked, id=25160, stack(0x0000004c1a300000,0x0000004c1a400000)]
  0x00000228c602d430 JavaThread "Unconstrained build operations Thread 4" [_thread_blocked, id=18560, stack(0x0000004c1a400000,0x0000004c1a500000)]
  0x00000228c602d940 JavaThread "Unconstrained build operations Thread 5" [_thread_blocked, id=31528, stack(0x0000004c1a500000,0x0000004c1a600000)]
  0x00000228c602b0c0 JavaThread "Unconstrained build operations Thread 6" [_thread_blocked, id=34116, stack(0x0000004c1a600000,0x0000004c1a700000)]
  0x00000228c602bae0 JavaThread "Unconstrained build operations Thread 7" [_thread_blocked, id=9164, stack(0x0000004c1a700000,0x0000004c1a800000)]
  0x00000228c602bff0 JavaThread "Unconstrained build operations Thread 8" [_thread_blocked, id=18288, stack(0x0000004c1a800000,0x0000004c1a900000)]
  0x00000228c602a6a0 JavaThread "Unconstrained build operations Thread 9" [_thread_blocked, id=23696, stack(0x0000004c1a900000,0x0000004c1aa00000)]
  0x00000228c602ed80 JavaThread "Unconstrained build operations Thread 10" [_thread_blocked, id=33500, stack(0x0000004c1aa00000,0x0000004c1ab00000)]
  0x00000228c602c500 JavaThread "Unconstrained build operations Thread 11" [_thread_blocked, id=23932, stack(0x0000004c1ab00000,0x0000004c1ac00000)]
  0x00000228c602e360 JavaThread "Unconstrained build operations Thread 12" [_thread_blocked, id=34020, stack(0x0000004c1ac00000,0x0000004c1ad00000)]
  0x00000228c60301c0 JavaThread "Unconstrained build operations Thread 13" [_thread_blocked, id=6584, stack(0x0000004c1ad00000,0x0000004c1ae00000)]
  0x00000228c602e870 JavaThread "Unconstrained build operations Thread 14" [_thread_blocked, id=26048, stack(0x0000004c1ae00000,0x0000004c1af00000)]
  0x00000228c602f7a0 JavaThread "Unconstrained build operations Thread 15" [_thread_blocked, id=11516, stack(0x0000004c1af00000,0x0000004c1b000000)]
  0x00000228c602ca10 JavaThread "Unconstrained build operations Thread 16" [_thread_blocked, id=30056, stack(0x0000004c1b000000,0x0000004c1b100000)]
  0x00000228c60306d0 JavaThread "Unconstrained build operations Thread 17" [_thread_blocked, id=5580, stack(0x0000004c1b100000,0x0000004c1b200000)]
  0x00000228c6030be0 JavaThread "Unconstrained build operations Thread 18" [_thread_blocked, id=7740, stack(0x0000004c1b300000,0x0000004c1b400000)]
  0x00000228c60310f0 JavaThread "Unconstrained build operations Thread 19" [_thread_blocked, id=23088, stack(0x0000004c1b400000,0x0000004c1b500000)]
  0x00000228c602fcb0 JavaThread "Unconstrained build operations Thread 20" [_thread_blocked, id=30420, stack(0x0000004c1b500000,0x0000004c1b600000)]
  0x00000228c6031600 JavaThread "Unconstrained build operations Thread 21" [_thread_blocked, id=22928, stack(0x0000004c1b600000,0x0000004c1b700000)]
  0x00000228c6031b10 JavaThread "Unconstrained build operations Thread 22" [_thread_blocked, id=29832, stack(0x0000004c1b700000,0x0000004c1b800000)]
  0x00000228c6032020 JavaThread "Unconstrained build operations Thread 23" [_thread_blocked, id=33484, stack(0x0000004c1b800000,0x0000004c1b900000)]
  0x00000228c6032530 JavaThread "Unconstrained build operations Thread 24" [_thread_blocked, id=35120, stack(0x0000004c1b900000,0x0000004c1ba00000)]
  0x00000228c6032a40 JavaThread "Unconstrained build operations Thread 25" [_thread_blocked, id=5844, stack(0x0000004c1ba00000,0x0000004c1bb00000)]
  0x00000228c602f290 JavaThread "Unconstrained build operations Thread 26" [_thread_blocked, id=7952, stack(0x0000004c1bb00000,0x0000004c1bc00000)]
  0x00000228c6032f50 JavaThread "build event listener" [_thread_blocked, id=29496, stack(0x0000004c1bc00000,0x0000004c1bd00000)]
  0x00000228c6033460 JavaThread "included builds" [_thread_blocked, id=4144, stack(0x0000004c1bd00000,0x0000004c1be00000)]
  0x00000228c6033970 JavaThread "Execution worker" [_thread_blocked, id=34260, stack(0x0000004c1be00000,0x0000004c1bf00000)]
  0x00000228c6033e80 JavaThread "Execution worker Thread 2" [_thread_blocked, id=31160, stack(0x0000004c1bf00000,0x0000004c1c000000)]
  0x00000228c6034390 JavaThread "Execution worker Thread 3" [_thread_blocked, id=2260, stack(0x0000004c1c000000,0x0000004c1c100000)]
  0x00000228c60348a0 JavaThread "Execution worker Thread 4" [_thread_blocked, id=3964, stack(0x0000004c1c100000,0x0000004c1c200000)]
  0x00000228c11774a0 JavaThread "Execution worker Thread 5" [_thread_blocked, id=15608, stack(0x0000004c1c200000,0x0000004c1c300000)]
  0x00000228c1176f90 JavaThread "Execution worker Thread 6" [_thread_blocked, id=32652, stack(0x0000004c1c300000,0x0000004c1c400000)]
  0x00000228c1177ec0 JavaThread "Execution worker Thread 7" [_thread_blocked, id=21372, stack(0x0000004c1c400000,0x0000004c1c500000)]
  0x00000228c11783d0 JavaThread "Execution worker Thread 8" [_thread_blocked, id=31636, stack(0x0000004c1c500000,0x0000004c1c600000)]
  0x00000228c1178df0 JavaThread "Execution worker Thread 9" [_thread_blocked, id=6464, stack(0x0000004c1c600000,0x0000004c1c700000)]
  0x00000228c11788e0 JavaThread "Execution worker Thread 10" [_thread_blocked, id=28128, stack(0x0000004c1c700000,0x0000004c1c800000)]
  0x00000228c1179300 JavaThread "Execution worker Thread 11" [_thread_blocked, id=3212, stack(0x0000004c1c800000,0x0000004c1c900000)]
  0x00000228c1179810 JavaThread "Cache worker for execution history cache (C:\sttribe_Internship\sttribe-app\node_modules\@react-native\gradle-plugin\.gradle\8.14.3\executionHistory)" [_thread_blocked, id=30076, stack(0x0000004c1c900000,0x0000004c1ca00000)]
  0x00000228c1176a80 JavaThread "Unconstrained build operations Thread 27" [_thread_blocked, id=22284, stack(0x0000004c1d000000,0x0000004c1d100000)]
  0x00000228c1176060 JavaThread "Unconstrained build operations Thread 28" [_thread_blocked, id=35688, stack(0x0000004c1d600000,0x0000004c1d700000)]
  0x00000228c1179d20 JavaThread "Unconstrained build operations Thread 29" [_thread_blocked, id=26312, stack(0x0000004c1d700000,0x0000004c1d800000)]
  0x00000228c1176570 JavaThread "Unconstrained build operations Thread 30" [_thread_blocked, id=23048, stack(0x0000004c1d800000,0x0000004c1d900000)]
  0x00000228c117b160 JavaThread "Unconstrained build operations Thread 31" [_thread_blocked, id=31088, stack(0x0000004c1da00000,0x0000004c1db00000)]
  0x00000228c117cab0 JavaThread "Unconstrained build operations Thread 32" [_thread_blocked, id=5340, stack(0x0000004c1db00000,0x0000004c1dc00000)]
  0x00000228c117a230 JavaThread "Unconstrained build operations Thread 33" [_thread_blocked, id=3236, stack(0x0000004c1dc00000,0x0000004c1dd00000)]
  0x00000228c117bb80 JavaThread "Unconstrained build operations Thread 34" [_thread_blocked, id=19816, stack(0x0000004c1dd00000,0x0000004c1de00000)]
  0x00000228c117c090 JavaThread "Unconstrained build operations Thread 35" [_thread_blocked, id=27844, stack(0x0000004c1de00000,0x0000004c1df00000)]
  0x00000228c117d4d0 JavaThread "Unconstrained build operations Thread 36" [_thread_blocked, id=30628, stack(0x0000004c1df00000,0x0000004c1e000000)]
  0x00000228c117c5a0 JavaThread "Unconstrained build operations Thread 37" [_thread_blocked, id=17792, stack(0x0000004c1e000000,0x0000004c1e100000)]
  0x00000228c117d9e0 JavaThread "Unconstrained build operations Thread 38" [_thread_blocked, id=10500, stack(0x0000004c1e100000,0x0000004c1e200000)]
  0x00000228c117a740 JavaThread "Unconstrained build operations Thread 39" [_thread_blocked, id=2432, stack(0x0000004c1e200000,0x0000004c1e300000)]
  0x00000228c117ac50 JavaThread "Unconstrained build operations Thread 40" [_thread_blocked, id=11096, stack(0x0000004c1e300000,0x0000004c1e400000)]
  0x00000228c117b670 JavaThread "Unconstrained build operations Thread 41" [_thread_blocked, id=13764, stack(0x0000004c1e400000,0x0000004c1e500000)]
  0x00000228c490ff30 JavaThread "Unconstrained build operations Thread 42" [_thread_blocked, id=12896, stack(0x0000004c1e500000,0x0000004c1e600000)]
  0x00000228c490eaf0 JavaThread "Unconstrained build operations Thread 43" [_thread_blocked, id=30900, stack(0x0000004c1e600000,0x0000004c1e700000)]
  0x00000228c49127b0 JavaThread "Unconstrained build operations Thread 44" [_thread_blocked, id=12756, stack(0x0000004c1e700000,0x0000004c1e800000)]
  0x00000228c4910440 JavaThread "Unconstrained build operations Thread 45" [_thread_blocked, id=30176, stack(0x0000004c1e800000,0x0000004c1e900000)]
  0x00000228c49122a0 JavaThread "Unconstrained build operations Thread 46" [_thread_blocked, id=8188, stack(0x0000004c1e900000,0x0000004c1ea00000)]
  0x00000228c4911d90 JavaThread "Unconstrained build operations Thread 47" [_thread_blocked, id=34044, stack(0x0000004c1ea00000,0x0000004c1eb00000)]
  0x00000228c4910e60 JavaThread "Unconstrained build operations Thread 48" [_thread_blocked, id=29812, stack(0x0000004c1eb00000,0x0000004c1ec00000)]
  0x00000228c490f000 JavaThread "Unconstrained build operations Thread 49" [_thread_blocked, id=35012, stack(0x0000004c1ec00000,0x0000004c1ed00000)]
  0x00000228c4910950 JavaThread "Unconstrained build operations Thread 50" [_thread_blocked, id=4764, stack(0x0000004c1ed00000,0x0000004c1ee00000)]
  0x00000228c4911370 JavaThread "Unconstrained build operations Thread 51" [_thread_blocked, id=31556, stack(0x0000004c1ee00000,0x0000004c1ef00000)]
  0x00000228c4911880 JavaThread "Unconstrained build operations Thread 52" [_thread_blocked, id=21620, stack(0x0000004c1ef00000,0x0000004c1f000000)]
  0x00000228c4912cc0 JavaThread "Unconstrained build operations Thread 53" [_thread_blocked, id=26204, stack(0x0000004c1f000000,0x0000004c1f100000)]
  0x00000228c490f510 JavaThread "Unconstrained build operations Thread 54" [_thread_blocked, id=10128, stack(0x0000004c1f100000,0x0000004c1f200000)]
  0x00000228c490fa20 JavaThread "Unconstrained build operations Thread 55" [_thread_blocked, id=23164, stack(0x0000004c1f200000,0x0000004c1f300000)]
  0x00000228c49131d0 JavaThread "Unconstrained build operations Thread 56" [_thread_blocked, id=33304, stack(0x0000004c1f300000,0x0000004c1f400000)]
  0x00000228c4916470 JavaThread "Unconstrained build operations Thread 57" [_thread_blocked, id=25108, stack(0x0000004c1f400000,0x0000004c1f500000)]
  0x00000228c4915540 JavaThread "Unconstrained build operations Thread 58" [_thread_blocked, id=28580, stack(0x0000004c1f500000,0x0000004c1f600000)]
  0x00000228c49136e0 JavaThread "Unconstrained build operations Thread 59" [_thread_blocked, id=27892, stack(0x0000004c1f600000,0x0000004c1f700000)]
  0x00000228c4913bf0 JavaThread "Unconstrained build operations Thread 60" [_thread_blocked, id=27060, stack(0x0000004c1f700000,0x0000004c1f800000)]
  0x00000228c4914b20 JavaThread "Unconstrained build operations Thread 61" [_thread_blocked, id=32772, stack(0x0000004c1f800000,0x0000004c1f900000)]
  0x00000228c4914100 JavaThread "Unconstrained build operations Thread 62" [_thread_blocked, id=27428, stack(0x0000004c1f900000,0x0000004c1fa00000)]
  0x00000228be959340 JavaThread "Unconstrained build operations Thread 63" [_thread_blocked, id=33020, stack(0x0000004c1fa00000,0x0000004c1fb00000)]
  0x00000228be956ac0 JavaThread "Unconstrained build operations Thread 64" [_thread_blocked, id=24588, stack(0x0000004c1fb00000,0x0000004c1fc00000)]
  0x00000228be958410 JavaThread "Unconstrained build operations Thread 65" [_thread_blocked, id=34672, stack(0x0000004c1fc00000,0x0000004c1fd00000)]
  0x00000228be956fd0 JavaThread "Unconstrained build operations Thread 66" [_thread_blocked, id=35292, stack(0x0000004c1fd00000,0x0000004c1fe00000)]
  0x00000228be95b1a0 JavaThread "Unconstrained build operations Thread 67" [_thread_blocked, id=27456, stack(0x0000004c1fe00000,0x0000004c1ff00000)]
  0x00000228be95ac90 JavaThread "Unconstrained build operations Thread 68" [_thread_blocked, id=16180, stack(0x0000004c1ff00000,0x0000004c20000000)]
  0x00000228be9579f0 JavaThread "Unconstrained build operations Thread 69" [_thread_blocked, id=9060, stack(0x0000004c20000000,0x0000004c20100000)]
  0x00000228be957f00 JavaThread "Unconstrained build operations Thread 70" [_thread_blocked, id=24800, stack(0x0000004c20100000,0x0000004c20200000)]
  0x00000228be95da20 JavaThread "Unconstrained build operations Thread 71" [_thread_blocked, id=8488, stack(0x0000004c20200000,0x0000004c20300000)]
  0x00000228be95bbc0 JavaThread "Unconstrained build operations Thread 72" [_thread_blocked, id=2580, stack(0x0000004c20300000,0x0000004c20400000)]
  0x00000228be95df30 JavaThread "Unconstrained build operations Thread 73" [_thread_blocked, id=24548, stack(0x0000004c20400000,0x0000004c20500000)]
  0x00000228be95e440 JavaThread "Unconstrained build operations Thread 74" [_thread_blocked, id=35108, stack(0x0000004c20500000,0x0000004c20600000)]
  0x00000228be95d510 JavaThread "Unconstrained build operations Thread 75" [_thread_blocked, id=29716, stack(0x0000004c20600000,0x0000004c20700000)]
  0x00000228be95b6b0 JavaThread "Unconstrained build operations Thread 76" [_thread_blocked, id=12184, stack(0x0000004c20700000,0x0000004c20800000)]
  0x00000228be95d000 JavaThread "Unconstrained build operations Thread 77" [_thread_blocked, id=27788, stack(0x0000004c20800000,0x0000004c20900000)]
  0x00000228be95c5e0 JavaThread "Unconstrained build operations Thread 78" [_thread_blocked, id=26908, stack(0x0000004c20900000,0x0000004c20a00000)]
  0x00000228be95c0d0 JavaThread "Unconstrained build operations Thread 79" [_thread_blocked, id=28708, stack(0x0000004c20a00000,0x0000004c20b00000)]
  0x00000228c1fbada0 JavaThread "Unconstrained build operations Thread 80" [_thread_blocked, id=12804, stack(0x0000004c20b00000,0x0000004c20c00000)]
  0x00000228c1fb8520 JavaThread "Unconstrained build operations Thread 81" [_thread_blocked, id=33904, stack(0x0000004c20c00000,0x0000004c20d00000)]
  0x00000228c1fbbcd0 JavaThread "Unconstrained build operations Thread 82" [_thread_blocked, id=19776, stack(0x0000004c20d00000,0x0000004c20e00000)]
  0x00000228c1fb8a30 JavaThread "Unconstrained build operations Thread 83" [_thread_blocked, id=30548, stack(0x0000004c20e00000,0x0000004c20f00000)]
  0x00000228c1fbd110 JavaThread "Unconstrained build operations Thread 84" [_thread_blocked, id=16980, stack(0x0000004c20f00000,0x0000004c21000000)]
  0x00000228c1fbc6f0 JavaThread "Unconstrained build operations Thread 85" [_thread_blocked, id=20768, stack(0x0000004c21000000,0x0000004c21100000)]
  0x00000228c1fbd620 JavaThread "Unconstrained build operations Thread 86" [_thread_blocked, id=28320, stack(0x0000004c21100000,0x0000004c21200000)]
  0x00000228c1fbdb30 JavaThread "Unconstrained build operations Thread 87" [_thread_blocked, id=20860, stack(0x0000004c21200000,0x0000004c21300000)]
  0x00000228c1fbe040 JavaThread "Unconstrained build operations Thread 88" [_thread_blocked, id=5560, stack(0x0000004c21300000,0x0000004c21400000)]
  0x00000228c1fbe550 JavaThread "Unconstrained build operations Thread 89" [_thread_blocked, id=35812, stack(0x0000004c21400000,0x0000004c21500000)]
  0x00000228c194d810 JavaThread "Unconstrained build operations Thread 90" [_thread_blocked, id=33024, stack(0x0000004c21500000,0x0000004c21600000)]
  0x00000228c194a570 JavaThread "Unconstrained build operations Thread 91" [_thread_blocked, id=5944, stack(0x0000004c21600000,0x0000004c21700000)]
  0x00000228c194bec0 JavaThread "Unconstrained build operations Thread 92" [_thread_blocked, id=28572, stack(0x0000004c21700000,0x0000004c21800000)]
  0x00000228c194b4a0 JavaThread "Unconstrained build operations Thread 93" [_thread_blocked, id=34504, stack(0x0000004c21800000,0x0000004c21900000)]
  0x00000228c194c3d0 JavaThread "Unconstrained build operations Thread 94" [_thread_blocked, id=18564, stack(0x0000004c21900000,0x0000004c21a00000)]
  0x00000228c194b9b0 JavaThread "Unconstrained build operations Thread 95" [_thread_blocked, id=20372, stack(0x0000004c21a00000,0x0000004c21b00000)]
  0x00000228bf1ed500 JavaThread "Unconstrained build operations Thread 96" [_thread_blocked, id=31204, stack(0x0000004c21b00000,0x0000004c21c00000)]
  0x00000228bf1eb6a0 JavaThread "Unconstrained build operations Thread 97" [_thread_blocked, id=25432, stack(0x0000004c21c00000,0x0000004c21d00000)]
  0x00000228bf1ebbb0 JavaThread "Unconstrained build operations Thread 98" [_thread_blocked, id=23364, stack(0x0000004c21d00000,0x0000004c21e00000)]
  0x00000228bf1edf20 JavaThread "Unconstrained build operations Thread 99" [_thread_blocked, id=30764, stack(0x0000004c21e00000,0x0000004c21f00000)]
  0x00000228bf1ec0c0 JavaThread "Unconstrained build operations Thread 100" [_thread_blocked, id=27160, stack(0x0000004c21f00000,0x0000004c22000000)]
  0x00000228bf1ec5d0 JavaThread "Unconstrained build operations Thread 101" [_thread_blocked, id=6940, stack(0x0000004c22000000,0x0000004c22100000)]
  0x00000228bfe79ab0 JavaThread "build event listener" [_thread_blocked, id=24356, stack(0x0000004c22100000,0x0000004c22200000)]
  0x00000228bfe78b80 JavaThread "Problems report writer" [_thread_blocked, id=28012, stack(0x0000004c22200000,0x0000004c22300000)]
  0x00000228bfe77c50 JavaThread "Unconstrained build operations Thread 102" [_thread_blocked, id=32368, stack(0x0000004c22300000,0x0000004c22400000)]
  0x00000228c4a3e980 JavaThread "Unconstrained build operations Thread 103" [_thread_blocked, id=15684, stack(0x0000004c22400000,0x0000004c22500000)]
  0x00000228c4a3da50 JavaThread "Unconstrained build operations Thread 104" [_thread_blocked, id=18516, stack(0x0000004c22500000,0x0000004c22600000)]
  0x00000228be95caf0 JavaThread "Unconstrained build operations Thread 105" [_thread_blocked, id=18272, stack(0x0000004c22600000,0x0000004c22700000)]
  0x00000228c5c1d330 JavaThread "Unconstrained build operations Thread 106" [_thread_blocked, id=27424, stack(0x0000004c22700000,0x0000004c22800000)]
  0x00000228c5c1f6a0 JavaThread "Unconstrained build operations Thread 107" [_thread_blocked, id=27552, stack(0x0000004c22800000,0x0000004c22900000)]
  0x00000228c5c1e260 JavaThread "Unconstrained build operations Thread 108" [_thread_blocked, id=9276, stack(0x0000004c22900000,0x0000004c22a00000)]
  0x00000228c5c200c0 JavaThread "Unconstrained build operations Thread 109" [_thread_blocked, id=3048, stack(0x0000004c22a00000,0x0000004c22b00000)]
  0x00000228c5c1e770 JavaThread "Unconstrained build operations Thread 110" [_thread_blocked, id=33996, stack(0x0000004c22b00000,0x0000004c22c00000)]
  0x00000228c5c1fbb0 JavaThread "Unconstrained build operations Thread 111" [_thread_blocked, id=34416, stack(0x0000004c22c00000,0x0000004c22d00000)]
  0x00000228c5c205d0 JavaThread "Unconstrained build operations Thread 112" [_thread_blocked, id=16256, stack(0x0000004c22d00000,0x0000004c22e00000)]
  0x00000228c5c1f190 JavaThread "Unconstrained build operations Thread 113" [_thread_blocked, id=18000, stack(0x0000004c22e00000,0x0000004c22f00000)]
  0x00000228c5c1ce20 JavaThread "Unconstrained build operations Thread 114" [_thread_blocked, id=10636, stack(0x0000004c22f00000,0x0000004c23000000)]
  0x00000228c5c20ff0 JavaThread "Unconstrained build operations Thread 115" [_thread_blocked, id=23700, stack(0x0000004c23000000,0x0000004c23100000)]
  0x00000228c5c20ae0 JavaThread "Unconstrained build operations Thread 116" [_thread_blocked, id=2416, stack(0x0000004c23300000,0x0000004c23400000)]
  0x00000228c5c1dd50 JavaThread "Unconstrained build operations Thread 117" [_thread_blocked, id=24776, stack(0x0000004c23400000,0x0000004c23500000)]
  0x00000228c5c1ec80 JavaThread "Unconstrained build operations Thread 118" [_thread_blocked, id=26100, stack(0x0000004c23500000,0x0000004c23600000)]
  0x00000228c5c1d840 JavaThread "Unconstrained build operations Thread 119" [_thread_blocked, id=29044, stack(0x0000004c23600000,0x0000004c23700000)]
  0x00000228c5c21a10 JavaThread "Unconstrained build operations Thread 120" [_thread_blocked, id=16656, stack(0x0000004c23700000,0x0000004c23800000)]
  0x00000228c5c22430 JavaThread "pool-6-thread-1" [_thread_blocked, id=5980, stack(0x0000004c23c00000,0x0000004c23d00000)]
  0x00000228c5c28460 JavaThread "build event listener" [_thread_blocked, id=34684, stack(0x0000004c23f00000,0x0000004c24000000)]
  0x00000228c5c28970 JavaThread "Cache worker for execution history cache (C:\sttribe_Internship\sttribe-app\android\.gradle\8.14.3\executionHistory)" [_thread_blocked, id=27460, stack(0x0000004c24d00000,0x0000004c24e00000)]
  0x00000228c5c2a2c0 JavaThread "WorkerExecutor Queue Thread 4" [_thread_blocked, id=33288, stack(0x0000004c1a100000,0x0000004c1a200000)]
  0x00000228c5c2a7d0 JavaThread "WorkerExecutor Queue Thread 5" [_thread_blocked, id=4980, stack(0x0000004c1cb00000,0x0000004c1cc00000)]
  0x00000228c5c27f50 JavaThread "WorkerExecutor Queue Thread 6" [_thread_blocked, id=8552, stack(0x0000004c1cc00000,0x0000004c1cd00000)]
  0x00000228c5c2b1f0 JavaThread "WorkerExecutor Queue Thread 9" [_thread_blocked, id=31952, stack(0x0000004c1d900000,0x0000004c1da00000)]
  0x00000228c5c2c120 JavaThread "WorkerExecutor Queue Thread 12" [_thread_blocked, id=32484, stack(0x0000004c1cd00000,0x0000004c1ce00000)]
  0x00000228c1fb75f0 JavaThread "WorkerExecutor Queue Thread 13" [_thread_blocked, id=23152, stack(0x0000004c24800000,0x0000004c24900000)]
  0x00000228c1fb6bd0 JavaThread "WorkerExecutor Queue Thread 14" [_thread_blocked, id=34320, stack(0x0000004c19500000,0x0000004c19600000)]
  0x00000228c4a43060 JavaThread "Cache worker for Java compile cache (C:\Users\laxman\.gradle\caches\8.14.3\javaCompile)" [_thread_blocked, id=6904, stack(0x0000004c23b00000,0x0000004c23c00000)]
  0x00000228c6026ef0 JavaThread "RMI Scheduler(0)" daemon [_thread_blocked, id=31008, stack(0x0000004c1d300000,0x0000004c1d400000)]
  0x00000228c6025090 JavaThread "RMI GC Daemon" daemon [_thread_blocked, id=33236, stack(0x0000004c25000000,0x0000004c25100000)]
  0x00000228c5c28e80 JavaThread "RMI TCP Accept-0" daemon [_thread_in_native, id=32112, stack(0x0000004c25100000,0x0000004c25200000)]
  0x00000228c5c298a0 JavaThread "RMI Reaper" [_thread_blocked, id=21836, stack(0x0000004c25200000,0x0000004c25300000)]
  0x00000228c1addca0 JavaThread "Build operations" [_thread_blocked, id=34328, stack(0x0000004c25600000,0x0000004c25700000)]
  0x00000228c1ada4f0 JavaThread "Build operations Thread 2" [_thread_blocked, id=30996, stack(0x0000004c25700000,0x0000004c25800000)]
  0x00000228c1ade1b0 JavaThread "Build operations Thread 3" [_thread_blocked, id=25412, stack(0x0000004c25800000,0x0000004c25900000)]
  0x00000228c1adaa00 JavaThread "Build operations Thread 4" [_thread_blocked, id=31464, stack(0x0000004c25900000,0x0000004c25a00000)]
  0x00000228c1ae0f40 JavaThread "Build operations Thread 5" [_thread_blocked, id=19864, stack(0x0000004c25a00000,0x0000004c25b00000)]
  0x00000228c1adebd0 JavaThread "Build operations Thread 6" [_thread_blocked, id=33240, stack(0x0000004c25b00000,0x0000004c25c00000)]
  0x00000228c1ade6c0 JavaThread "Build operations Thread 7" [_thread_blocked, id=1452, stack(0x0000004c25c00000,0x0000004c25d00000)]
  0x00000228c1ae1e70 JavaThread "Build operations Thread 8" [_thread_blocked, id=4380, stack(0x0000004c25d00000,0x0000004c25e00000)]
  0x00000228c1ae0a30 JavaThread "Build operations Thread 9" [_thread_blocked, id=7020, stack(0x0000004c25e00000,0x0000004c25f00000)]
  0x00000228c1ae1450 JavaThread "Build operations Thread 10" [_thread_blocked, id=32260, stack(0x0000004c25f00000,0x0000004c26000000)]
  0x00000228c1ae2890 JavaThread "Build operations Thread 11" [_thread_blocked, id=35280, stack(0x0000004c26000000,0x0000004c26100000)]
  0x00000228c1adfb00 JavaThread "WorkerExecutor Queue Thread 15" [_thread_blocked, id=32632, stack(0x0000004c24e00000,0x0000004c24f00000)]
  0x00000228c16d9340 JavaThread "Build operations Thread 12" [_thread_blocked, id=2664, stack(0x0000004c28100000,0x0000004c28200000)]
  0x00000228c16e2b20 JavaThread "pool-7-thread-1" [_thread_blocked, id=33708, stack(0x0000004c1cf00000,0x0000004c1d000000)]
  0x00000228c16e4470 JavaThread "stderr" [_thread_in_native, id=3792, stack(0x0000004c1d100000,0x0000004c1d200000)]
  0x00000228c16e3030 JavaThread "stdout" [_thread_in_native, id=22780, stack(0x0000004c1d400000,0x0000004c1d500000)]
  0x00000228c16e3540 JavaThread "stderr" [_thread_in_native, id=4864, stack(0x0000004c24900000,0x0000004c24a00000)]
  0x00000228c16e1bf0 JavaThread "stdout" [_thread_in_native, id=34976, stack(0x0000004c24a00000,0x0000004c24b00000)]
  0x00000228c16e4980 JavaThread "stderr" [_thread_in_native, id=7372, stack(0x0000004c24b00000,0x0000004c24c00000)]
  0x00000228c16e11d0 JavaThread "stdout" [_thread_in_native, id=35592, stack(0x0000004c25300000,0x0000004c25400000)]
  0x00000228c16e3f60 JavaThread "stderr" [_thread_in_native, id=3428, stack(0x0000004c25500000,0x0000004c25600000)]
  0x00000228c16e4e90 JavaThread "stdout" [_thread_in_native, id=23436, stack(0x0000004c26100000,0x0000004c26200000)]
  0x00000228c16e2610 JavaThread "stderr" [_thread_in_native, id=33720, stack(0x0000004c26200000,0x0000004c26300000)]
  0x00000228c16e3a50 JavaThread "stdout" [_thread_in_native, id=32184, stack(0x0000004c26300000,0x0000004c26400000)]
  0x00000228c16e16e0 JavaThread "stderr" [_thread_in_native, id=14692, stack(0x0000004c26400000,0x0000004c26500000)]
  0x00000228c16e53a0 JavaThread "stdout" [_thread_in_native, id=33844, stack(0x0000004c26500000,0x0000004c26600000)]
  0x00000228c16e7710 JavaThread "stderr" [_thread_in_native, id=34196, stack(0x0000004c26600000,0x0000004c26700000)]
  0x00000228c16e5dc0 JavaThread "stdout" [_thread_in_native, id=33436, stack(0x0000004c26700000,0x0000004c26800000)]
  0x00000228c16e7200 JavaThread "stderr" [_thread_in_native, id=33356, stack(0x0000004c26a00000,0x0000004c26b00000)]
  0x00000228c16e62d0 JavaThread "stdout" [_thread_in_native, id=21308, stack(0x0000004c26c00000,0x0000004c26d00000)]
  0x00000228c1adaf10 JavaThread "ForkJoinPool-1-worker-1" daemon [_thread_blocked, id=29072, stack(0x0000004c1d200000,0x0000004c1d300000)]
  0x00000228c1adf0e0 JavaThread "ForkJoinPool-1-worker-2" daemon [_thread_blocked, id=3784, stack(0x0000004c26f00000,0x0000004c27000000)]
  0x00000228c1adf5f0 JavaThread "ForkJoinPool-1-worker-3" daemon [_thread_blocked, id=10060, stack(0x0000004c27000000,0x0000004c27100000)]
  0x00000228c1adc350 JavaThread "ForkJoinPool-1-worker-4" daemon [_thread_blocked, id=30380, stack(0x0000004c27100000,0x0000004c27200000)]
  0x00000228c1ae2380 JavaThread "ForkJoinPool-1-worker-5" daemon [_thread_blocked, id=5772, stack(0x0000004c27200000,0x0000004c27300000)]
  0x00000228c1ae0520 JavaThread "ForkJoinPool-1-worker-6" daemon [_thread_blocked, id=5456, stack(0x0000004c27300000,0x0000004c27400000)]
  0x00000228c1ae41e0 JavaThread "ForkJoinPool-1-worker-7" daemon [_thread_blocked, id=25052, stack(0x0000004c27400000,0x0000004c27500000)]
  0x00000228c1ae46f0 JavaThread "ForkJoinPool-1-worker-8" daemon [_thread_blocked, id=2080, stack(0x0000004c27500000,0x0000004c27600000)]
  0x00000228c1ae2da0 JavaThread "ForkJoinPool-1-worker-9" daemon [_thread_blocked, id=28284, stack(0x0000004c27600000,0x0000004c27700000)]
  0x00000228c1ae4c00 JavaThread "ForkJoinPool-1-worker-10" daemon [_thread_blocked, id=5040, stack(0x0000004c27700000,0x0000004c27800000)]
  0x00000228c1ae5110 JavaThread "ForkJoinPool-1-worker-11" daemon [_thread_blocked, id=25100, stack(0x0000004c27800000,0x0000004c27900000)]
  0x00000228c1ae88c0 JavaThread "WorkerExecutor Queue Thread 18" [_thread_blocked, id=35284, stack(0x0000004c1ce00000,0x0000004c1cf00000)]
  0x00000228d46f5950 JavaThread "Java2D Disposer" daemon [_thread_blocked, id=33424, stack(0x0000004c24700000,0x0000004c24800000)]
  0x00000228d46f5440 JavaThread "AWT-Windows" daemon [_thread_in_native, id=11000, stack(0x0000004c29b00000,0x0000004c29c00000)]
  0x00000228cf04a700 JavaThread "DefaultDispatcher-worker-1" daemon [_thread_blocked, id=35164, stack(0x0000004c29e00000,0x0000004c29f00000)]
  0x00000228d46a8570 JavaThread "DefaultDispatcher-worker-2" daemon [_thread_blocked, id=16464, stack(0x0000004c29f00000,0x0000004c2a000000)]
  0x00000228ce719020 JavaThread "DefaultDispatcher-worker-3" daemon [_thread_blocked, id=27508, stack(0x0000004c2a000000,0x0000004c2a100000)]
  0x00000228ce9552b0 JavaThread "DefaultDispatcher-worker-4" daemon [_thread_blocked, id=33132, stack(0x0000004c2a100000,0x0000004c2a200000)]
  0x00000228ce682ed0 JavaThread "DefaultDispatcher-worker-5" daemon [_thread_blocked, id=19488, stack(0x0000004c2a200000,0x0000004c2a300000)]
  0x00000228c3970a20 JavaThread "DefaultDispatcher-worker-1" daemon [_thread_blocked, id=33552, stack(0x0000004c2a300000,0x0000004c2a400000)]
  0x00000228cf04ac10 JavaThread "DefaultDispatcher-worker-6" daemon [_thread_blocked, id=33532, stack(0x0000004c2a400000,0x0000004c2a500000)]
  0x00000228c3971440 JavaThread "DefaultDispatcher-worker-2" daemon [_thread_blocked, id=10312, stack(0x0000004c2a500000,0x0000004c2a600000)]
  0x00000228d7077ef0 JavaThread "DefaultDispatcher-worker-7" daemon [_thread_blocked, id=27744, stack(0x0000004c2a600000,0x0000004c2a700000)]
  0x00000228c06bdbc0 JavaThread "DefaultDispatcher-worker-8" daemon [_thread_blocked, id=31120, stack(0x0000004c2a700000,0x0000004c2a800000)]
  0x00000228d46a8060 JavaThread "DefaultDispatcher-worker-9" daemon [_thread_blocked, id=29360, stack(0x0000004c2a800000,0x0000004c2a900000)]
  0x00000228c57fff00 JavaThread "DefaultDispatcher-worker-10" daemon [_thread_blocked, id=25168, stack(0x0000004c2a900000,0x0000004c2aa00000)]
  0x00000228d46a99b0 JavaThread "DefaultDispatcher-worker-3" daemon [_thread_blocked, id=25260, stack(0x0000004c2aa00000,0x0000004c2ab00000)]
  0x00000228c3627f70 JavaThread "DefaultDispatcher-worker-11" daemon [_thread_blocked, id=15584, stack(0x0000004c2ab00000,0x0000004c2ac00000)]
  0x00000228c06be5e0 JavaThread "DefaultDispatcher-worker-12" daemon [_thread_blocked, id=33076, stack(0x0000004c2ac00000,0x0000004c2ad00000)]
  0x00000228c3ce0df0 JavaThread "Periodic tasks thread" daemon [_thread_blocked, id=30924, stack(0x0000004c18c00000,0x0000004c18d00000)]
  0x00000228cf1510d0 JavaThread "ApplicationImpl pooled thread 1" [_thread_blocked, id=30144, stack(0x0000004c24f00000,0x0000004c25000000)]
  0x00000228cf333e80 JavaThread "C2 CompilerThread1" daemon [_thread_blocked, id=24884, stack(0x0000004c25400000,0x0000004c25500000)]
  0x00000228d75860a0 JavaThread "C2 CompilerThread2" daemon [_thread_blocked, id=19892, stack(0x0000004c28300000,0x0000004c28400000)]
  0x00000228ce1f7460 JavaThread "ForkJoinPool.commonPool-worker-13" daemon [_thread_blocked, id=32464, stack(0x0000004c29a00000,0x0000004c29b00000)]
  0x00000228d7076ab0 JavaThread "WorkerExecutor Queue Thread 19" [_thread_blocked, id=31044, stack(0x0000004c29d00000,0x0000004c29e00000)]
  0x00000228d46aadf0 JavaThread "Periodic tasks thread" daemon [_thread_blocked, id=31252, stack(0x0000004c2ad00000,0x0000004c2ae00000)]
  0x00000228d46ab300 JavaThread "ApplicationImpl pooled thread 1" [_thread_blocked, id=12828, stack(0x0000004c2ae00000,0x0000004c2af00000)]
  0x00000228d7c3fcd0 JavaThread "ForkJoinPool.commonPool-worker-14" daemon [_thread_blocked, id=31948, stack(0x0000004c26e00000,0x0000004c26f00000)]
  0x00000228d77c3d20 JavaThread "ForkJoinPool.commonPool-worker-15" daemon [_thread_blocked, id=11232, stack(0x0000004c2b100000,0x0000004c2b200000)]
  0x00000228d77c4230 JavaThread "ForkJoinPool.commonPool-worker-16" daemon [_thread_blocked, id=31020, stack(0x0000004c2b200000,0x0000004c2b300000)]
  0x00000228ce954da0 JavaThread "WorkerExecutor Queue Thread 20" [_thread_blocked, id=18292, stack(0x0000004c2b300000,0x0000004c2b400000)]
  0x00000228c06bd1a0 JavaThread "ForkJoinPool.commonPool-worker-17" daemon [_thread_blocked, id=22368, stack(0x0000004c2b400000,0x0000004c2b500000)]
  0x00000228ce106550 JavaThread "WorkerExecutor Queue Thread 21" [_thread_blocked, id=33800, stack(0x0000004c26d00000,0x0000004c26e00000)]

Other Threads:
=>0x00000228ffa1d810 VMThread "VM Thread" [stack: 0x0000004c17100000,0x0000004c17200000] [id=10116]
  0x00000228fb1a2090 WatcherThread [stack: 0x0000004c17d00000,0x0000004c17e00000] [id=9652]
  0x00000228fb20f950 GCTaskThread "GC Thread#0" [stack: 0x0000004c16c00000,0x0000004c16d00000] [id=19524]
  0x000002289ecf76b0 GCTaskThread "GC Thread#1" [stack: 0x0000004c17f00000,0x0000004c18000000] [id=10328]
  0x00000228be22b2c0 GCTaskThread "GC Thread#2" [stack: 0x0000004c18000000,0x0000004c18100000] [id=6440]
  0x00000228be658050 GCTaskThread "GC Thread#3" [stack: 0x0000004c18100000,0x0000004c18200000] [id=35628]
  0x00000228be658310 GCTaskThread "GC Thread#4" [stack: 0x0000004c18200000,0x0000004c18300000] [id=29688]
  0x00000228bfe891c0 GCTaskThread "GC Thread#5" [stack: 0x0000004c18d00000,0x0000004c18e00000] [id=33032]
  0x00000228bfdf4980 GCTaskThread "GC Thread#6" [stack: 0x0000004c18e00000,0x0000004c18f00000] [id=19056]
  0x00000228bfdf4c40 GCTaskThread "GC Thread#7" [stack: 0x0000004c18f00000,0x0000004c19000000] [id=26208]
  0x00000228bfe47560 GCTaskThread "GC Thread#8" [stack: 0x0000004c19000000,0x0000004c19100000] [id=30156]
  0x00000228bfe47ae0 GCTaskThread "GC Thread#9" [stack: 0x0000004c19100000,0x0000004c19200000] [id=34724]
  0x00000228fb2207b0 ConcurrentGCThread "G1 Main Marker" [stack: 0x0000004c16d00000,0x0000004c16e00000] [id=9804]
  0x00000228fb2210e0 ConcurrentGCThread "G1 Conc#0" [stack: 0x0000004c16e00000,0x0000004c16f00000] [id=9656]
  0x00000228bfe46d20 ConcurrentGCThread "G1 Conc#1" [stack: 0x0000004c19700000,0x0000004c19800000] [id=8620]
  0x00000228bfe46fe0 ConcurrentGCThread "G1 Conc#2" [stack: 0x0000004c19800000,0x0000004c19900000] [id=35640]
  0x00000228fb24e7b0 ConcurrentGCThread "G1 Refine#0" [stack: 0x0000004c16f00000,0x0000004c17000000] [id=29852]
  0x00000228c5200700 ConcurrentGCThread "G1 Refine#1" [stack: 0x0000004c24400000,0x0000004c24500000] [id=7408]
  0x00000228c51ff560 ConcurrentGCThread "G1 Refine#2" [stack: 0x0000004c24500000,0x0000004c24600000] [id=30320]
  0x00000228c5200ce0 ConcurrentGCThread "G1 Refine#3" [stack: 0x0000004c24600000,0x0000004c24700000] [id=32096]
  0x00000228c5ff3950 ConcurrentGCThread "G1 Refine#4" [stack: 0x0000004c23800000,0x0000004c23900000] [id=852]
  0x00000228ccaa5560 ConcurrentGCThread "G1 Refine#5" [stack: 0x0000004c27b00000,0x0000004c27c00000] [id=25124]
  0x00000228cc363100 ConcurrentGCThread "G1 Refine#6" [stack: 0x0000004c27c00000,0x0000004c27d00000] [id=29556]
  0x00000228c4f700b0 ConcurrentGCThread "G1 Refine#7" [stack: 0x0000004c27d00000,0x0000004c27e00000] [id=17744]
  0x00000228c4c70c40 ConcurrentGCThread "G1 Refine#8" [stack: 0x0000004c27f00000,0x0000004c28000000] [id=2072]
  0x00000228c5c6a450 ConcurrentGCThread "G1 Refine#9" [stack: 0x0000004c28000000,0x0000004c28100000] [id=28740]
  0x00000228ff8d50a0 ConcurrentGCThread "G1 Service" [stack: 0x0000004c17000000,0x0000004c17100000] [id=24924]

Threads with active compile tasks:
C2 CompilerThread0   867561 82680       4       com.github.benmanes.caffeine.cache.BoundedBuffer$RingBuffer::drainTo (93 bytes)
C2 CompilerThread1   867561 82681 %     4       com.intellij.psi.stubs.MaterialStubList::createOptimizedCopy @ 53 (96 bytes)
C2 CompilerThread2   867562 82649       4       org.jetbrains.kotlin.types.AbstractNullabilityChecker::hasNotNullSupertype (401 bytes)

VM state: at safepoint (normal execution)

VM Mutex/Monitor currently owned by a thread:  ([mutex/lock_event])
[0x00000228f8d93b00] Threads_lock - owner thread: 0x00000228ffa1d810
[0x00000228fb19f190] Heap_lock - owner thread: 0x00000228c5c2b1f0

Heap address: 0x0000000700000000, size: 4096 MB, Compressed Oops mode: Zero based, Oop shift amount: 3

CDS archive(s) mapped at: [0x000002289f000000-0x000002289fbb0000-0x000002289fbb0000), size 12255232, SharedBaseAddress: 0x000002289f000000, ArchiveRelocationMode: 1.
Compressed class space mapped at: 0x00000228a0000000-0x00000228ba000000, reserved size: 436207616
Narrow klass base: 0x000002289f000000, Narrow klass shift: 0, Narrow klass range: 0x100000000

GC Precious Log:
 CPUs: 12 total, 12 available
 Memory: 5989M
 Large Page Support: Disabled
 NUMA Support: Disabled
 Compressed Oops: Enabled (Zero based)
 Heap Region Size: 2M
 Heap Min Capacity: 8M
 Heap Initial Capacity: 94M
 Heap Max Capacity: 4G
 Pre-touch: Disabled
 Parallel Workers: 10
 Concurrent Workers: 3
 Concurrent Refinement Workers: 10
 Periodic GC: Disabled

Heap:
 garbage-first heap   total 2095104K, used 986993K [0x0000000700000000, 0x0000000800000000)
  region size 2048K, 4 young (8192K), 4 survivors (8192K)
 Metaspace       used 406134K, committed 409792K, reserved 819200K
  class space    used 50362K, committed 52032K, reserved 425984K

Heap Regions: E=young(eden), S=young(survivor), O=old, HS=humongous(starts), HC=humongous(continues), CS=collection set, F=free, OA=open archive, CA=closed archive, TAMS=top-at-mark-start (previous, next)
|   0|0x0000000700000000, 0x0000000700200000, 0x0000000700200000|100%|HS|  |TAMS 0x0000000700200000, 0x0000000700000000| Complete 
|   1|0x0000000700200000, 0x0000000700400000, 0x0000000700400000|100%|HC|  |TAMS 0x0000000700400000, 0x0000000700200000| Complete 
|   2|0x0000000700400000, 0x0000000700600000, 0x0000000700600000|100%| O|  |TAMS 0x0000000700600000, 0x0000000700400000| Untracked 
|   3|0x0000000700600000, 0x0000000700800000, 0x0000000700800000|100%| O|  |TAMS 0x0000000700800000, 0x0000000700600000| Untracked 
|   4|0x0000000700800000, 0x0000000700a00000, 0x0000000700a00000|100%| O|  |TAMS 0x0000000700a00000, 0x0000000700800000| Untracked 
|   5|0x0000000700a00000, 0x0000000700c00000, 0x0000000700c00000|100%| O|  |TAMS 0x0000000700c00000, 0x0000000700a00000| Untracked 
|   6|0x0000000700c00000, 0x0000000700e00000, 0x0000000700e00000|100%| O|  |TAMS 0x0000000700e00000, 0x0000000700c00000| Untracked 
|   7|0x0000000700e00000, 0x0000000701000000, 0x0000000701000000|100%| O|  |TAMS 0x0000000701000000, 0x0000000700e00000| Untracked 
|   8|0x0000000701000000, 0x0000000701200000, 0x0000000701200000|100%| O|  |TAMS 0x0000000701200000, 0x0000000701000000| Untracked 
|   9|0x0000000701200000, 0x0000000701400000, 0x0000000701400000|100%| O|  |TAMS 0x0000000701400000, 0x0000000701200000| Untracked 
|  10|0x0000000701400000, 0x0000000701600000, 0x0000000701600000|100%| O|  |TAMS 0x0000000701600000, 0x0000000701400000| Untracked 
|  11|0x0000000701600000, 0x0000000701800000, 0x0000000701800000|100%| O|  |TAMS 0x0000000701800000, 0x0000000701600000| Untracked 
|  12|0x0000000701800000, 0x0000000701a00000, 0x0000000701a00000|100%| O|  |TAMS 0x0000000701a00000, 0x0000000701800000| Untracked 
|  13|0x0000000701a00000, 0x0000000701c00000, 0x0000000701c00000|100%| O|  |TAMS 0x0000000701c00000, 0x0000000701a00000| Untracked 
|  14|0x0000000701c00000, 0x0000000701e00000, 0x0000000701e00000|100%| O|  |TAMS 0x0000000701e00000, 0x0000000701c00000| Untracked 
|  15|0x0000000701e00000, 0x0000000702000000, 0x0000000702000000|100%| O|  |TAMS 0x0000000702000000, 0x0000000701e00000| Untracked 
|  16|0x0000000702000000, 0x0000000702200000, 0x0000000702200000|100%| O|  |TAMS 0x0000000702200000, 0x0000000702000000| Untracked 
|  17|0x0000000702200000, 0x0000000702400000, 0x0000000702400000|100%| O|  |TAMS 0x0000000702400000, 0x0000000702200000| Untracked 
|  18|0x0000000702400000, 0x0000000702600000, 0x0000000702600000|100%| O|  |TAMS 0x0000000702600000, 0x0000000702400000| Untracked 
|  19|0x0000000702600000, 0x0000000702800000, 0x0000000702800000|100%| O|  |TAMS 0x0000000702800000, 0x0000000702600000| Untracked 
|  20|0x0000000702800000, 0x0000000702a00000, 0x0000000702a00000|100%| O|  |TAMS 0x0000000702a00000, 0x0000000702800000| Untracked 
|  21|0x0000000702a00000, 0x0000000702c00000, 0x0000000702c00000|100%|HS|  |TAMS 0x0000000702c00000, 0x0000000702a00000| Complete 
|  22|0x0000000702c00000, 0x0000000702e00000, 0x0000000702e00000|100%|HC|  |TAMS 0x0000000702e00000, 0x0000000702c00000| Complete 
|  23|0x0000000702e00000, 0x0000000703000000, 0x0000000703000000|100%|HS|  |TAMS 0x0000000703000000, 0x0000000702e00000| Complete 
|  24|0x0000000703000000, 0x0000000703200000, 0x0000000703200000|100%|HC|  |TAMS 0x0000000703200000, 0x0000000703000000| Complete 
|  25|0x0000000703200000, 0x0000000703400000, 0x0000000703400000|100%| O|  |TAMS 0x0000000703400000, 0x0000000703200000| Untracked 
|  26|0x0000000703400000, 0x0000000703600000, 0x0000000703600000|100%| O|  |TAMS 0x0000000703600000, 0x0000000703400000| Untracked 
|  27|0x0000000703600000, 0x0000000703800000, 0x0000000703800000|100%| O|  |TAMS 0x0000000703800000, 0x0000000703600000| Untracked 
|  28|0x0000000703800000, 0x0000000703a00000, 0x0000000703a00000|100%| O|  |TAMS 0x0000000703a00000, 0x0000000703800000| Untracked 
|  29|0x0000000703a00000, 0x0000000703c00000, 0x0000000703c00000|100%| O|  |TAMS 0x0000000703c00000, 0x0000000703a00000| Untracked 
|  30|0x0000000703c00000, 0x0000000703e00000, 0x0000000703e00000|100%| O|  |TAMS 0x0000000703e00000, 0x0000000703c00000| Untracked 
|  31|0x0000000703e00000, 0x0000000704000000, 0x0000000704000000|100%| O|  |TAMS 0x0000000704000000, 0x0000000703e00000| Untracked 
|  32|0x0000000704000000, 0x0000000704200000, 0x0000000704200000|100%| O|  |TAMS 0x0000000704200000, 0x0000000704000000| Untracked 
|  33|0x0000000704200000, 0x0000000704400000, 0x0000000704400000|100%|HS|  |TAMS 0x0000000704400000, 0x0000000704200000| Complete 
|  34|0x0000000704400000, 0x0000000704600000, 0x0000000704600000|100%| O|  |TAMS 0x0000000704600000, 0x0000000704400000| Untracked 
|  35|0x0000000704600000, 0x0000000704800000, 0x0000000704800000|100%| O|  |TAMS 0x0000000704800000, 0x0000000704600000| Untracked 
|  36|0x0000000704800000, 0x0000000704a00000, 0x0000000704a00000|100%| O|  |TAMS 0x0000000704a00000, 0x0000000704800000| Untracked 
|  37|0x0000000704a00000, 0x0000000704c00000, 0x0000000704c00000|100%| O|  |TAMS 0x0000000704a00000, 0x0000000704a00000| Untracked 
|  38|0x0000000704c00000, 0x0000000704e00000, 0x0000000704e00000|100%| O|  |TAMS 0x0000000704c00000, 0x0000000704c00000| Untracked 
|  39|0x0000000704e00000, 0x0000000705000000, 0x0000000705000000|100%| O|  |TAMS 0x0000000705000000, 0x0000000704e00000| Untracked 
|  40|0x0000000705000000, 0x0000000705200000, 0x0000000705200000|100%| O|  |TAMS 0x0000000705200000, 0x0000000705000000| Untracked 
|  41|0x0000000705200000, 0x0000000705400000, 0x0000000705400000|100%| O|  |TAMS 0x0000000705400000, 0x0000000705200000| Untracked 
|  42|0x0000000705400000, 0x0000000705600000, 0x0000000705600000|100%| O|  |TAMS 0x0000000705400000, 0x0000000705400000| Untracked 
|  43|0x0000000705600000, 0x0000000705800000, 0x0000000705800000|100%| O|  |TAMS 0x0000000705800000, 0x0000000705600000| Untracked 
|  44|0x0000000705800000, 0x0000000705a00000, 0x0000000705a00000|100%| O|  |TAMS 0x0000000705a00000, 0x0000000705800000| Untracked 
|  45|0x0000000705a00000, 0x0000000705c00000, 0x0000000705c00000|100%| O|  |TAMS 0x0000000705c00000, 0x0000000705a00000| Untracked 
|  46|0x0000000705c00000, 0x0000000705e00000, 0x0000000705e00000|100%|HS|  |TAMS 0x0000000705e00000, 0x0000000705c00000| Complete 
|  47|0x0000000705e00000, 0x0000000706000000, 0x0000000706000000|100%| O|  |TAMS 0x0000000706000000, 0x0000000705e00000| Untracked 
|  48|0x0000000706000000, 0x0000000706200000, 0x0000000706200000|100%| O|  |TAMS 0x0000000706200000, 0x0000000706000000| Untracked 
|  49|0x0000000706200000, 0x0000000706400000, 0x0000000706400000|100%| O|  |TAMS 0x0000000706400000, 0x0000000706200000| Untracked 
|  50|0x0000000706400000, 0x0000000706600000, 0x0000000706600000|100%|HS|  |TAMS 0x0000000706600000, 0x0000000706400000| Complete 
|  51|0x0000000706600000, 0x0000000706800000, 0x0000000706800000|100%|HC|  |TAMS 0x0000000706800000, 0x0000000706600000| Complete 
|  52|0x0000000706800000, 0x0000000706a00000, 0x0000000706a00000|100%| O|  |TAMS 0x0000000706a00000, 0x0000000706800000| Untracked 
|  53|0x0000000706a00000, 0x0000000706c00000, 0x0000000706c00000|100%| O|  |TAMS 0x0000000706c00000, 0x0000000706a00000| Untracked 
|  54|0x0000000706c00000, 0x0000000706e00000, 0x0000000706e00000|100%| O|  |TAMS 0x0000000706e00000, 0x0000000706c00000| Untracked 
|  55|0x0000000706e00000, 0x0000000707000000, 0x0000000707000000|100%| O|  |TAMS 0x0000000707000000, 0x0000000706e00000| Untracked 
|  56|0x0000000707000000, 0x0000000707200000, 0x0000000707200000|100%| O|  |TAMS 0x0000000707200000, 0x0000000707000000| Untracked 
|  57|0x0000000707200000, 0x0000000707400000, 0x0000000707400000|100%|HS|  |TAMS 0x0000000707400000, 0x0000000707200000| Complete 
|  58|0x0000000707400000, 0x0000000707600000, 0x0000000707600000|100%|HC|  |TAMS 0x0000000707600000, 0x0000000707400000| Complete 
|  59|0x0000000707600000, 0x0000000707800000, 0x0000000707800000|100%| O|  |TAMS 0x0000000707800000, 0x0000000707600000| Untracked 
|  60|0x0000000707800000, 0x0000000707a00000, 0x0000000707a00000|100%| O|  |TAMS 0x0000000707a00000, 0x0000000707800000| Untracked 
|  61|0x0000000707a00000, 0x0000000707c00000, 0x0000000707c00000|100%| O|  |TAMS 0x0000000707c00000, 0x0000000707a00000| Untracked 
|  62|0x0000000707c00000, 0x0000000707e00000, 0x0000000707e00000|100%| O|  |TAMS 0x0000000707e00000, 0x0000000707c00000| Untracked 
|  63|0x0000000707e00000, 0x0000000708000000, 0x0000000708000000|100%| O|  |TAMS 0x0000000708000000, 0x0000000707e00000| Untracked 
|  64|0x0000000708000000, 0x0000000708200000, 0x0000000708200000|100%| O|  |TAMS 0x0000000708200000, 0x0000000708000000| Untracked 
|  65|0x0000000708200000, 0x0000000708400000, 0x0000000708400000|100%| O|  |TAMS 0x0000000708400000, 0x0000000708200000| Untracked 
|  66|0x0000000708400000, 0x0000000708600000, 0x0000000708600000|100%| O|  |TAMS 0x0000000708600000, 0x0000000708400000| Untracked 
|  67|0x0000000708600000, 0x0000000708800000, 0x0000000708800000|100%| O|  |TAMS 0x0000000708800000, 0x0000000708600000| Untracked 
|  68|0x0000000708800000, 0x0000000708a00000, 0x0000000708a00000|100%| O|  |TAMS 0x0000000708a00000, 0x0000000708800000| Untracked 
|  69|0x0000000708a00000, 0x0000000708c00000, 0x0000000708c00000|100%| O|  |TAMS 0x0000000708c00000, 0x0000000708a00000| Untracked 
|  70|0x0000000708c00000, 0x0000000708e00000, 0x0000000708e00000|100%| O|  |TAMS 0x0000000708e00000, 0x0000000708c00000| Untracked 
|  71|0x0000000708e00000, 0x0000000709000000, 0x0000000709000000|100%| O|  |TAMS 0x0000000709000000, 0x0000000708e00000| Untracked 
|  72|0x0000000709000000, 0x0000000709200000, 0x0000000709200000|100%| O|  |TAMS 0x0000000709200000, 0x0000000709000000| Untracked 
|  73|0x0000000709200000, 0x0000000709400000, 0x0000000709400000|100%| O|  |TAMS 0x0000000709400000, 0x0000000709200000| Untracked 
|  74|0x0000000709400000, 0x0000000709600000, 0x0000000709600000|100%|HS|  |TAMS 0x0000000709600000, 0x0000000709400000| Complete 
|  75|0x0000000709600000, 0x0000000709800000, 0x0000000709800000|100%| O|  |TAMS 0x0000000709800000, 0x0000000709600000| Untracked 
|  76|0x0000000709800000, 0x0000000709a00000, 0x0000000709a00000|100%| O|  |TAMS 0x0000000709a00000, 0x0000000709800000| Untracked 
|  77|0x0000000709a00000, 0x0000000709c00000, 0x0000000709c00000|100%| O|  |TAMS 0x0000000709c00000, 0x0000000709a00000| Untracked 
|  78|0x0000000709c00000, 0x0000000709e00000, 0x0000000709e00000|100%| O|  |TAMS 0x0000000709e00000, 0x0000000709c00000| Untracked 
|  79|0x0000000709e00000, 0x000000070a000000, 0x000000070a000000|100%| O|  |TAMS 0x000000070a000000, 0x0000000709e00000| Untracked 
|  80|0x000000070a000000, 0x000000070a200000, 0x000000070a200000|100%| O|  |TAMS 0x000000070a200000, 0x000000070a000000| Untracked 
|  81|0x000000070a200000, 0x000000070a400000, 0x000000070a400000|100%| O|  |TAMS 0x000000070a400000, 0x000000070a200000| Untracked 
|  82|0x000000070a400000, 0x000000070a600000, 0x000000070a600000|100%| O|  |TAMS 0x000000070a600000, 0x000000070a400000| Untracked 
|  83|0x000000070a600000, 0x000000070a800000, 0x000000070a800000|100%| O|  |TAMS 0x000000070a800000, 0x000000070a600000| Untracked 
|  84|0x000000070a800000, 0x000000070aa00000, 0x000000070aa00000|100%| O|  |TAMS 0x000000070aa00000, 0x000000070a800000| Untracked 
|  85|0x000000070aa00000, 0x000000070ac00000, 0x000000070ac00000|100%| O|  |TAMS 0x000000070ac00000, 0x000000070aa00000| Untracked 
|  86|0x000000070ac00000, 0x000000070ae00000, 0x000000070ae00000|100%| O|  |TAMS 0x000000070ae00000, 0x000000070ac00000| Untracked 
|  87|0x000000070ae00000, 0x000000070b000000, 0x000000070b000000|100%| O|  |TAMS 0x000000070b000000, 0x000000070ae00000| Untracked 
|  88|0x000000070b000000, 0x000000070b200000, 0x000000070b200000|100%| O|  |TAMS 0x000000070b200000, 0x000000070b000000| Untracked 
|  89|0x000000070b200000, 0x000000070b400000, 0x000000070b400000|100%| O|  |TAMS 0x000000070b400000, 0x000000070b200000| Untracked 
|  90|0x000000070b400000, 0x000000070b600000, 0x000000070b600000|100%| O|  |TAMS 0x000000070b600000, 0x000000070b400000| Untracked 
|  91|0x000000070b600000, 0x000000070b800000, 0x000000070b800000|100%| O|  |TAMS 0x000000070b800000, 0x000000070b600000| Untracked 
|  92|0x000000070b800000, 0x000000070ba00000, 0x000000070ba00000|100%| O|  |TAMS 0x000000070ba00000, 0x000000070b800000| Untracked 
|  93|0x000000070ba00000, 0x000000070bc00000, 0x000000070bc00000|100%| O|  |TAMS 0x000000070bc00000, 0x000000070ba00000| Untracked 
|  94|0x000000070bc00000, 0x000000070be00000, 0x000000070be00000|100%|HS|  |TAMS 0x000000070be00000, 0x000000070bc00000| Complete 
|  95|0x000000070be00000, 0x000000070c000000, 0x000000070c000000|100%| O|  |TAMS 0x000000070c000000, 0x000000070be00000| Untracked 
|  96|0x000000070c000000, 0x000000070c200000, 0x000000070c200000|100%| O|  |TAMS 0x000000070c200000, 0x000000070c000000| Untracked 
|  97|0x000000070c200000, 0x000000070c400000, 0x000000070c400000|100%| O|  |TAMS 0x000000070c400000, 0x000000070c200000| Untracked 
|  98|0x000000070c400000, 0x000000070c600000, 0x000000070c600000|100%| O|  |TAMS 0x000000070c600000, 0x000000070c400000| Untracked 
|  99|0x000000070c600000, 0x000000070c800000, 0x000000070c800000|100%| O|  |TAMS 0x000000070c800000, 0x000000070c600000| Untracked 
| 100|0x000000070c800000, 0x000000070ca00000, 0x000000070ca00000|100%| O|  |TAMS 0x000000070ca00000, 0x000000070c800000| Untracked 
| 101|0x000000070ca00000, 0x000000070cc00000, 0x000000070cc00000|100%| O|  |TAMS 0x000000070cc00000, 0x000000070ca00000| Untracked 
| 102|0x000000070cc00000, 0x000000070ce00000, 0x000000070ce00000|100%| O|  |TAMS 0x000000070ce00000, 0x000000070cc00000| Untracked 
| 103|0x000000070ce00000, 0x000000070d000000, 0x000000070d000000|100%| O|  |TAMS 0x000000070d000000, 0x000000070ce00000| Untracked 
| 104|0x000000070d000000, 0x000000070d200000, 0x000000070d200000|100%| O|  |TAMS 0x000000070d200000, 0x000000070d000000| Untracked 
| 105|0x000000070d200000, 0x000000070d400000, 0x000000070d400000|100%| O|  |TAMS 0x000000070d400000, 0x000000070d200000| Untracked 
| 106|0x000000070d400000, 0x000000070d600000, 0x000000070d600000|100%| O|  |TAMS 0x000000070d600000, 0x000000070d400000| Untracked 
| 107|0x000000070d600000, 0x000000070d800000, 0x000000070d800000|100%| O|  |TAMS 0x000000070d800000, 0x000000070d600000| Untracked 
| 108|0x000000070d800000, 0x000000070da00000, 0x000000070da00000|100%| O|  |TAMS 0x000000070da00000, 0x000000070d800000| Untracked 
| 109|0x000000070da00000, 0x000000070dc00000, 0x000000070dc00000|100%| O|  |TAMS 0x000000070dc00000, 0x000000070da00000| Untracked 
| 110|0x000000070dc00000, 0x000000070de00000, 0x000000070de00000|100%| O|  |TAMS 0x000000070de00000, 0x000000070dc00000| Untracked 
| 111|0x000000070de00000, 0x000000070e000000, 0x000000070e000000|100%| O|  |TAMS 0x000000070e000000, 0x000000070de00000| Untracked 
| 112|0x000000070e000000, 0x000000070e200000, 0x000000070e200000|100%| O|  |TAMS 0x000000070e200000, 0x000000070e000000| Untracked 
| 113|0x000000070e200000, 0x000000070e400000, 0x000000070e400000|100%| O|  |TAMS 0x000000070e400000, 0x000000070e200000| Untracked 
| 114|0x000000070e400000, 0x000000070e600000, 0x000000070e600000|100%| O|  |TAMS 0x000000070e600000, 0x000000070e400000| Untracked 
| 115|0x000000070e600000, 0x000000070e800000, 0x000000070e800000|100%| O|  |TAMS 0x000000070e800000, 0x000000070e600000| Untracked 
| 116|0x000000070e800000, 0x000000070ea00000, 0x000000070ea00000|100%| O|  |TAMS 0x000000070ea00000, 0x000000070e800000| Untracked 
| 117|0x000000070ea00000, 0x000000070ec00000, 0x000000070ec00000|100%| O|  |TAMS 0x000000070ec00000, 0x000000070ea00000| Untracked 
| 118|0x000000070ec00000, 0x000000070ee00000, 0x000000070ee00000|100%| O|  |TAMS 0x000000070ee00000, 0x000000070ec00000| Untracked 
| 119|0x000000070ee00000, 0x000000070f000000, 0x000000070f000000|100%| O|  |TAMS 0x000000070f000000, 0x000000070ee00000| Untracked 
| 120|0x000000070f000000, 0x000000070f200000, 0x000000070f200000|100%| O|  |TAMS 0x000000070f200000, 0x000000070f000000| Untracked 
| 121|0x000000070f200000, 0x000000070f400000, 0x000000070f400000|100%| O|  |TAMS 0x000000070f400000, 0x000000070f200000| Untracked 
| 122|0x000000070f400000, 0x000000070f600000, 0x000000070f600000|100%| O|  |TAMS 0x000000070f600000, 0x000000070f400000| Untracked 
| 123|0x000000070f600000, 0x000000070f800000, 0x000000070f800000|100%| O|  |TAMS 0x000000070f800000, 0x000000070f600000| Untracked 
| 124|0x000000070f800000, 0x000000070fa00000, 0x000000070fa00000|100%| O|  |TAMS 0x000000070fa00000, 0x000000070f800000| Untracked 
| 125|0x000000070fa00000, 0x000000070fc00000, 0x000000070fc00000|100%| O|  |TAMS 0x000000070fc00000, 0x000000070fa00000| Untracked 
| 126|0x000000070fc00000, 0x000000070fe00000, 0x000000070fe00000|100%| O|  |TAMS 0x000000070fe00000, 0x000000070fc00000| Untracked 
| 127|0x000000070fe00000, 0x0000000710000000, 0x0000000710000000|100%| O|  |TAMS 0x0000000710000000, 0x000000070fe00000| Untracked 
| 128|0x0000000710000000, 0x0000000710200000, 0x0000000710200000|100%| O|  |TAMS 0x0000000710200000, 0x0000000710000000| Untracked 
| 129|0x0000000710200000, 0x0000000710400000, 0x0000000710400000|100%| O|  |TAMS 0x0000000710400000, 0x0000000710200000| Untracked 
| 130|0x0000000710400000, 0x0000000710600000, 0x0000000710600000|100%| O|  |TAMS 0x0000000710600000, 0x0000000710400000| Untracked 
| 131|0x0000000710600000, 0x0000000710800000, 0x0000000710800000|100%| O|  |TAMS 0x0000000710800000, 0x0000000710600000| Untracked 
| 132|0x0000000710800000, 0x0000000710a00000, 0x0000000710a00000|100%| O|  |TAMS 0x0000000710a00000, 0x0000000710800000| Untracked 
| 133|0x0000000710a00000, 0x0000000710c00000, 0x0000000710c00000|100%| O|  |TAMS 0x0000000710c00000, 0x0000000710a00000| Untracked 
| 134|0x0000000710c00000, 0x0000000710e00000, 0x0000000710e00000|100%| O|  |TAMS 0x0000000710e00000, 0x0000000710c00000| Untracked 
| 135|0x0000000710e00000, 0x0000000711000000, 0x0000000711000000|100%| O|  |TAMS 0x0000000711000000, 0x0000000710e00000| Untracked 
| 136|0x0000000711000000, 0x0000000711200000, 0x0000000711200000|100%| O|  |TAMS 0x0000000711200000, 0x0000000711000000| Untracked 
| 137|0x0000000711200000, 0x0000000711400000, 0x0000000711400000|100%| O|  |TAMS 0x0000000711400000, 0x0000000711200000| Untracked 
| 138|0x0000000711400000, 0x0000000711600000, 0x0000000711600000|100%| O|  |TAMS 0x0000000711600000, 0x0000000711400000| Untracked 
| 139|0x0000000711600000, 0x0000000711800000, 0x0000000711800000|100%| O|  |TAMS 0x0000000711800000, 0x0000000711600000| Untracked 
| 140|0x0000000711800000, 0x0000000711a00000, 0x0000000711a00000|100%| O|  |TAMS 0x0000000711a00000, 0x0000000711800000| Untracked 
| 141|0x0000000711a00000, 0x0000000711c00000, 0x0000000711c00000|100%| O|  |TAMS 0x0000000711c00000, 0x0000000711a00000| Untracked 
| 142|0x0000000711c00000, 0x0000000711e00000, 0x0000000711e00000|100%| O|  |TAMS 0x0000000711e00000, 0x0000000711c00000| Untracked 
| 143|0x0000000711e00000, 0x0000000712000000, 0x0000000712000000|100%| O|  |TAMS 0x0000000712000000, 0x0000000711e00000| Untracked 
| 144|0x0000000712000000, 0x0000000712200000, 0x0000000712200000|100%| O|  |TAMS 0x0000000712200000, 0x0000000712000000| Untracked 
| 145|0x0000000712200000, 0x0000000712400000, 0x0000000712400000|100%| O|  |TAMS 0x0000000712400000, 0x0000000712200000| Untracked 
| 146|0x0000000712400000, 0x0000000712600000, 0x0000000712600000|100%| O|  |TAMS 0x0000000712600000, 0x0000000712400000| Untracked 
| 147|0x0000000712600000, 0x0000000712800000, 0x0000000712800000|100%| O|  |TAMS 0x0000000712800000, 0x0000000712600000| Untracked 
| 148|0x0000000712800000, 0x0000000712a00000, 0x0000000712a00000|100%| O|  |TAMS 0x0000000712a00000, 0x0000000712800000| Untracked 
| 149|0x0000000712a00000, 0x0000000712c00000, 0x0000000712c00000|100%| O|  |TAMS 0x0000000712c00000, 0x0000000712a00000| Untracked 
| 150|0x0000000712c00000, 0x0000000712e00000, 0x0000000712e00000|100%| O|  |TAMS 0x0000000712e00000, 0x0000000712c00000| Untracked 
| 151|0x0000000712e00000, 0x0000000713000000, 0x0000000713000000|100%| O|  |TAMS 0x0000000713000000, 0x0000000712e00000| Untracked 
| 152|0x0000000713000000, 0x0000000713200000, 0x0000000713200000|100%| O|  |TAMS 0x0000000713200000, 0x0000000713000000| Untracked 
| 153|0x0000000713200000, 0x0000000713400000, 0x0000000713400000|100%| O|  |TAMS 0x0000000713400000, 0x0000000713200000| Untracked 
| 154|0x0000000713400000, 0x0000000713600000, 0x0000000713600000|100%| O|  |TAMS 0x0000000713600000, 0x0000000713400000| Untracked 
| 155|0x0000000713600000, 0x0000000713800000, 0x0000000713800000|100%| O|  |TAMS 0x0000000713800000, 0x0000000713600000| Untracked 
| 156|0x0000000713800000, 0x0000000713a00000, 0x0000000713a00000|100%| O|  |TAMS 0x0000000713a00000, 0x0000000713800000| Untracked 
| 157|0x0000000713a00000, 0x0000000713c00000, 0x0000000713c00000|100%| O|  |TAMS 0x0000000713c00000, 0x0000000713a00000| Untracked 
| 158|0x0000000713c00000, 0x0000000713e00000, 0x0000000713e00000|100%| O|  |TAMS 0x0000000713e00000, 0x0000000713c00000| Untracked 
| 159|0x0000000713e00000, 0x0000000714000000, 0x0000000714000000|100%| O|  |TAMS 0x0000000714000000, 0x0000000713e00000| Untracked 
| 160|0x0000000714000000, 0x0000000714200000, 0x0000000714200000|100%| O|  |TAMS 0x0000000714200000, 0x0000000714000000| Untracked 
| 161|0x0000000714200000, 0x0000000714400000, 0x0000000714400000|100%| O|  |TAMS 0x0000000714400000, 0x0000000714200000| Untracked 
| 162|0x0000000714400000, 0x0000000714600000, 0x0000000714600000|100%| O|  |TAMS 0x0000000714600000, 0x0000000714400000| Untracked 
| 163|0x0000000714600000, 0x0000000714800000, 0x0000000714800000|100%| O|  |TAMS 0x0000000714800000, 0x0000000714600000| Untracked 
| 164|0x0000000714800000, 0x0000000714a00000, 0x0000000714a00000|100%| O|  |TAMS 0x0000000714a00000, 0x0000000714800000| Untracked 
| 165|0x0000000714a00000, 0x0000000714c00000, 0x0000000714c00000|100%| O|  |TAMS 0x0000000714c00000, 0x0000000714a00000| Untracked 
| 166|0x0000000714c00000, 0x0000000714e00000, 0x0000000714e00000|100%| O|  |TAMS 0x0000000714e00000, 0x0000000714c00000| Untracked 
| 167|0x0000000714e00000, 0x0000000715000000, 0x0000000715000000|100%| O|  |TAMS 0x0000000715000000, 0x0000000714e00000| Untracked 
| 168|0x0000000715000000, 0x0000000715200000, 0x0000000715200000|100%| O|  |TAMS 0x0000000715200000, 0x0000000715000000| Untracked 
| 169|0x0000000715200000, 0x0000000715400000, 0x0000000715400000|100%| O|  |TAMS 0x0000000715400000, 0x0000000715200000| Untracked 
| 170|0x0000000715400000, 0x0000000715600000, 0x0000000715600000|100%| O|  |TAMS 0x0000000715600000, 0x0000000715400000| Untracked 
| 171|0x0000000715600000, 0x0000000715800000, 0x0000000715800000|100%| O|  |TAMS 0x0000000715800000, 0x0000000715600000| Untracked 
| 172|0x0000000715800000, 0x0000000715a00000, 0x0000000715a00000|100%| O|  |TAMS 0x0000000715a00000, 0x0000000715800000| Untracked 
| 173|0x0000000715a00000, 0x0000000715c00000, 0x0000000715c00000|100%| O|  |TAMS 0x0000000715a00000, 0x0000000715a00000| Untracked 
| 174|0x0000000715c00000, 0x0000000715e00000, 0x0000000715e00000|100%| O|  |TAMS 0x0000000715e00000, 0x0000000715c00000| Untracked 
| 175|0x0000000715e00000, 0x0000000716000000, 0x0000000716000000|100%| O|  |TAMS 0x0000000716000000, 0x0000000715e00000| Untracked 
| 176|0x0000000716000000, 0x0000000716200000, 0x0000000716200000|100%| O|  |TAMS 0x0000000716000000, 0x0000000716000000| Untracked 
| 177|0x0000000716200000, 0x0000000716400000, 0x0000000716400000|100%| O|  |TAMS 0x0000000716200000, 0x0000000716200000| Untracked 
| 178|0x0000000716400000, 0x0000000716600000, 0x0000000716600000|100%| O|  |TAMS 0x0000000716600000, 0x0000000716400000| Untracked 
| 179|0x0000000716600000, 0x0000000716800000, 0x0000000716800000|100%| O|  |TAMS 0x0000000716800000, 0x0000000716600000| Untracked 
| 180|0x0000000716800000, 0x0000000716a00000, 0x0000000716a00000|100%| O|  |TAMS 0x0000000716800000, 0x0000000716800000| Untracked 
| 181|0x0000000716a00000, 0x0000000716c00000, 0x0000000716c00000|100%| O|  |TAMS 0x0000000716c00000, 0x0000000716a00000| Untracked 
| 182|0x0000000716c00000, 0x0000000716e00000, 0x0000000716e00000|100%| O|  |TAMS 0x0000000716e00000, 0x0000000716c00000| Untracked 
| 183|0x0000000716e00000, 0x0000000717000000, 0x0000000717000000|100%| O|  |TAMS 0x0000000716e00000, 0x0000000716e00000| Untracked 
| 184|0x0000000717000000, 0x0000000717200000, 0x0000000717200000|100%| O|  |TAMS 0x0000000717000000, 0x0000000717000000| Untracked 
| 185|0x0000000717200000, 0x0000000717400000, 0x0000000717400000|100%| O|  |TAMS 0x0000000717200000, 0x0000000717200000| Untracked 
| 186|0x0000000717400000, 0x0000000717600000, 0x0000000717600000|100%| O|  |TAMS 0x0000000717400000, 0x0000000717400000| Untracked 
| 187|0x0000000717600000, 0x0000000717800000, 0x0000000717800000|100%| O|  |TAMS 0x0000000717600000, 0x0000000717600000| Untracked 
| 188|0x0000000717800000, 0x0000000717a00000, 0x0000000717a00000|100%| O|  |TAMS 0x0000000717800000, 0x0000000717800000| Untracked 
| 189|0x0000000717a00000, 0x0000000717c00000, 0x0000000717c00000|100%| O|  |TAMS 0x0000000717a00000, 0x0000000717a00000| Untracked 
| 190|0x0000000717c00000, 0x0000000717e00000, 0x0000000717e00000|100%| O|  |TAMS 0x0000000717e00000, 0x0000000717c00000| Untracked 
| 191|0x0000000717e00000, 0x0000000718000000, 0x0000000718000000|100%| O|  |TAMS 0x0000000718000000, 0x0000000717e00000| Untracked 
| 192|0x0000000718000000, 0x0000000718200000, 0x0000000718200000|100%| O|  |TAMS 0x0000000718200000, 0x0000000718000000| Untracked 
| 193|0x0000000718200000, 0x0000000718400000, 0x0000000718400000|100%| O|  |TAMS 0x0000000718400000, 0x0000000718200000| Untracked 
| 194|0x0000000718400000, 0x0000000718600000, 0x0000000718600000|100%| O|  |TAMS 0x0000000718600000, 0x0000000718400000| Untracked 
| 195|0x0000000718600000, 0x0000000718800000, 0x0000000718800000|100%| O|  |TAMS 0x0000000718800000, 0x0000000718600000| Untracked 
| 196|0x0000000718800000, 0x0000000718a00000, 0x0000000718a00000|100%| O|  |TAMS 0x0000000718a00000, 0x0000000718800000| Untracked 
| 197|0x0000000718a00000, 0x0000000718c00000, 0x0000000718c00000|100%| O|  |TAMS 0x0000000718c00000, 0x0000000718a00000| Untracked 
| 198|0x0000000718c00000, 0x0000000718e00000, 0x0000000718e00000|100%| O|  |TAMS 0x0000000718e00000, 0x0000000718c00000| Untracked 
| 199|0x0000000718e00000, 0x0000000719000000, 0x0000000719000000|100%| O|  |TAMS 0x0000000719000000, 0x0000000718e00000| Untracked 
| 200|0x0000000719000000, 0x0000000719200000, 0x0000000719200000|100%| O|  |TAMS 0x0000000719000000, 0x0000000719000000| Untracked 
| 201|0x0000000719200000, 0x0000000719400000, 0x0000000719400000|100%| O|  |TAMS 0x0000000719400000, 0x0000000719200000| Untracked 
| 202|0x0000000719400000, 0x0000000719600000, 0x0000000719600000|100%| O|  |TAMS 0x0000000719600000, 0x0000000719400000| Untracked 
| 203|0x0000000719600000, 0x0000000719800000, 0x0000000719800000|100%| O|  |TAMS 0x0000000719800000, 0x0000000719600000| Untracked 
| 204|0x0000000719800000, 0x0000000719a00000, 0x0000000719a00000|100%| O|  |TAMS 0x0000000719a00000, 0x0000000719800000| Untracked 
| 205|0x0000000719a00000, 0x0000000719c00000, 0x0000000719c00000|100%| O|  |TAMS 0x0000000719c00000, 0x0000000719a00000| Untracked 
| 206|0x0000000719c00000, 0x0000000719e00000, 0x0000000719e00000|100%| O|  |TAMS 0x0000000719e00000, 0x0000000719c00000| Untracked 
| 207|0x0000000719e00000, 0x000000071a000000, 0x000000071a000000|100%| O|  |TAMS 0x000000071a000000, 0x0000000719e00000| Untracked 
| 208|0x000000071a000000, 0x000000071a200000, 0x000000071a200000|100%| O|  |TAMS 0x000000071a200000, 0x000000071a000000| Untracked 
| 209|0x000000071a200000, 0x000000071a400000, 0x000000071a400000|100%| O|  |TAMS 0x000000071a400000, 0x000000071a200000| Untracked 
| 210|0x000000071a400000, 0x000000071a600000, 0x000000071a600000|100%| O|  |TAMS 0x000000071a600000, 0x000000071a400000| Untracked 
| 211|0x000000071a600000, 0x000000071a800000, 0x000000071a800000|100%| O|  |TAMS 0x000000071a800000, 0x000000071a600000| Untracked 
| 212|0x000000071a800000, 0x000000071aa00000, 0x000000071aa00000|100%| O|  |TAMS 0x000000071aa00000, 0x000000071a800000| Untracked 
| 213|0x000000071aa00000, 0x000000071ac00000, 0x000000071ac00000|100%| O|  |TAMS 0x000000071aa00000, 0x000000071aa00000| Untracked 
| 214|0x000000071ac00000, 0x000000071ae00000, 0x000000071ae00000|100%| O|  |TAMS 0x000000071ac00000, 0x000000071ac00000| Untracked 
| 215|0x000000071ae00000, 0x000000071b000000, 0x000000071b000000|100%| O|  |TAMS 0x000000071ae00000, 0x000000071ae00000| Untracked 
| 216|0x000000071b000000, 0x000000071b200000, 0x000000071b200000|100%| O|  |TAMS 0x000000071b000000, 0x000000071b000000| Untracked 
| 217|0x000000071b200000, 0x000000071b400000, 0x000000071b400000|100%| O|  |TAMS 0x000000071b200000, 0x000000071b200000| Untracked 
| 218|0x000000071b400000, 0x000000071b600000, 0x000000071b600000|100%| O|  |TAMS 0x000000071b400000, 0x000000071b400000| Untracked 
| 219|0x000000071b600000, 0x000000071b800000, 0x000000071b800000|100%| O|  |TAMS 0x000000071b600000, 0x000000071b600000| Untracked 
| 220|0x000000071b800000, 0x000000071ba00000, 0x000000071ba00000|100%| O|  |TAMS 0x000000071b800000, 0x000000071b800000| Untracked 
| 221|0x000000071ba00000, 0x000000071bc00000, 0x000000071bc00000|100%| O|  |TAMS 0x000000071ba00000, 0x000000071ba00000| Untracked 
| 222|0x000000071bc00000, 0x000000071be00000, 0x000000071be00000|100%| O|  |TAMS 0x000000071bc00000, 0x000000071bc00000| Untracked 
| 223|0x000000071be00000, 0x000000071c000000, 0x000000071c000000|100%| O|  |TAMS 0x000000071be00000, 0x000000071be00000| Untracked 
| 224|0x000000071c000000, 0x000000071c200000, 0x000000071c200000|100%| O|  |TAMS 0x000000071c000000, 0x000000071c000000| Untracked 
| 225|0x000000071c200000, 0x000000071c400000, 0x000000071c400000|100%| O|  |TAMS 0x000000071c200000, 0x000000071c200000| Untracked 
| 226|0x000000071c400000, 0x000000071c600000, 0x000000071c600000|100%| O|  |TAMS 0x000000071c400000, 0x000000071c400000| Untracked 
| 227|0x000000071c600000, 0x000000071c800000, 0x000000071c800000|100%| O|  |TAMS 0x000000071c600000, 0x000000071c600000| Untracked 
| 228|0x000000071c800000, 0x000000071ca00000, 0x000000071ca00000|100%| O|  |TAMS 0x000000071c800000, 0x000000071c800000| Untracked 
| 229|0x000000071ca00000, 0x000000071cc00000, 0x000000071cc00000|100%| O|  |TAMS 0x000000071ca00000, 0x000000071ca00000| Untracked 
| 230|0x000000071cc00000, 0x000000071ce00000, 0x000000071ce00000|100%| O|  |TAMS 0x000000071cc00000, 0x000000071cc00000| Untracked 
| 231|0x000000071ce00000, 0x000000071d000000, 0x000000071d000000|100%| O|  |TAMS 0x000000071ce00000, 0x000000071ce00000| Untracked 
| 232|0x000000071d000000, 0x000000071d200000, 0x000000071d200000|100%| O|  |TAMS 0x000000071d000000, 0x000000071d000000| Untracked 
| 233|0x000000071d200000, 0x000000071d400000, 0x000000071d400000|100%| O|  |TAMS 0x000000071d200000, 0x000000071d200000| Untracked 
| 234|0x000000071d400000, 0x000000071d600000, 0x000000071d600000|100%| O|  |TAMS 0x000000071d600000, 0x000000071d400000| Untracked 
| 235|0x000000071d600000, 0x000000071d800000, 0x000000071d800000|100%| O|  |TAMS 0x000000071d800000, 0x000000071d600000| Untracked 
| 236|0x000000071d800000, 0x000000071da00000, 0x000000071da00000|100%| O|  |TAMS 0x000000071d800000, 0x000000071d800000| Untracked 
| 237|0x000000071da00000, 0x000000071dc00000, 0x000000071dc00000|100%| O|  |TAMS 0x000000071da00000, 0x000000071da00000| Untracked 
| 238|0x000000071dc00000, 0x000000071de00000, 0x000000071de00000|100%| O|  |TAMS 0x000000071dc00000, 0x000000071dc00000| Untracked 
| 239|0x000000071de00000, 0x000000071e000000, 0x000000071e000000|100%| O|  |TAMS 0x000000071de00000, 0x000000071de00000| Untracked 
| 240|0x000000071e000000, 0x000000071e200000, 0x000000071e200000|100%| O|  |TAMS 0x000000071e000000, 0x000000071e000000| Untracked 
| 241|0x000000071e200000, 0x000000071e400000, 0x000000071e400000|100%| O|  |TAMS 0x000000071e200000, 0x000000071e200000| Untracked 
| 242|0x000000071e400000, 0x000000071e600000, 0x000000071e600000|100%| O|  |TAMS 0x000000071e400000, 0x000000071e400000| Untracked 
| 243|0x000000071e600000, 0x000000071e800000, 0x000000071e800000|100%| O|  |TAMS 0x000000071e600000, 0x000000071e600000| Untracked 
| 244|0x000000071e800000, 0x000000071ea00000, 0x000000071ea00000|100%| O|  |TAMS 0x000000071ea00000, 0x000000071e800000| Untracked 
| 245|0x000000071ea00000, 0x000000071ec00000, 0x000000071ec00000|100%| O|  |TAMS 0x000000071ec00000, 0x000000071ea00000| Untracked 
| 246|0x000000071ec00000, 0x000000071ee00000, 0x000000071ee00000|100%| O|  |TAMS 0x000000071ee00000, 0x000000071ec00000| Untracked 
| 247|0x000000071ee00000, 0x000000071f000000, 0x000000071f000000|100%| O|  |TAMS 0x000000071f000000, 0x000000071ee00000| Untracked 
| 248|0x000000071f000000, 0x000000071f200000, 0x000000071f200000|100%| O|  |TAMS 0x000000071f200000, 0x000000071f000000| Untracked 
| 249|0x000000071f200000, 0x000000071f400000, 0x000000071f400000|100%| O|  |TAMS 0x000000071f400000, 0x000000071f200000| Untracked 
| 250|0x000000071f400000, 0x000000071f600000, 0x000000071f600000|100%| O|  |TAMS 0x000000071f600000, 0x000000071f400000| Untracked 
| 251|0x000000071f600000, 0x000000071f800000, 0x000000071f800000|100%| O|  |TAMS 0x000000071f800000, 0x000000071f600000| Untracked 
| 252|0x000000071f800000, 0x000000071fa00000, 0x000000071fa00000|100%| O|  |TAMS 0x000000071fa00000, 0x000000071f800000| Untracked 
| 253|0x000000071fa00000, 0x000000071fc00000, 0x000000071fc00000|100%| O|  |TAMS 0x000000071fc00000, 0x000000071fa00000| Untracked 
| 254|0x000000071fc00000, 0x000000071fe00000, 0x000000071fe00000|100%| O|  |TAMS 0x000000071fe00000, 0x000000071fc00000| Untracked 
| 255|0x000000071fe00000, 0x0000000720000000, 0x0000000720000000|100%| O|  |TAMS 0x0000000720000000, 0x000000071fe00000| Untracked 
| 256|0x0000000720000000, 0x0000000720200000, 0x0000000720200000|100%| O|  |TAMS 0x0000000720200000, 0x0000000720000000| Untracked 
| 257|0x0000000720200000, 0x0000000720400000, 0x0000000720400000|100%| O|  |TAMS 0x0000000720400000, 0x0000000720200000| Untracked 
| 258|0x0000000720400000, 0x0000000720600000, 0x0000000720600000|100%| O|  |TAMS 0x0000000720600000, 0x0000000720400000| Untracked 
| 259|0x0000000720600000, 0x0000000720800000, 0x0000000720800000|100%| O|  |TAMS 0x00000007207fe800, 0x0000000720600000| Untracked 
| 260|0x0000000720800000, 0x0000000720a00000, 0x0000000720a00000|100%| O|  |TAMS 0x0000000720800000, 0x0000000720800000| Untracked 
| 261|0x0000000720a00000, 0x0000000720c00000, 0x0000000720c00000|100%| O|  |TAMS 0x0000000720a00000, 0x0000000720a00000| Untracked 
| 262|0x0000000720c00000, 0x0000000720e00000, 0x0000000720e00000|100%| O|  |TAMS 0x0000000720c00000, 0x0000000720c00000| Untracked 
| 263|0x0000000720e00000, 0x0000000721000000, 0x0000000721000000|100%| O|  |TAMS 0x0000000720e00000, 0x0000000720e00000| Untracked 
| 264|0x0000000721000000, 0x0000000721200000, 0x0000000721200000|100%| O|  |TAMS 0x0000000721000000, 0x0000000721000000| Untracked 
| 265|0x0000000721200000, 0x0000000721400000, 0x0000000721400000|100%| O|  |TAMS 0x0000000721200000, 0x0000000721200000| Untracked 
| 266|0x0000000721400000, 0x0000000721600000, 0x0000000721600000|100%| O|  |TAMS 0x0000000721400000, 0x0000000721400000| Untracked 
| 267|0x0000000721600000, 0x0000000721800000, 0x0000000721800000|100%| O|  |TAMS 0x0000000721600000, 0x0000000721600000| Untracked 
| 268|0x0000000721800000, 0x0000000721a00000, 0x0000000721a00000|100%| O|  |TAMS 0x0000000721800000, 0x0000000721800000| Untracked 
| 269|0x0000000721a00000, 0x0000000721c00000, 0x0000000721c00000|100%| O|  |TAMS 0x0000000721a00000, 0x0000000721a00000| Untracked 
| 270|0x0000000721c00000, 0x0000000721e00000, 0x0000000721e00000|100%| O|  |TAMS 0x0000000721c00000, 0x0000000721c00000| Untracked 
| 271|0x0000000721e00000, 0x0000000722000000, 0x0000000722000000|100%| O|  |TAMS 0x0000000721e00000, 0x0000000721e00000| Untracked 
| 272|0x0000000722000000, 0x0000000722200000, 0x0000000722200000|100%| O|  |TAMS 0x0000000722000000, 0x0000000722000000| Untracked 
| 273|0x0000000722200000, 0x0000000722400000, 0x0000000722400000|100%| O|  |TAMS 0x0000000722200000, 0x0000000722200000| Untracked 
| 274|0x0000000722400000, 0x0000000722600000, 0x0000000722600000|100%| O|  |TAMS 0x0000000722400000, 0x0000000722400000| Untracked 
| 275|0x0000000722600000, 0x0000000722800000, 0x0000000722800000|100%| O|  |TAMS 0x0000000722600000, 0x0000000722600000| Untracked 
| 276|0x0000000722800000, 0x0000000722a00000, 0x0000000722a00000|100%| O|  |TAMS 0x0000000722800000, 0x0000000722800000| Untracked 
| 277|0x0000000722a00000, 0x0000000722c00000, 0x0000000722c00000|100%| O|  |TAMS 0x0000000722a00000, 0x0000000722a00000| Untracked 
| 278|0x0000000722c00000, 0x0000000722e00000, 0x0000000722e00000|100%| O|  |TAMS 0x0000000722c00000, 0x0000000722c00000| Untracked 
| 279|0x0000000722e00000, 0x0000000723000000, 0x0000000723000000|100%| O|  |TAMS 0x0000000722e00000, 0x0000000722e00000| Untracked 
| 280|0x0000000723000000, 0x0000000723200000, 0x0000000723200000|100%| O|  |TAMS 0x0000000723000000, 0x0000000723000000| Untracked 
| 281|0x0000000723200000, 0x0000000723400000, 0x0000000723400000|100%| O|  |TAMS 0x0000000723200000, 0x0000000723200000| Untracked 
| 282|0x0000000723400000, 0x0000000723600000, 0x0000000723600000|100%| O|  |TAMS 0x0000000723400000, 0x0000000723400000| Untracked 
| 283|0x0000000723600000, 0x0000000723800000, 0x0000000723800000|100%| O|  |TAMS 0x0000000723600000, 0x0000000723600000| Untracked 
| 284|0x0000000723800000, 0x0000000723a00000, 0x0000000723a00000|100%| O|  |TAMS 0x0000000723800000, 0x0000000723800000| Untracked 
| 285|0x0000000723a00000, 0x0000000723c00000, 0x0000000723c00000|100%| O|  |TAMS 0x0000000723a00000, 0x0000000723a00000| Untracked 
| 286|0x0000000723c00000, 0x0000000723e00000, 0x0000000723e00000|100%| O|  |TAMS 0x0000000723c00000, 0x0000000723c00000| Untracked 
| 287|0x0000000723e00000, 0x0000000724000000, 0x0000000724000000|100%| O|  |TAMS 0x0000000723e00000, 0x0000000723e00000| Untracked 
| 288|0x0000000724000000, 0x0000000724200000, 0x0000000724200000|100%| O|  |TAMS 0x0000000724000000, 0x0000000724000000| Untracked 
| 289|0x0000000724200000, 0x0000000724400000, 0x0000000724400000|100%| O|  |TAMS 0x0000000724200000, 0x0000000724200000| Untracked 
| 290|0x0000000724400000, 0x0000000724600000, 0x0000000724600000|100%| O|  |TAMS 0x0000000724400000, 0x0000000724400000| Untracked 
| 291|0x0000000724600000, 0x0000000724800000, 0x0000000724800000|100%| O|  |TAMS 0x0000000724600000, 0x0000000724600000| Untracked 
| 292|0x0000000724800000, 0x0000000724a00000, 0x0000000724a00000|100%| O|  |TAMS 0x0000000724800000, 0x0000000724800000| Untracked 
| 293|0x0000000724a00000, 0x0000000724c00000, 0x0000000724c00000|100%| O|  |TAMS 0x0000000724a00000, 0x0000000724a00000| Untracked 
| 294|0x0000000724c00000, 0x0000000724e00000, 0x0000000724e00000|100%| O|  |TAMS 0x0000000724c00000, 0x0000000724c00000| Untracked 
| 295|0x0000000724e00000, 0x0000000725000000, 0x0000000725000000|100%| O|  |TAMS 0x0000000724e00000, 0x0000000724e00000| Untracked 
| 296|0x0000000725000000, 0x0000000725200000, 0x0000000725200000|100%| O|  |TAMS 0x0000000725000000, 0x0000000725000000| Untracked 
| 297|0x0000000725200000, 0x0000000725400000, 0x0000000725400000|100%| O|  |TAMS 0x0000000725200000, 0x0000000725200000| Untracked 
| 298|0x0000000725400000, 0x0000000725600000, 0x0000000725600000|100%| O|  |TAMS 0x0000000725400000, 0x0000000725400000| Untracked 
| 299|0x0000000725600000, 0x0000000725800000, 0x0000000725800000|100%| O|  |TAMS 0x0000000725600000, 0x0000000725600000| Untracked 
| 300|0x0000000725800000, 0x0000000725a00000, 0x0000000725a00000|100%| O|  |TAMS 0x0000000725800000, 0x0000000725800000| Untracked 
| 301|0x0000000725a00000, 0x0000000725c00000, 0x0000000725c00000|100%| O|  |TAMS 0x0000000725a00000, 0x0000000725a00000| Untracked 
| 302|0x0000000725c00000, 0x0000000725e00000, 0x0000000725e00000|100%| O|  |TAMS 0x0000000725c00000, 0x0000000725c00000| Untracked 
| 303|0x0000000725e00000, 0x0000000726000000, 0x0000000726000000|100%| O|  |TAMS 0x0000000725e00000, 0x0000000725e00000| Untracked 
| 304|0x0000000726000000, 0x0000000726200000, 0x0000000726200000|100%| O|  |TAMS 0x0000000726000000, 0x0000000726000000| Untracked 
| 305|0x0000000726200000, 0x0000000726400000, 0x0000000726400000|100%| O|  |TAMS 0x0000000726200000, 0x0000000726200000| Untracked 
| 306|0x0000000726400000, 0x0000000726600000, 0x0000000726600000|100%| O|  |TAMS 0x0000000726400000, 0x0000000726400000| Untracked 
| 307|0x0000000726600000, 0x0000000726800000, 0x0000000726800000|100%| O|  |TAMS 0x0000000726600000, 0x0000000726600000| Untracked 
| 308|0x0000000726800000, 0x0000000726a00000, 0x0000000726a00000|100%| O|  |TAMS 0x0000000726800000, 0x0000000726800000| Untracked 
| 309|0x0000000726a00000, 0x0000000726c00000, 0x0000000726c00000|100%| O|  |TAMS 0x0000000726a00000, 0x0000000726a00000| Untracked 
| 310|0x0000000726c00000, 0x0000000726e00000, 0x0000000726e00000|100%| O|  |TAMS 0x0000000726c00000, 0x0000000726c00000| Untracked 
| 311|0x0000000726e00000, 0x0000000727000000, 0x0000000727000000|100%| O|  |TAMS 0x0000000726e00000, 0x0000000726e00000| Untracked 
| 312|0x0000000727000000, 0x0000000727200000, 0x0000000727200000|100%| O|  |TAMS 0x0000000727000000, 0x0000000727000000| Untracked 
| 313|0x0000000727200000, 0x0000000727400000, 0x0000000727400000|100%| O|  |TAMS 0x0000000727200000, 0x0000000727200000| Untracked 
| 314|0x0000000727400000, 0x0000000727600000, 0x0000000727600000|100%| O|  |TAMS 0x0000000727400000, 0x0000000727400000| Untracked 
| 315|0x0000000727600000, 0x0000000727800000, 0x0000000727800000|100%| O|  |TAMS 0x0000000727600000, 0x0000000727600000| Untracked 
| 316|0x0000000727800000, 0x0000000727a00000, 0x0000000727a00000|100%| O|  |TAMS 0x0000000727800000, 0x0000000727800000| Untracked 
| 317|0x0000000727a00000, 0x0000000727c00000, 0x0000000727c00000|100%| O|  |TAMS 0x0000000727c00000, 0x0000000727a00000| Untracked 
| 318|0x0000000727c00000, 0x0000000727e00000, 0x0000000727e00000|100%| O|  |TAMS 0x0000000727c00000, 0x0000000727c00000| Untracked 
| 319|0x0000000727e00000, 0x0000000728000000, 0x0000000728000000|100%| O|  |TAMS 0x0000000728000000, 0x0000000727e00000| Untracked 
| 320|0x0000000728000000, 0x0000000728200000, 0x0000000728200000|100%| O|  |TAMS 0x0000000728200000, 0x0000000728000000| Untracked 
| 321|0x0000000728200000, 0x0000000728400000, 0x0000000728400000|100%| O|  |TAMS 0x0000000728200000, 0x0000000728200000| Untracked 
| 322|0x0000000728400000, 0x0000000728600000, 0x0000000728600000|100%| O|  |TAMS 0x0000000728600000, 0x0000000728400000| Untracked 
| 323|0x0000000728600000, 0x0000000728800000, 0x0000000728800000|100%| O|  |TAMS 0x0000000728800000, 0x0000000728600000| Untracked 
| 324|0x0000000728800000, 0x0000000728a00000, 0x0000000728a00000|100%| O|  |TAMS 0x0000000728a00000, 0x0000000728800000| Untracked 
| 325|0x0000000728a00000, 0x0000000728c00000, 0x0000000728c00000|100%| O|  |TAMS 0x0000000728c00000, 0x0000000728a00000| Untracked 
| 326|0x0000000728c00000, 0x0000000728e00000, 0x0000000728e00000|100%| O|  |TAMS 0x0000000728e00000, 0x0000000728c00000| Untracked 
| 327|0x0000000728e00000, 0x0000000729000000, 0x0000000729000000|100%| O|  |TAMS 0x0000000728e00000, 0x0000000728e00000| Untracked 
| 328|0x0000000729000000, 0x0000000729200000, 0x0000000729200000|100%| O|  |TAMS 0x0000000729000000, 0x0000000729000000| Untracked 
| 329|0x0000000729200000, 0x0000000729400000, 0x0000000729400000|100%| O|  |TAMS 0x0000000729200000, 0x0000000729200000| Untracked 
| 330|0x0000000729400000, 0x0000000729600000, 0x0000000729600000|100%| O|  |TAMS 0x0000000729400000, 0x0000000729400000| Untracked 
| 331|0x0000000729600000, 0x0000000729800000, 0x0000000729800000|100%| O|  |TAMS 0x0000000729600000, 0x0000000729600000| Untracked 
| 332|0x0000000729800000, 0x0000000729a00000, 0x0000000729a00000|100%| O|  |TAMS 0x0000000729800000, 0x0000000729800000| Untracked 
| 333|0x0000000729a00000, 0x0000000729c00000, 0x0000000729c00000|100%|HS|  |TAMS 0x0000000729c00000, 0x0000000729a00000| Complete 
| 334|0x0000000729c00000, 0x0000000729e00000, 0x0000000729e00000|100%|HC|  |TAMS 0x0000000729e00000, 0x0000000729c00000| Complete 
| 335|0x0000000729e00000, 0x000000072a000000, 0x000000072a000000|100%| O|  |TAMS 0x0000000729e00000, 0x0000000729e00000| Untracked 
| 336|0x000000072a000000, 0x000000072a200000, 0x000000072a200000|100%| O|  |TAMS 0x000000072a000000, 0x000000072a000000| Untracked 
| 337|0x000000072a200000, 0x000000072a400000, 0x000000072a400000|100%| O|  |TAMS 0x000000072a200000, 0x000000072a200000| Untracked 
| 338|0x000000072a400000, 0x000000072a600000, 0x000000072a600000|100%| O|  |TAMS 0x000000072a600000, 0x000000072a400000| Untracked 
| 339|0x000000072a600000, 0x000000072a800000, 0x000000072a800000|100%| O|  |TAMS 0x000000072a800000, 0x000000072a600000| Untracked 
| 340|0x000000072a800000, 0x000000072aa00000, 0x000000072aa00000|100%| O|  |TAMS 0x000000072aa00000, 0x000000072a800000| Untracked 
| 341|0x000000072aa00000, 0x000000072ac00000, 0x000000072ac00000|100%| O|  |TAMS 0x000000072aa00000, 0x000000072aa00000| Untracked 
| 342|0x000000072ac00000, 0x000000072ae00000, 0x000000072ae00000|100%| O|  |TAMS 0x000000072ac00000, 0x000000072ac00000| Untracked 
| 343|0x000000072ae00000, 0x000000072b000000, 0x000000072b000000|100%| O|  |TAMS 0x000000072ae00000, 0x000000072ae00000| Untracked 
| 344|0x000000072b000000, 0x000000072b200000, 0x000000072b200000|100%| O|  |TAMS 0x000000072b000000, 0x000000072b000000| Untracked 
| 345|0x000000072b200000, 0x000000072b400000, 0x000000072b400000|100%| O|  |TAMS 0x000000072b200000, 0x000000072b200000| Untracked 
| 346|0x000000072b400000, 0x000000072b600000, 0x000000072b600000|100%| O|  |TAMS 0x000000072b600000, 0x000000072b400000| Untracked 
| 347|0x000000072b600000, 0x000000072b800000, 0x000000072b800000|100%| O|  |TAMS 0x000000072b800000, 0x000000072b600000| Untracked 
| 348|0x000000072b800000, 0x000000072ba00000, 0x000000072ba00000|100%| O|  |TAMS 0x000000072b800000, 0x000000072b800000| Untracked 
| 349|0x000000072ba00000, 0x000000072bc00000, 0x000000072bc00000|100%| O|  |TAMS 0x000000072ba00000, 0x000000072ba00000| Untracked 
| 350|0x000000072bc00000, 0x000000072be00000, 0x000000072be00000|100%| O|  |TAMS 0x000000072bc00000, 0x000000072bc00000| Untracked 
| 351|0x000000072be00000, 0x000000072c000000, 0x000000072c000000|100%| O|  |TAMS 0x000000072be00000, 0x000000072be00000| Untracked 
| 352|0x000000072c000000, 0x000000072c200000, 0x000000072c200000|100%| O|  |TAMS 0x000000072c000000, 0x000000072c000000| Untracked 
| 353|0x000000072c200000, 0x000000072c400000, 0x000000072c400000|100%| O|  |TAMS 0x000000072c200000, 0x000000072c200000| Untracked 
| 354|0x000000072c400000, 0x000000072c600000, 0x000000072c600000|100%| O|  |TAMS 0x000000072c400000, 0x000000072c400000| Untracked 
| 355|0x000000072c600000, 0x000000072c800000, 0x000000072c800000|100%| O|  |TAMS 0x000000072c600000, 0x000000072c600000| Untracked 
| 356|0x000000072c800000, 0x000000072ca00000, 0x000000072ca00000|100%| O|  |TAMS 0x000000072c800000, 0x000000072c800000| Untracked 
| 357|0x000000072ca00000, 0x000000072cc00000, 0x000000072cc00000|100%| O|  |TAMS 0x000000072ca00000, 0x000000072ca00000| Untracked 
| 358|0x000000072cc00000, 0x000000072ce00000, 0x000000072ce00000|100%| O|  |TAMS 0x000000072cc00000, 0x000000072cc00000| Untracked 
| 359|0x000000072ce00000, 0x000000072d000000, 0x000000072d000000|100%| O|  |TAMS 0x000000072ce00000, 0x000000072ce00000| Untracked 
| 360|0x000000072d000000, 0x000000072d200000, 0x000000072d200000|100%| O|  |TAMS 0x000000072d000000, 0x000000072d000000| Untracked 
| 361|0x000000072d200000, 0x000000072d400000, 0x000000072d400000|100%| O|  |TAMS 0x000000072d200000, 0x000000072d200000| Untracked 
| 362|0x000000072d400000, 0x000000072d600000, 0x000000072d600000|100%| O|  |TAMS 0x000000072d400000, 0x000000072d400000| Untracked 
| 363|0x000000072d600000, 0x000000072d800000, 0x000000072d800000|100%| O|  |TAMS 0x000000072d600000, 0x000000072d600000| Untracked 
| 364|0x000000072d800000, 0x000000072da00000, 0x000000072da00000|100%| O|  |TAMS 0x000000072d800000, 0x000000072d800000| Untracked 
| 365|0x000000072da00000, 0x000000072dc00000, 0x000000072dc00000|100%| O|  |TAMS 0x000000072da00000, 0x000000072da00000| Untracked 
| 366|0x000000072dc00000, 0x000000072de00000, 0x000000072de00000|100%| O|  |TAMS 0x000000072dc00000, 0x000000072dc00000| Untracked 
| 367|0x000000072de00000, 0x000000072e000000, 0x000000072e000000|100%| O|  |TAMS 0x000000072de00000, 0x000000072de00000| Untracked 
| 368|0x000000072e000000, 0x000000072e200000, 0x000000072e200000|100%| O|  |TAMS 0x000000072e000000, 0x000000072e000000| Untracked 
| 369|0x000000072e200000, 0x000000072e400000, 0x000000072e400000|100%| O|  |TAMS 0x000000072e200000, 0x000000072e200000| Untracked 
| 370|0x000000072e400000, 0x000000072e600000, 0x000000072e600000|100%| O|  |TAMS 0x000000072e400000, 0x000000072e400000| Untracked 
| 371|0x000000072e600000, 0x000000072e800000, 0x000000072e800000|100%| O|  |TAMS 0x000000072e600000, 0x000000072e600000| Untracked 
| 372|0x000000072e800000, 0x000000072ea00000, 0x000000072ea00000|100%| O|  |TAMS 0x000000072e800000, 0x000000072e800000| Untracked 
| 373|0x000000072ea00000, 0x000000072ec00000, 0x000000072ec00000|100%| O|  |TAMS 0x000000072ea00000, 0x000000072ea00000| Untracked 
| 374|0x000000072ec00000, 0x000000072ee00000, 0x000000072ee00000|100%| O|  |TAMS 0x000000072ec00000, 0x000000072ec00000| Untracked 
| 375|0x000000072ee00000, 0x000000072f000000, 0x000000072f000000|100%| O|  |TAMS 0x000000072ee00000, 0x000000072ee00000| Untracked 
| 376|0x000000072f000000, 0x000000072f200000, 0x000000072f200000|100%| O|  |TAMS 0x000000072f000000, 0x000000072f000000| Untracked 
| 377|0x000000072f200000, 0x000000072f400000, 0x000000072f400000|100%| O|  |TAMS 0x000000072f200000, 0x000000072f200000| Untracked 
| 378|0x000000072f400000, 0x000000072f600000, 0x000000072f600000|100%| O|  |TAMS 0x000000072f400000, 0x000000072f400000| Untracked 
| 379|0x000000072f600000, 0x000000072f800000, 0x000000072f800000|100%| O|  |TAMS 0x000000072f600000, 0x000000072f600000| Untracked 
| 380|0x000000072f800000, 0x000000072fa00000, 0x000000072fa00000|100%| O|  |TAMS 0x000000072f800000, 0x000000072f800000| Untracked 
| 381|0x000000072fa00000, 0x000000072fc00000, 0x000000072fc00000|100%| O|  |TAMS 0x000000072fa00000, 0x000000072fa00000| Untracked 
| 382|0x000000072fc00000, 0x000000072fe00000, 0x000000072fe00000|100%| O|  |TAMS 0x000000072fc00000, 0x000000072fc00000| Untracked 
| 383|0x000000072fe00000, 0x0000000730000000, 0x0000000730000000|100%| O|  |TAMS 0x000000072fe00000, 0x000000072fe00000| Untracked 
| 384|0x0000000730000000, 0x0000000730200000, 0x0000000730200000|100%| O|  |TAMS 0x0000000730000000, 0x0000000730000000| Untracked 
| 385|0x0000000730200000, 0x0000000730400000, 0x0000000730400000|100%| O|  |TAMS 0x0000000730200000, 0x0000000730200000| Untracked 
| 386|0x0000000730400000, 0x0000000730600000, 0x0000000730600000|100%| O|  |TAMS 0x0000000730400000, 0x0000000730400000| Untracked 
| 387|0x0000000730600000, 0x0000000730800000, 0x0000000730800000|100%| O|  |TAMS 0x0000000730600000, 0x0000000730600000| Untracked 
| 388|0x0000000730800000, 0x0000000730a00000, 0x0000000730a00000|100%| O|  |TAMS 0x0000000730800000, 0x0000000730800000| Untracked 
| 389|0x0000000730a00000, 0x0000000730c00000, 0x0000000730c00000|100%| O|  |TAMS 0x0000000730a00000, 0x0000000730a00000| Untracked 
| 390|0x0000000730c00000, 0x0000000730e00000, 0x0000000730e00000|100%| O|  |TAMS 0x0000000730c00000, 0x0000000730c00000| Untracked 
| 391|0x0000000730e00000, 0x0000000731000000, 0x0000000731000000|100%| O|  |TAMS 0x0000000730e00000, 0x0000000730e00000| Untracked 
| 392|0x0000000731000000, 0x0000000731200000, 0x0000000731200000|100%| O|  |TAMS 0x0000000731000000, 0x0000000731000000| Untracked 
| 393|0x0000000731200000, 0x0000000731400000, 0x0000000731400000|100%| O|  |TAMS 0x0000000731200000, 0x0000000731200000| Untracked 
| 394|0x0000000731400000, 0x0000000731600000, 0x0000000731600000|100%| O|  |TAMS 0x0000000731400000, 0x0000000731400000| Untracked 
| 395|0x0000000731600000, 0x0000000731800000, 0x0000000731800000|100%| O|  |TAMS 0x0000000731600000, 0x0000000731600000| Untracked 
| 396|0x0000000731800000, 0x0000000731a00000, 0x0000000731a00000|100%| O|  |TAMS 0x0000000731800000, 0x0000000731800000| Untracked 
| 397|0x0000000731a00000, 0x0000000731c00000, 0x0000000731c00000|100%| O|  |TAMS 0x0000000731a00000, 0x0000000731a00000| Untracked 
| 398|0x0000000731c00000, 0x0000000731e00000, 0x0000000731e00000|100%| O|  |TAMS 0x0000000731c00000, 0x0000000731c00000| Untracked 
| 399|0x0000000731e00000, 0x0000000732000000, 0x0000000732000000|100%| O|  |TAMS 0x0000000731e00000, 0x0000000731e00000| Untracked 
| 400|0x0000000732000000, 0x0000000732200000, 0x0000000732200000|100%| O|  |TAMS 0x0000000732000000, 0x0000000732000000| Untracked 
| 401|0x0000000732200000, 0x0000000732400000, 0x0000000732400000|100%| O|  |TAMS 0x0000000732200000, 0x0000000732200000| Untracked 
| 402|0x0000000732400000, 0x0000000732600000, 0x0000000732600000|100%| O|  |TAMS 0x0000000732400000, 0x0000000732400000| Untracked 
| 403|0x0000000732600000, 0x0000000732800000, 0x0000000732800000|100%| O|  |TAMS 0x0000000732600000, 0x0000000732600000| Untracked 
| 404|0x0000000732800000, 0x0000000732a00000, 0x0000000732a00000|100%| O|  |TAMS 0x0000000732800000, 0x0000000732800000| Untracked 
| 405|0x0000000732a00000, 0x0000000732c00000, 0x0000000732c00000|100%| O|  |TAMS 0x0000000732a00000, 0x0000000732a00000| Untracked 
| 406|0x0000000732c00000, 0x0000000732e00000, 0x0000000732e00000|100%| O|  |TAMS 0x0000000732c00000, 0x0000000732c00000| Untracked 
| 407|0x0000000732e00000, 0x0000000733000000, 0x0000000733000000|100%| O|  |TAMS 0x0000000732e00000, 0x0000000732e00000| Untracked 
| 408|0x0000000733000000, 0x0000000733200000, 0x0000000733200000|100%| O|  |TAMS 0x0000000733000000, 0x0000000733000000| Untracked 
| 409|0x0000000733200000, 0x0000000733400000, 0x0000000733400000|100%| O|  |TAMS 0x0000000733200000, 0x0000000733200000| Untracked 
| 410|0x0000000733400000, 0x0000000733600000, 0x0000000733600000|100%| O|  |TAMS 0x0000000733400000, 0x0000000733400000| Untracked 
| 411|0x0000000733600000, 0x0000000733800000, 0x0000000733800000|100%| O|  |TAMS 0x0000000733600000, 0x0000000733600000| Untracked 
| 412|0x0000000733800000, 0x0000000733a00000, 0x0000000733a00000|100%| O|  |TAMS 0x0000000733800000, 0x0000000733800000| Untracked 
| 413|0x0000000733a00000, 0x0000000733c00000, 0x0000000733c00000|100%| O|  |TAMS 0x0000000733a00000, 0x0000000733a00000| Untracked 
| 414|0x0000000733c00000, 0x0000000733e00000, 0x0000000733e00000|100%| O|  |TAMS 0x0000000733c00000, 0x0000000733c00000| Untracked 
| 415|0x0000000733e00000, 0x0000000734000000, 0x0000000734000000|100%| O|  |TAMS 0x0000000733e00000, 0x0000000733e00000| Untracked 
| 416|0x0000000734000000, 0x0000000734200000, 0x0000000734200000|100%| O|  |TAMS 0x0000000734200000, 0x0000000734000000| Untracked 
| 417|0x0000000734200000, 0x0000000734400000, 0x0000000734400000|100%| O|  |TAMS 0x0000000734400000, 0x0000000734200000| Untracked 
| 418|0x0000000734400000, 0x0000000734600000, 0x0000000734600000|100%| O|  |TAMS 0x0000000734400000, 0x0000000734400000| Untracked 
| 419|0x0000000734600000, 0x0000000734800000, 0x0000000734800000|100%| O|  |TAMS 0x0000000734600000, 0x0000000734600000| Untracked 
| 420|0x0000000734800000, 0x0000000734a00000, 0x0000000734a00000|100%|HS|  |TAMS 0x0000000734a00000, 0x0000000734800000| Complete 
| 421|0x0000000734a00000, 0x0000000734c00000, 0x0000000734c00000|100%|HC|  |TAMS 0x0000000734c00000, 0x0000000734a00000| Complete 
| 422|0x0000000734c00000, 0x0000000734e00000, 0x0000000734e00000|100%|HS|  |TAMS 0x0000000734e00000, 0x0000000734c00000| Complete 
| 423|0x0000000734e00000, 0x0000000735000000, 0x0000000735000000|100%|HC|  |TAMS 0x0000000735000000, 0x0000000734e00000| Complete 
| 424|0x0000000735000000, 0x0000000735200000, 0x0000000735200000|100%| O|  |TAMS 0x0000000735000000, 0x0000000735000000| Untracked 
| 425|0x0000000735200000, 0x0000000735400000, 0x0000000735400000|100%| O|  |TAMS 0x0000000735200000, 0x0000000735200000| Untracked 
| 426|0x0000000735400000, 0x0000000735600000, 0x0000000735600000|100%| O|  |TAMS 0x0000000735600000, 0x0000000735400000| Untracked 
| 427|0x0000000735600000, 0x0000000735800000, 0x0000000735800000|100%| O|  |TAMS 0x0000000735800000, 0x0000000735600000| Untracked 
| 428|0x0000000735800000, 0x0000000735a00000, 0x0000000735a00000|100%| O|  |TAMS 0x0000000735a00000, 0x0000000735800000| Untracked 
| 429|0x0000000735a00000, 0x0000000735c00000, 0x0000000735c00000|100%| O|  |TAMS 0x0000000735c00000, 0x0000000735a00000| Untracked 
| 430|0x0000000735c00000, 0x0000000735e00000, 0x0000000735e00000|100%| O|  |TAMS 0x0000000735e00000, 0x0000000735c00000| Untracked 
| 431|0x0000000735e00000, 0x0000000736000000, 0x0000000736000000|100%| O|  |TAMS 0x0000000736000000, 0x0000000735e00000| Untracked 
| 432|0x0000000736000000, 0x0000000736200000, 0x0000000736200000|100%| O|  |TAMS 0x0000000736200000, 0x0000000736000000| Untracked 
| 433|0x0000000736200000, 0x0000000736400000, 0x0000000736400000|100%| O|  |TAMS 0x0000000736400000, 0x0000000736200000| Untracked 
| 434|0x0000000736400000, 0x0000000736600000, 0x0000000736600000|100%| O|  |TAMS 0x0000000736600000, 0x0000000736400000| Untracked 
| 435|0x0000000736600000, 0x0000000736800000, 0x0000000736800000|100%| O|  |TAMS 0x0000000736800000, 0x0000000736600000| Untracked 
| 436|0x0000000736800000, 0x0000000736a00000, 0x0000000736a00000|100%| O|  |TAMS 0x0000000736a00000, 0x0000000736800000| Untracked 
| 437|0x0000000736a00000, 0x0000000736c00000, 0x0000000736c00000|100%| O|  |TAMS 0x0000000736c00000, 0x0000000736a00000| Untracked 
| 438|0x0000000736c00000, 0x0000000736e00000, 0x0000000736e00000|100%| O|  |TAMS 0x0000000736e00000, 0x0000000736c00000| Untracked 
| 439|0x0000000736e00000, 0x0000000737000000, 0x0000000737000000|100%| O|  |TAMS 0x0000000737000000, 0x0000000736e00000| Untracked 
| 440|0x0000000737000000, 0x0000000737200000, 0x0000000737200000|100%| O|  |TAMS 0x0000000737200000, 0x0000000737000000| Untracked 
| 441|0x0000000737200000, 0x0000000737400000, 0x0000000737400000|100%| O|  |TAMS 0x0000000737400000, 0x0000000737200000| Untracked 
| 442|0x0000000737400000, 0x0000000737600000, 0x0000000737600000|100%| O|  |TAMS 0x0000000737600000, 0x0000000737400000| Untracked 
| 443|0x0000000737600000, 0x0000000737800000, 0x0000000737800000|100%| O|  |TAMS 0x0000000737800000, 0x0000000737600000| Untracked 
| 444|0x0000000737800000, 0x0000000737a00000, 0x0000000737a00000|100%| O|  |TAMS 0x0000000737a00000, 0x0000000737800000| Untracked 
| 445|0x0000000737a00000, 0x0000000737c00000, 0x0000000737c00000|100%| O|  |TAMS 0x0000000737c00000, 0x0000000737a00000| Untracked 
| 446|0x0000000737c00000, 0x0000000737e00000, 0x0000000737e00000|100%| O|  |TAMS 0x0000000737e00000, 0x0000000737c00000| Untracked 
| 447|0x0000000737e00000, 0x0000000738000000, 0x0000000738000000|100%| O|  |TAMS 0x0000000738000000, 0x0000000737e00000| Untracked 
| 448|0x0000000738000000, 0x0000000738200000, 0x0000000738200000|100%| O|  |TAMS 0x0000000738200000, 0x0000000738000000| Untracked 
| 449|0x0000000738200000, 0x0000000738400000, 0x0000000738400000|100%| O|  |TAMS 0x0000000738400000, 0x0000000738200000| Untracked 
| 450|0x0000000738400000, 0x0000000738600000, 0x0000000738600000|100%| O|  |TAMS 0x0000000738600000, 0x0000000738400000| Untracked 
| 451|0x0000000738600000, 0x0000000738800000, 0x0000000738800000|100%| O|  |TAMS 0x0000000738800000, 0x0000000738600000| Untracked 
| 452|0x0000000738800000, 0x0000000738a00000, 0x0000000738a00000|100%| O|  |TAMS 0x0000000738a00000, 0x0000000738800000| Untracked 
| 453|0x0000000738a00000, 0x0000000738c00000, 0x0000000738c00000|100%| O|  |TAMS 0x0000000738c00000, 0x0000000738a00000| Untracked 
| 454|0x0000000738c00000, 0x0000000738e00000, 0x0000000738e00000|100%| O|  |TAMS 0x0000000738c00000, 0x0000000738c00000| Untracked 
| 455|0x0000000738e00000, 0x0000000739000000, 0x0000000739000000|100%| O|  |TAMS 0x0000000738e00000, 0x0000000738e00000| Untracked 
| 456|0x0000000739000000, 0x0000000739200000, 0x0000000739200000|100%| O|  |TAMS 0x0000000739000000, 0x0000000739000000| Untracked 
| 457|0x0000000739200000, 0x0000000739400000, 0x0000000739400000|100%| O|  |TAMS 0x0000000739200000, 0x0000000739200000| Untracked 
| 458|0x0000000739400000, 0x0000000739600000, 0x0000000739600000|100%| O|  |TAMS 0x0000000739400000, 0x0000000739400000| Untracked 
| 459|0x0000000739600000, 0x0000000739800000, 0x0000000739800000|100%| O|  |TAMS 0x0000000739600000, 0x0000000739600000| Untracked 
| 460|0x0000000739800000, 0x0000000739a00000, 0x0000000739a00000|100%| O|  |TAMS 0x0000000739800000, 0x0000000739800000| Untracked 
| 461|0x0000000739a00000, 0x0000000739c00000, 0x0000000739c00000|100%| O|  |TAMS 0x0000000739a00000, 0x0000000739a00000| Untracked 
| 462|0x0000000739c00000, 0x0000000739e00000, 0x0000000739e00000|100%| O|  |TAMS 0x0000000739c00000, 0x0000000739c00000| Untracked 
| 463|0x0000000739e00000, 0x000000073a000000, 0x000000073a000000|100%| O|  |TAMS 0x0000000739e00000, 0x0000000739e00000| Untracked 
| 464|0x000000073a000000, 0x000000073a200000, 0x000000073a200000|100%| O|  |TAMS 0x000000073a000000, 0x000000073a000000| Untracked 
| 465|0x000000073a200000, 0x000000073a400000, 0x000000073a400000|100%| O|  |TAMS 0x000000073a200000, 0x000000073a200000| Untracked 
| 466|0x000000073a400000, 0x000000073a600000, 0x000000073a600000|100%| O|  |TAMS 0x000000073a400000, 0x000000073a400000| Untracked 
| 467|0x000000073a600000, 0x000000073a800000, 0x000000073a800000|100%| O|  |TAMS 0x000000073a600000, 0x000000073a600000| Untracked 
| 468|0x000000073a800000, 0x000000073aa00000, 0x000000073aa00000|100%| O|  |TAMS 0x000000073a800000, 0x000000073a800000| Untracked 
| 469|0x000000073aa00000, 0x000000073ac00000, 0x000000073ac00000|100%| O|  |TAMS 0x000000073ac00000, 0x000000073aa00000| Untracked 
| 470|0x000000073ac00000, 0x000000073ae00000, 0x000000073ae00000|100%| O|  |TAMS 0x000000073ae00000, 0x000000073ac00000| Untracked 
| 471|0x000000073ae00000, 0x000000073b000000, 0x000000073b000000|100%| O|  |TAMS 0x000000073ae00000, 0x000000073ae00000| Untracked 
| 472|0x000000073b000000, 0x000000073b200000, 0x000000073b200000|100%| O|  |TAMS 0x000000073b200000, 0x000000073b000000| Untracked 
| 473|0x000000073b200000, 0x000000073b400000, 0x000000073b400000|100%| O|  |TAMS 0x000000073b400000, 0x000000073b200000| Untracked 
| 474|0x000000073b400000, 0x000000073b535400, 0x000000073b600000| 60%| O|  |TAMS 0x000000073b400000, 0x000000073b400000| Untracked 
| 475|0x000000073b600000, 0x000000073b800000, 0x000000073b800000|100%| O|  |TAMS 0x000000073b800000, 0x000000073b600000| Untracked 
| 476|0x000000073b800000, 0x000000073ba00000, 0x000000073ba00000|100%| O|  |TAMS 0x000000073ba00000, 0x000000073b800000| Untracked 
| 477|0x000000073ba00000, 0x000000073bc00000, 0x000000073bc00000|100%| O|  |TAMS 0x000000073bc00000, 0x000000073ba00000| Untracked 
| 478|0x000000073bc00000, 0x000000073be00000, 0x000000073be00000|100%| O|  |TAMS 0x000000073be00000, 0x000000073bc00000| Untracked 
| 479|0x000000073be00000, 0x000000073be00000, 0x000000073c000000|  0%| F|  |TAMS 0x000000073be00000, 0x000000073be00000| Untracked 
| 480|0x000000073c000000, 0x000000073c000000, 0x000000073c200000|  0%| F|  |TAMS 0x000000073c000000, 0x000000073c000000| Untracked 
| 481|0x000000073c200000, 0x000000073c200000, 0x000000073c400000|  0%| F|  |TAMS 0x000000073c200000, 0x000000073c200000| Untracked 
| 482|0x000000073c400000, 0x000000073c400000, 0x000000073c600000|  0%| F|  |TAMS 0x000000073c400000, 0x000000073c400000| Untracked 
| 483|0x000000073c600000, 0x000000073c600000, 0x000000073c800000|  0%| F|  |TAMS 0x000000073c600000, 0x000000073c600000| Untracked 
| 484|0x000000073c800000, 0x000000073c800000, 0x000000073ca00000|  0%| F|  |TAMS 0x000000073c800000, 0x000000073c800000| Untracked 
| 485|0x000000073ca00000, 0x000000073ca00000, 0x000000073cc00000|  0%| F|  |TAMS 0x000000073ca00000, 0x000000073ca00000| Untracked 
| 486|0x000000073cc00000, 0x000000073cc00000, 0x000000073ce00000|  0%| F|  |TAMS 0x000000073cc00000, 0x000000073cc00000| Untracked 
| 487|0x000000073ce00000, 0x000000073ce00000, 0x000000073d000000|  0%| F|  |TAMS 0x000000073ce00000, 0x000000073ce00000| Untracked 
| 488|0x000000073d000000, 0x000000073d000000, 0x000000073d200000|  0%| F|  |TAMS 0x000000073d000000, 0x000000073d000000| Untracked 
| 489|0x000000073d200000, 0x000000073d200000, 0x000000073d400000|  0%| F|  |TAMS 0x000000073d200000, 0x000000073d200000| Untracked 
| 490|0x000000073d400000, 0x000000073d400000, 0x000000073d600000|  0%| F|  |TAMS 0x000000073d400000, 0x000000073d400000| Untracked 
| 491|0x000000073d600000, 0x000000073d600000, 0x000000073d800000|  0%| F|  |TAMS 0x000000073d600000, 0x000000073d600000| Untracked 
| 492|0x000000073d800000, 0x000000073d800000, 0x000000073da00000|  0%| F|  |TAMS 0x000000073d800000, 0x000000073d800000| Untracked 
| 493|0x000000073da00000, 0x000000073da00000, 0x000000073dc00000|  0%| F|  |TAMS 0x000000073da00000, 0x000000073da00000| Untracked 
| 494|0x000000073dc00000, 0x000000073dc00000, 0x000000073de00000|  0%| F|  |TAMS 0x000000073dc00000, 0x000000073dc00000| Untracked 
| 495|0x000000073de00000, 0x000000073de00000, 0x000000073e000000|  0%| F|  |TAMS 0x000000073de00000, 0x000000073de00000| Untracked 
| 496|0x000000073e000000, 0x000000073e000000, 0x000000073e200000|  0%| F|  |TAMS 0x000000073e000000, 0x000000073e000000| Untracked 
| 497|0x000000073e200000, 0x000000073e200000, 0x000000073e400000|  0%| F|  |TAMS 0x000000073e200000, 0x000000073e200000| Untracked 
| 498|0x000000073e400000, 0x000000073e400000, 0x000000073e600000|  0%| F|  |TAMS 0x000000073e400000, 0x000000073e400000| Untracked 
| 499|0x000000073e600000, 0x000000073e600000, 0x000000073e800000|  0%| F|  |TAMS 0x000000073e600000, 0x000000073e600000| Untracked 
| 500|0x000000073e800000, 0x000000073e800000, 0x000000073ea00000|  0%| F|  |TAMS 0x000000073e800000, 0x000000073e800000| Untracked 
| 501|0x000000073ea00000, 0x000000073ea00000, 0x000000073ec00000|  0%| F|  |TAMS 0x000000073ea00000, 0x000000073ea00000| Untracked 
| 502|0x000000073ec00000, 0x000000073ec00000, 0x000000073ee00000|  0%| F|  |TAMS 0x000000073ec00000, 0x000000073ec00000| Untracked 
| 503|0x000000073ee00000, 0x000000073ee00000, 0x000000073f000000|  0%| F|  |TAMS 0x000000073ee00000, 0x000000073ee00000| Untracked 
| 504|0x000000073f000000, 0x000000073f000000, 0x000000073f200000|  0%| F|  |TAMS 0x000000073f000000, 0x000000073f000000| Untracked 
| 505|0x000000073f200000, 0x000000073f200000, 0x000000073f400000|  0%| F|  |TAMS 0x000000073f200000, 0x000000073f200000| Untracked 
| 506|0x000000073f400000, 0x000000073f400000, 0x000000073f600000|  0%| F|  |TAMS 0x000000073f400000, 0x000000073f400000| Untracked 
| 507|0x000000073f600000, 0x000000073f600000, 0x000000073f800000|  0%| F|  |TAMS 0x000000073f600000, 0x000000073f600000| Untracked 
| 508|0x000000073f800000, 0x000000073f800000, 0x000000073fa00000|  0%| F|  |TAMS 0x000000073f800000, 0x000000073f800000| Untracked 
| 509|0x000000073fa00000, 0x000000073fa00000, 0x000000073fc00000|  0%| F|  |TAMS 0x000000073fa00000, 0x000000073fa00000| Untracked 
| 510|0x000000073fc00000, 0x000000073fc00000, 0x000000073fe00000|  0%| F|  |TAMS 0x000000073fc00000, 0x000000073fc00000| Untracked 
| 511|0x000000073fe00000, 0x000000073fe00000, 0x0000000740000000|  0%| F|  |TAMS 0x000000073fe00000, 0x000000073fe00000| Untracked 
| 512|0x0000000740000000, 0x0000000740000000, 0x0000000740200000|  0%| F|  |TAMS 0x0000000740000000, 0x0000000740000000| Untracked 
| 513|0x0000000740200000, 0x0000000740200000, 0x0000000740400000|  0%| F|  |TAMS 0x0000000740200000, 0x0000000740200000| Untracked 
| 514|0x0000000740400000, 0x0000000740400000, 0x0000000740600000|  0%| F|  |TAMS 0x0000000740400000, 0x0000000740400000| Untracked 
| 515|0x0000000740600000, 0x0000000740600000, 0x0000000740800000|  0%| F|  |TAMS 0x0000000740600000, 0x0000000740600000| Untracked 
| 516|0x0000000740800000, 0x0000000740800000, 0x0000000740a00000|  0%| F|  |TAMS 0x0000000740800000, 0x0000000740800000| Untracked 
| 517|0x0000000740a00000, 0x0000000740a00000, 0x0000000740c00000|  0%| F|  |TAMS 0x0000000740a00000, 0x0000000740a00000| Untracked 
| 518|0x0000000740c00000, 0x0000000740c00000, 0x0000000740e00000|  0%| F|  |TAMS 0x0000000740c00000, 0x0000000740c00000| Untracked 
| 519|0x0000000740e00000, 0x0000000740e00000, 0x0000000741000000|  0%| F|  |TAMS 0x0000000740e00000, 0x0000000740e00000| Untracked 
| 520|0x0000000741000000, 0x0000000741000000, 0x0000000741200000|  0%| F|  |TAMS 0x0000000741000000, 0x0000000741000000| Untracked 
| 521|0x0000000741200000, 0x0000000741200000, 0x0000000741400000|  0%| F|  |TAMS 0x0000000741200000, 0x0000000741200000| Untracked 
| 522|0x0000000741400000, 0x0000000741400000, 0x0000000741600000|  0%| F|  |TAMS 0x0000000741400000, 0x0000000741400000| Untracked 
| 523|0x0000000741600000, 0x0000000741600000, 0x0000000741800000|  0%| F|  |TAMS 0x0000000741600000, 0x0000000741600000| Untracked 
| 524|0x0000000741800000, 0x0000000741800000, 0x0000000741a00000|  0%| F|  |TAMS 0x0000000741800000, 0x0000000741800000| Untracked 
| 525|0x0000000741a00000, 0x0000000741a00000, 0x0000000741c00000|  0%| F|  |TAMS 0x0000000741a00000, 0x0000000741a00000| Untracked 
| 526|0x0000000741c00000, 0x0000000741c00000, 0x0000000741e00000|  0%| F|  |TAMS 0x0000000741c00000, 0x0000000741c00000| Untracked 
| 527|0x0000000741e00000, 0x0000000741e00000, 0x0000000742000000|  0%| F|  |TAMS 0x0000000741e00000, 0x0000000741e00000| Untracked 
| 528|0x0000000742000000, 0x0000000742000000, 0x0000000742200000|  0%| F|  |TAMS 0x0000000742000000, 0x0000000742000000| Untracked 
| 529|0x0000000742200000, 0x0000000742200000, 0x0000000742400000|  0%| F|  |TAMS 0x0000000742200000, 0x0000000742200000| Untracked 
| 530|0x0000000742400000, 0x0000000742400000, 0x0000000742600000|  0%| F|  |TAMS 0x0000000742400000, 0x0000000742400000| Untracked 
| 531|0x0000000742600000, 0x0000000742600000, 0x0000000742800000|  0%| F|  |TAMS 0x0000000742600000, 0x0000000742600000| Untracked 
| 532|0x0000000742800000, 0x0000000742800000, 0x0000000742a00000|  0%| F|  |TAMS 0x0000000742800000, 0x0000000742800000| Untracked 
| 533|0x0000000742a00000, 0x0000000742a00000, 0x0000000742c00000|  0%| F|  |TAMS 0x0000000742a00000, 0x0000000742a00000| Untracked 
| 534|0x0000000742c00000, 0x0000000742c00000, 0x0000000742e00000|  0%| F|  |TAMS 0x0000000742c00000, 0x0000000742c00000| Untracked 
| 535|0x0000000742e00000, 0x0000000742e00000, 0x0000000743000000|  0%| F|  |TAMS 0x0000000742e00000, 0x0000000742e00000| Untracked 
| 536|0x0000000743000000, 0x0000000743000000, 0x0000000743200000|  0%| F|  |TAMS 0x0000000743000000, 0x0000000743000000| Untracked 
| 537|0x0000000743200000, 0x0000000743200000, 0x0000000743400000|  0%| F|  |TAMS 0x0000000743200000, 0x0000000743200000| Untracked 
| 538|0x0000000743400000, 0x0000000743400000, 0x0000000743600000|  0%| F|  |TAMS 0x0000000743400000, 0x0000000743400000| Untracked 
| 539|0x0000000743600000, 0x0000000743600000, 0x0000000743800000|  0%| F|  |TAMS 0x0000000743600000, 0x0000000743600000| Untracked 
| 540|0x0000000743800000, 0x0000000743800000, 0x0000000743a00000|  0%| F|  |TAMS 0x0000000743800000, 0x0000000743800000| Untracked 
| 541|0x0000000743a00000, 0x0000000743a00000, 0x0000000743c00000|  0%| F|  |TAMS 0x0000000743a00000, 0x0000000743a00000| Untracked 
| 542|0x0000000743c00000, 0x0000000743c00000, 0x0000000743e00000|  0%| F|  |TAMS 0x0000000743c00000, 0x0000000743c00000| Untracked 
| 543|0x0000000743e00000, 0x0000000743e00000, 0x0000000744000000|  0%| F|  |TAMS 0x0000000743e00000, 0x0000000743e00000| Untracked 
| 544|0x0000000744000000, 0x0000000744000000, 0x0000000744200000|  0%| F|  |TAMS 0x0000000744000000, 0x0000000744000000| Untracked 
| 545|0x0000000744200000, 0x0000000744200000, 0x0000000744400000|  0%| F|  |TAMS 0x0000000744200000, 0x0000000744200000| Untracked 
| 546|0x0000000744400000, 0x0000000744400000, 0x0000000744600000|  0%| F|  |TAMS 0x0000000744400000, 0x0000000744400000| Untracked 
| 547|0x0000000744600000, 0x0000000744600000, 0x0000000744800000|  0%| F|  |TAMS 0x0000000744600000, 0x0000000744600000| Untracked 
| 548|0x0000000744800000, 0x0000000744800000, 0x0000000744a00000|  0%| F|  |TAMS 0x0000000744800000, 0x0000000744800000| Untracked 
| 549|0x0000000744a00000, 0x0000000744a00000, 0x0000000744c00000|  0%| F|  |TAMS 0x0000000744a00000, 0x0000000744a00000| Untracked 
| 550|0x0000000744c00000, 0x0000000744c00000, 0x0000000744e00000|  0%| F|  |TAMS 0x0000000744c00000, 0x0000000744c00000| Untracked 
| 551|0x0000000744e00000, 0x0000000744e00000, 0x0000000745000000|  0%| F|  |TAMS 0x0000000744e00000, 0x0000000744e00000| Untracked 
| 552|0x0000000745000000, 0x0000000745000000, 0x0000000745200000|  0%| F|  |TAMS 0x0000000745000000, 0x0000000745000000| Untracked 
| 553|0x0000000745200000, 0x0000000745200000, 0x0000000745400000|  0%| F|  |TAMS 0x0000000745200000, 0x0000000745200000| Untracked 
| 554|0x0000000745400000, 0x0000000745400000, 0x0000000745600000|  0%| F|  |TAMS 0x0000000745400000, 0x0000000745400000| Untracked 
| 555|0x0000000745600000, 0x0000000745600000, 0x0000000745800000|  0%| F|  |TAMS 0x0000000745600000, 0x0000000745600000| Untracked 
| 556|0x0000000745800000, 0x0000000745800000, 0x0000000745a00000|  0%| F|  |TAMS 0x0000000745800000, 0x0000000745800000| Untracked 
| 557|0x0000000745a00000, 0x0000000745a00000, 0x0000000745c00000|  0%| F|  |TAMS 0x0000000745a00000, 0x0000000745a00000| Untracked 
| 558|0x0000000745c00000, 0x0000000745c00000, 0x0000000745e00000|  0%| F|  |TAMS 0x0000000745c00000, 0x0000000745c00000| Untracked 
| 559|0x0000000745e00000, 0x0000000745e00000, 0x0000000746000000|  0%| F|  |TAMS 0x0000000745e00000, 0x0000000745e00000| Untracked 
| 560|0x0000000746000000, 0x0000000746000000, 0x0000000746200000|  0%| F|  |TAMS 0x0000000746000000, 0x0000000746000000| Untracked 
| 561|0x0000000746200000, 0x0000000746200000, 0x0000000746400000|  0%| F|  |TAMS 0x0000000746200000, 0x0000000746200000| Untracked 
| 562|0x0000000746400000, 0x0000000746400000, 0x0000000746600000|  0%| F|  |TAMS 0x0000000746400000, 0x0000000746400000| Untracked 
| 563|0x0000000746600000, 0x0000000746600000, 0x0000000746800000|  0%| F|  |TAMS 0x0000000746600000, 0x0000000746600000| Untracked 
| 564|0x0000000746800000, 0x0000000746800000, 0x0000000746a00000|  0%| F|  |TAMS 0x0000000746800000, 0x0000000746800000| Untracked 
| 565|0x0000000746a00000, 0x0000000746a00000, 0x0000000746c00000|  0%| F|  |TAMS 0x0000000746a00000, 0x0000000746a00000| Untracked 
| 566|0x0000000746c00000, 0x0000000746c00000, 0x0000000746e00000|  0%| F|  |TAMS 0x0000000746c00000, 0x0000000746c00000| Untracked 
| 567|0x0000000746e00000, 0x0000000746e00000, 0x0000000747000000|  0%| F|  |TAMS 0x0000000746e00000, 0x0000000746e00000| Untracked 
| 568|0x0000000747000000, 0x0000000747000000, 0x0000000747200000|  0%| F|  |TAMS 0x0000000747000000, 0x0000000747000000| Untracked 
| 569|0x0000000747200000, 0x0000000747200000, 0x0000000747400000|  0%| F|  |TAMS 0x0000000747200000, 0x0000000747200000| Untracked 
| 570|0x0000000747400000, 0x0000000747400000, 0x0000000747600000|  0%| F|  |TAMS 0x0000000747400000, 0x0000000747400000| Untracked 
| 571|0x0000000747600000, 0x0000000747600000, 0x0000000747800000|  0%| F|  |TAMS 0x0000000747600000, 0x0000000747600000| Untracked 
| 572|0x0000000747800000, 0x0000000747800000, 0x0000000747a00000|  0%| F|  |TAMS 0x0000000747800000, 0x0000000747800000| Untracked 
| 573|0x0000000747a00000, 0x0000000747a00000, 0x0000000747c00000|  0%| F|  |TAMS 0x0000000747a00000, 0x0000000747a00000| Untracked 
| 574|0x0000000747c00000, 0x0000000747c00000, 0x0000000747e00000|  0%| F|  |TAMS 0x0000000747c00000, 0x0000000747c00000| Untracked 
| 575|0x0000000747e00000, 0x0000000747e00000, 0x0000000748000000|  0%| F|  |TAMS 0x0000000747e00000, 0x0000000747e00000| Untracked 
| 576|0x0000000748000000, 0x0000000748000000, 0x0000000748200000|  0%| F|  |TAMS 0x0000000748000000, 0x0000000748000000| Untracked 
| 577|0x0000000748200000, 0x0000000748200000, 0x0000000748400000|  0%| F|  |TAMS 0x0000000748200000, 0x0000000748200000| Untracked 
| 578|0x0000000748400000, 0x0000000748400000, 0x0000000748600000|  0%| F|  |TAMS 0x0000000748400000, 0x0000000748400000| Untracked 
| 579|0x0000000748600000, 0x0000000748600000, 0x0000000748800000|  0%| F|  |TAMS 0x0000000748600000, 0x0000000748600000| Untracked 
| 580|0x0000000748800000, 0x0000000748800000, 0x0000000748a00000|  0%| F|  |TAMS 0x0000000748800000, 0x0000000748800000| Untracked 
| 581|0x0000000748a00000, 0x0000000748a00000, 0x0000000748c00000|  0%| F|  |TAMS 0x0000000748a00000, 0x0000000748a00000| Untracked 
| 582|0x0000000748c00000, 0x0000000748c00000, 0x0000000748e00000|  0%| F|  |TAMS 0x0000000748c00000, 0x0000000748c00000| Untracked 
| 583|0x0000000748e00000, 0x0000000748e00000, 0x0000000749000000|  0%| F|  |TAMS 0x0000000748e00000, 0x0000000748e00000| Untracked 
| 584|0x0000000749000000, 0x0000000749000000, 0x0000000749200000|  0%| F|  |TAMS 0x0000000749000000, 0x0000000749000000| Untracked 
| 585|0x0000000749200000, 0x0000000749200000, 0x0000000749400000|  0%| F|  |TAMS 0x0000000749200000, 0x0000000749200000| Untracked 
| 586|0x0000000749400000, 0x0000000749400000, 0x0000000749600000|  0%| F|  |TAMS 0x0000000749400000, 0x0000000749400000| Untracked 
| 587|0x0000000749600000, 0x0000000749600000, 0x0000000749800000|  0%| F|  |TAMS 0x0000000749600000, 0x0000000749600000| Untracked 
| 588|0x0000000749800000, 0x0000000749800000, 0x0000000749a00000|  0%| F|  |TAMS 0x0000000749800000, 0x0000000749800000| Untracked 
| 589|0x0000000749a00000, 0x0000000749a00000, 0x0000000749c00000|  0%| F|  |TAMS 0x0000000749a00000, 0x0000000749a00000| Untracked 
| 590|0x0000000749c00000, 0x0000000749c00000, 0x0000000749e00000|  0%| F|  |TAMS 0x0000000749c00000, 0x0000000749c00000| Untracked 
| 591|0x0000000749e00000, 0x0000000749e00000, 0x000000074a000000|  0%| F|  |TAMS 0x0000000749e00000, 0x0000000749e00000| Untracked 
| 592|0x000000074a000000, 0x000000074a000000, 0x000000074a200000|  0%| F|  |TAMS 0x000000074a000000, 0x000000074a000000| Untracked 
| 593|0x000000074a200000, 0x000000074a200000, 0x000000074a400000|  0%| F|  |TAMS 0x000000074a200000, 0x000000074a200000| Untracked 
| 594|0x000000074a400000, 0x000000074a400000, 0x000000074a600000|  0%| F|  |TAMS 0x000000074a400000, 0x000000074a400000| Untracked 
| 595|0x000000074a600000, 0x000000074a600000, 0x000000074a800000|  0%| F|  |TAMS 0x000000074a600000, 0x000000074a600000| Untracked 
| 596|0x000000074a800000, 0x000000074a800000, 0x000000074aa00000|  0%| F|  |TAMS 0x000000074a800000, 0x000000074a800000| Untracked 
| 597|0x000000074aa00000, 0x000000074aa00000, 0x000000074ac00000|  0%| F|  |TAMS 0x000000074aa00000, 0x000000074aa00000| Untracked 
| 598|0x000000074ac00000, 0x000000074ac00000, 0x000000074ae00000|  0%| F|  |TAMS 0x000000074ac00000, 0x000000074ac00000| Untracked 
| 599|0x000000074ae00000, 0x000000074ae00000, 0x000000074b000000|  0%| F|  |TAMS 0x000000074ae00000, 0x000000074ae00000| Untracked 
| 600|0x000000074b000000, 0x000000074b000000, 0x000000074b200000|  0%| F|  |TAMS 0x000000074b000000, 0x000000074b000000| Untracked 
| 601|0x000000074b200000, 0x000000074b200000, 0x000000074b400000|  0%| F|  |TAMS 0x000000074b200000, 0x000000074b200000| Untracked 
| 602|0x000000074b400000, 0x000000074b400000, 0x000000074b600000|  0%| F|  |TAMS 0x000000074b400000, 0x000000074b400000| Untracked 
| 603|0x000000074b600000, 0x000000074b600000, 0x000000074b800000|  0%| F|  |TAMS 0x000000074b600000, 0x000000074b600000| Untracked 
| 604|0x000000074b800000, 0x000000074b800000, 0x000000074ba00000|  0%| F|  |TAMS 0x000000074b800000, 0x000000074b800000| Untracked 
| 605|0x000000074ba00000, 0x000000074ba00000, 0x000000074bc00000|  0%| F|  |TAMS 0x000000074ba00000, 0x000000074ba00000| Untracked 
| 606|0x000000074bc00000, 0x000000074bc00000, 0x000000074be00000|  0%| F|  |TAMS 0x000000074bc00000, 0x000000074bc00000| Untracked 
| 607|0x000000074be00000, 0x000000074be00000, 0x000000074c000000|  0%| F|  |TAMS 0x000000074be00000, 0x000000074be00000| Untracked 
| 608|0x000000074c000000, 0x000000074c000000, 0x000000074c200000|  0%| F|  |TAMS 0x000000074c000000, 0x000000074c000000| Untracked 
| 609|0x000000074c200000, 0x000000074c200000, 0x000000074c400000|  0%| F|  |TAMS 0x000000074c200000, 0x000000074c200000| Untracked 
| 610|0x000000074c400000, 0x000000074c400000, 0x000000074c600000|  0%| F|  |TAMS 0x000000074c400000, 0x000000074c400000| Untracked 
| 611|0x000000074c600000, 0x000000074c600000, 0x000000074c800000|  0%| F|  |TAMS 0x000000074c600000, 0x000000074c600000| Untracked 
| 612|0x000000074c800000, 0x000000074c800000, 0x000000074ca00000|  0%| F|  |TAMS 0x000000074c800000, 0x000000074c800000| Untracked 
| 613|0x000000074ca00000, 0x000000074ca00000, 0x000000074cc00000|  0%| F|  |TAMS 0x000000074ca00000, 0x000000074ca00000| Untracked 
| 614|0x000000074cc00000, 0x000000074cc00000, 0x000000074ce00000|  0%| F|  |TAMS 0x000000074cc00000, 0x000000074cc00000| Untracked 
| 615|0x000000074ce00000, 0x000000074ce00000, 0x000000074d000000|  0%| F|  |TAMS 0x000000074ce00000, 0x000000074ce00000| Untracked 
| 616|0x000000074d000000, 0x000000074d000000, 0x000000074d200000|  0%| F|  |TAMS 0x000000074d000000, 0x000000074d000000| Untracked 
| 617|0x000000074d200000, 0x000000074d200000, 0x000000074d400000|  0%| F|  |TAMS 0x000000074d200000, 0x000000074d200000| Untracked 
| 618|0x000000074d400000, 0x000000074d400000, 0x000000074d600000|  0%| F|  |TAMS 0x000000074d400000, 0x000000074d400000| Untracked 
| 619|0x000000074d600000, 0x000000074d600000, 0x000000074d800000|  0%| F|  |TAMS 0x000000074d600000, 0x000000074d600000| Untracked 
| 620|0x000000074d800000, 0x000000074d800000, 0x000000074da00000|  0%| F|  |TAMS 0x000000074d800000, 0x000000074d800000| Untracked 
| 621|0x000000074da00000, 0x000000074da00000, 0x000000074dc00000|  0%| F|  |TAMS 0x000000074da00000, 0x000000074da00000| Untracked 
| 622|0x000000074dc00000, 0x000000074dc00000, 0x000000074de00000|  0%| F|  |TAMS 0x000000074dc00000, 0x000000074dc00000| Untracked 
| 623|0x000000074de00000, 0x000000074de00000, 0x000000074e000000|  0%| F|  |TAMS 0x000000074de00000, 0x000000074de00000| Untracked 
| 624|0x000000074e000000, 0x000000074e000000, 0x000000074e200000|  0%| F|  |TAMS 0x000000074e000000, 0x000000074e000000| Untracked 
| 625|0x000000074e200000, 0x000000074e200000, 0x000000074e400000|  0%| F|  |TAMS 0x000000074e200000, 0x000000074e200000| Untracked 
| 626|0x000000074e400000, 0x000000074e400000, 0x000000074e600000|  0%| F|  |TAMS 0x000000074e400000, 0x000000074e400000| Untracked 
| 627|0x000000074e600000, 0x000000074e600000, 0x000000074e800000|  0%| F|  |TAMS 0x000000074e600000, 0x000000074e600000| Untracked 
| 628|0x000000074e800000, 0x000000074e800000, 0x000000074ea00000|  0%| F|  |TAMS 0x000000074e800000, 0x000000074e800000| Untracked 
| 629|0x000000074ea00000, 0x000000074ea00000, 0x000000074ec00000|  0%| F|  |TAMS 0x000000074ea00000, 0x000000074ea00000| Untracked 
| 630|0x000000074ec00000, 0x000000074ec00000, 0x000000074ee00000|  0%| F|  |TAMS 0x000000074ec00000, 0x000000074ec00000| Untracked 
| 631|0x000000074ee00000, 0x000000074ee00000, 0x000000074f000000|  0%| F|  |TAMS 0x000000074ee00000, 0x000000074ee00000| Untracked 
| 632|0x000000074f000000, 0x000000074f000000, 0x000000074f200000|  0%| F|  |TAMS 0x000000074f000000, 0x000000074f000000| Untracked 
| 633|0x000000074f200000, 0x000000074f200000, 0x000000074f400000|  0%| F|  |TAMS 0x000000074f200000, 0x000000074f200000| Untracked 
| 634|0x000000074f400000, 0x000000074f400000, 0x000000074f600000|  0%| F|  |TAMS 0x000000074f400000, 0x000000074f400000| Untracked 
| 635|0x000000074f600000, 0x000000074f600000, 0x000000074f800000|  0%| F|  |TAMS 0x000000074f600000, 0x000000074f600000| Untracked 
| 636|0x000000074f800000, 0x000000074f800000, 0x000000074fa00000|  0%| F|  |TAMS 0x000000074f800000, 0x000000074f800000| Untracked 
| 637|0x000000074fa00000, 0x000000074fa00000, 0x000000074fc00000|  0%| F|  |TAMS 0x000000074fa00000, 0x000000074fa00000| Untracked 
| 638|0x000000074fc00000, 0x000000074fc00000, 0x000000074fe00000|  0%| F|  |TAMS 0x000000074fc00000, 0x000000074fc00000| Untracked 
| 639|0x000000074fe00000, 0x000000074fe00000, 0x0000000750000000|  0%| F|  |TAMS 0x000000074fe00000, 0x000000074fe00000| Untracked 
| 640|0x0000000750000000, 0x0000000750000000, 0x0000000750200000|  0%| F|  |TAMS 0x0000000750000000, 0x0000000750000000| Untracked 
| 641|0x0000000750200000, 0x0000000750200000, 0x0000000750400000|  0%| F|  |TAMS 0x0000000750200000, 0x0000000750200000| Untracked 
| 642|0x0000000750400000, 0x0000000750400000, 0x0000000750600000|  0%| F|  |TAMS 0x0000000750400000, 0x0000000750400000| Untracked 
| 643|0x0000000750600000, 0x0000000750600000, 0x0000000750800000|  0%| F|  |TAMS 0x0000000750600000, 0x0000000750600000| Untracked 
| 644|0x0000000750800000, 0x0000000750800000, 0x0000000750a00000|  0%| F|  |TAMS 0x0000000750800000, 0x0000000750800000| Untracked 
| 645|0x0000000750a00000, 0x0000000750a00000, 0x0000000750c00000|  0%| F|  |TAMS 0x0000000750a00000, 0x0000000750a00000| Untracked 
| 646|0x0000000750c00000, 0x0000000750c00000, 0x0000000750e00000|  0%| F|  |TAMS 0x0000000750c00000, 0x0000000750c00000| Untracked 
| 647|0x0000000750e00000, 0x0000000750e00000, 0x0000000751000000|  0%| F|  |TAMS 0x0000000750e00000, 0x0000000750e00000| Untracked 
| 648|0x0000000751000000, 0x0000000751000000, 0x0000000751200000|  0%| F|  |TAMS 0x0000000751000000, 0x0000000751000000| Untracked 
| 649|0x0000000751200000, 0x0000000751200000, 0x0000000751400000|  0%| F|  |TAMS 0x0000000751200000, 0x0000000751200000| Untracked 
| 650|0x0000000751400000, 0x0000000751400000, 0x0000000751600000|  0%| F|  |TAMS 0x0000000751400000, 0x0000000751400000| Untracked 
| 651|0x0000000751600000, 0x0000000751600000, 0x0000000751800000|  0%| F|  |TAMS 0x0000000751600000, 0x0000000751600000| Untracked 
| 652|0x0000000751800000, 0x0000000751800000, 0x0000000751a00000|  0%| F|  |TAMS 0x0000000751800000, 0x0000000751800000| Untracked 
| 653|0x0000000751a00000, 0x0000000751a00000, 0x0000000751c00000|  0%| F|  |TAMS 0x0000000751a00000, 0x0000000751a00000| Untracked 
| 654|0x0000000751c00000, 0x0000000751c00000, 0x0000000751e00000|  0%| F|  |TAMS 0x0000000751c00000, 0x0000000751c00000| Untracked 
| 655|0x0000000751e00000, 0x0000000751e00000, 0x0000000752000000|  0%| F|  |TAMS 0x0000000751e00000, 0x0000000751e00000| Untracked 
| 656|0x0000000752000000, 0x0000000752000000, 0x0000000752200000|  0%| F|  |TAMS 0x0000000752000000, 0x0000000752000000| Untracked 
| 657|0x0000000752200000, 0x0000000752200000, 0x0000000752400000|  0%| F|  |TAMS 0x0000000752200000, 0x0000000752200000| Untracked 
| 658|0x0000000752400000, 0x0000000752400000, 0x0000000752600000|  0%| F|  |TAMS 0x0000000752400000, 0x0000000752400000| Untracked 
| 659|0x0000000752600000, 0x0000000752600000, 0x0000000752800000|  0%| F|  |TAMS 0x0000000752600000, 0x0000000752600000| Untracked 
| 660|0x0000000752800000, 0x0000000752800000, 0x0000000752a00000|  0%| F|  |TAMS 0x0000000752800000, 0x0000000752800000| Untracked 
| 661|0x0000000752a00000, 0x0000000752a00000, 0x0000000752c00000|  0%| F|  |TAMS 0x0000000752a00000, 0x0000000752a00000| Untracked 
| 662|0x0000000752c00000, 0x0000000752c00000, 0x0000000752e00000|  0%| F|  |TAMS 0x0000000752c00000, 0x0000000752c00000| Untracked 
| 663|0x0000000752e00000, 0x0000000752e00000, 0x0000000753000000|  0%| F|  |TAMS 0x0000000752e00000, 0x0000000752e00000| Untracked 
| 664|0x0000000753000000, 0x0000000753000000, 0x0000000753200000|  0%| F|  |TAMS 0x0000000753000000, 0x0000000753000000| Untracked 
| 665|0x0000000753200000, 0x0000000753200000, 0x0000000753400000|  0%| F|  |TAMS 0x0000000753200000, 0x0000000753200000| Untracked 
| 666|0x0000000753400000, 0x0000000753400000, 0x0000000753600000|  0%| F|  |TAMS 0x0000000753400000, 0x0000000753400000| Untracked 
| 667|0x0000000753600000, 0x0000000753600000, 0x0000000753800000|  0%| F|  |TAMS 0x0000000753600000, 0x0000000753600000| Untracked 
| 668|0x0000000753800000, 0x0000000753800000, 0x0000000753a00000|  0%| F|  |TAMS 0x0000000753800000, 0x0000000753800000| Untracked 
| 669|0x0000000753a00000, 0x0000000753a00000, 0x0000000753c00000|  0%| F|  |TAMS 0x0000000753a00000, 0x0000000753a00000| Untracked 
| 670|0x0000000753c00000, 0x0000000753c00000, 0x0000000753e00000|  0%| F|  |TAMS 0x0000000753c00000, 0x0000000753c00000| Untracked 
| 671|0x0000000753e00000, 0x0000000753e00000, 0x0000000754000000|  0%| F|  |TAMS 0x0000000753e00000, 0x0000000753e00000| Untracked 
| 672|0x0000000754000000, 0x0000000754000000, 0x0000000754200000|  0%| F|  |TAMS 0x0000000754000000, 0x0000000754000000| Untracked 
| 673|0x0000000754200000, 0x0000000754200000, 0x0000000754400000|  0%| F|  |TAMS 0x0000000754200000, 0x0000000754200000| Untracked 
| 674|0x0000000754400000, 0x0000000754400000, 0x0000000754600000|  0%| F|  |TAMS 0x0000000754400000, 0x0000000754400000| Untracked 
| 675|0x0000000754600000, 0x0000000754600000, 0x0000000754800000|  0%| F|  |TAMS 0x0000000754600000, 0x0000000754600000| Untracked 
| 676|0x0000000754800000, 0x0000000754800000, 0x0000000754a00000|  0%| F|  |TAMS 0x0000000754800000, 0x0000000754800000| Untracked 
| 677|0x0000000754a00000, 0x0000000754a00000, 0x0000000754c00000|  0%| F|  |TAMS 0x0000000754a00000, 0x0000000754a00000| Untracked 
| 678|0x0000000754c00000, 0x0000000754c00000, 0x0000000754e00000|  0%| F|  |TAMS 0x0000000754c00000, 0x0000000754c00000| Untracked 
| 679|0x0000000754e00000, 0x0000000754e00000, 0x0000000755000000|  0%| F|  |TAMS 0x0000000754e00000, 0x0000000754e00000| Untracked 
| 680|0x0000000755000000, 0x0000000755000000, 0x0000000755200000|  0%| F|  |TAMS 0x0000000755000000, 0x0000000755000000| Untracked 
| 681|0x0000000755200000, 0x0000000755200000, 0x0000000755400000|  0%| F|  |TAMS 0x0000000755200000, 0x0000000755200000| Untracked 
| 682|0x0000000755400000, 0x0000000755400000, 0x0000000755600000|  0%| F|  |TAMS 0x0000000755400000, 0x0000000755400000| Untracked 
| 683|0x0000000755600000, 0x0000000755600000, 0x0000000755800000|  0%| F|  |TAMS 0x0000000755600000, 0x0000000755600000| Untracked 
| 684|0x0000000755800000, 0x0000000755800000, 0x0000000755a00000|  0%| F|  |TAMS 0x0000000755800000, 0x0000000755800000| Untracked 
| 685|0x0000000755a00000, 0x0000000755a00000, 0x0000000755c00000|  0%| F|  |TAMS 0x0000000755a00000, 0x0000000755a00000| Untracked 
| 686|0x0000000755c00000, 0x0000000755c00000, 0x0000000755e00000|  0%| F|  |TAMS 0x0000000755c00000, 0x0000000755c00000| Untracked 
| 687|0x0000000755e00000, 0x0000000755e00000, 0x0000000756000000|  0%| F|  |TAMS 0x0000000755e00000, 0x0000000755e00000| Untracked 
| 688|0x0000000756000000, 0x0000000756000000, 0x0000000756200000|  0%| F|  |TAMS 0x0000000756000000, 0x0000000756000000| Untracked 
| 689|0x0000000756200000, 0x0000000756200000, 0x0000000756400000|  0%| F|  |TAMS 0x0000000756200000, 0x0000000756200000| Untracked 
| 690|0x0000000756400000, 0x0000000756400000, 0x0000000756600000|  0%| F|  |TAMS 0x0000000756400000, 0x0000000756400000| Untracked 
| 691|0x0000000756600000, 0x0000000756600000, 0x0000000756800000|  0%| F|  |TAMS 0x0000000756600000, 0x0000000756600000| Untracked 
| 692|0x0000000756800000, 0x0000000756800000, 0x0000000756a00000|  0%| F|  |TAMS 0x0000000756800000, 0x0000000756800000| Untracked 
| 693|0x0000000756a00000, 0x0000000756a00000, 0x0000000756c00000|  0%| F|  |TAMS 0x0000000756a00000, 0x0000000756a00000| Untracked 
| 694|0x0000000756c00000, 0x0000000756c00000, 0x0000000756e00000|  0%| F|  |TAMS 0x0000000756c00000, 0x0000000756c00000| Untracked 
| 695|0x0000000756e00000, 0x0000000756e00000, 0x0000000757000000|  0%| F|  |TAMS 0x0000000756e00000, 0x0000000756e00000| Untracked 
| 696|0x0000000757000000, 0x0000000757000000, 0x0000000757200000|  0%| F|  |TAMS 0x0000000757000000, 0x0000000757000000| Untracked 
| 697|0x0000000757200000, 0x0000000757200000, 0x0000000757400000|  0%| F|  |TAMS 0x0000000757200000, 0x0000000757200000| Untracked 
| 698|0x0000000757400000, 0x0000000757400000, 0x0000000757600000|  0%| F|  |TAMS 0x0000000757400000, 0x0000000757400000| Untracked 
| 699|0x0000000757600000, 0x0000000757600000, 0x0000000757800000|  0%| F|  |TAMS 0x0000000757600000, 0x0000000757600000| Untracked 
| 700|0x0000000757800000, 0x0000000757800000, 0x0000000757a00000|  0%| F|  |TAMS 0x0000000757800000, 0x0000000757800000| Untracked 
| 701|0x0000000757a00000, 0x0000000757a00000, 0x0000000757c00000|  0%| F|  |TAMS 0x0000000757a00000, 0x0000000757a00000| Untracked 
| 702|0x0000000757c00000, 0x0000000757c00000, 0x0000000757e00000|  0%| F|  |TAMS 0x0000000757c00000, 0x0000000757c00000| Untracked 
| 703|0x0000000757e00000, 0x0000000757e00000, 0x0000000758000000|  0%| F|  |TAMS 0x0000000757e00000, 0x0000000757e00000| Untracked 
| 704|0x0000000758000000, 0x0000000758000000, 0x0000000758200000|  0%| F|  |TAMS 0x0000000758000000, 0x0000000758000000| Untracked 
| 705|0x0000000758200000, 0x0000000758200000, 0x0000000758400000|  0%| F|  |TAMS 0x0000000758200000, 0x0000000758200000| Untracked 
| 706|0x0000000758400000, 0x0000000758400000, 0x0000000758600000|  0%| F|  |TAMS 0x0000000758400000, 0x0000000758400000| Untracked 
| 707|0x0000000758600000, 0x0000000758600000, 0x0000000758800000|  0%| F|  |TAMS 0x0000000758600000, 0x0000000758600000| Untracked 
| 708|0x0000000758800000, 0x0000000758800000, 0x0000000758a00000|  0%| F|  |TAMS 0x0000000758800000, 0x0000000758800000| Untracked 
| 709|0x0000000758a00000, 0x0000000758a00000, 0x0000000758c00000|  0%| F|  |TAMS 0x0000000758a00000, 0x0000000758a00000| Untracked 
| 710|0x0000000758c00000, 0x0000000758c00000, 0x0000000758e00000|  0%| F|  |TAMS 0x0000000758c00000, 0x0000000758c00000| Untracked 
| 711|0x0000000758e00000, 0x0000000758e00000, 0x0000000759000000|  0%| F|  |TAMS 0x0000000758e00000, 0x0000000758e00000| Untracked 
| 712|0x0000000759000000, 0x0000000759000000, 0x0000000759200000|  0%| F|  |TAMS 0x0000000759000000, 0x0000000759000000| Untracked 
| 713|0x0000000759200000, 0x0000000759200000, 0x0000000759400000|  0%| F|  |TAMS 0x0000000759200000, 0x0000000759200000| Untracked 
| 714|0x0000000759400000, 0x0000000759400000, 0x0000000759600000|  0%| F|  |TAMS 0x0000000759400000, 0x0000000759400000| Untracked 
| 715|0x0000000759600000, 0x0000000759600000, 0x0000000759800000|  0%| F|  |TAMS 0x0000000759600000, 0x0000000759600000| Untracked 
| 716|0x0000000759800000, 0x0000000759800000, 0x0000000759a00000|  0%| F|  |TAMS 0x0000000759800000, 0x0000000759800000| Untracked 
| 717|0x0000000759a00000, 0x0000000759a00000, 0x0000000759c00000|  0%| F|  |TAMS 0x0000000759a00000, 0x0000000759a00000| Untracked 
| 718|0x0000000759c00000, 0x0000000759c00000, 0x0000000759e00000|  0%| F|  |TAMS 0x0000000759c00000, 0x0000000759c00000| Untracked 
| 719|0x0000000759e00000, 0x0000000759e00000, 0x000000075a000000|  0%| F|  |TAMS 0x0000000759e00000, 0x0000000759e00000| Untracked 
| 720|0x000000075a000000, 0x000000075a000000, 0x000000075a200000|  0%| F|  |TAMS 0x000000075a000000, 0x000000075a000000| Untracked 
| 721|0x000000075a200000, 0x000000075a200000, 0x000000075a400000|  0%| F|  |TAMS 0x000000075a200000, 0x000000075a200000| Untracked 
| 722|0x000000075a400000, 0x000000075a400000, 0x000000075a600000|  0%| F|  |TAMS 0x000000075a400000, 0x000000075a400000| Untracked 
| 723|0x000000075a600000, 0x000000075a600000, 0x000000075a800000|  0%| F|  |TAMS 0x000000075a600000, 0x000000075a600000| Untracked 
| 724|0x000000075a800000, 0x000000075a800000, 0x000000075aa00000|  0%| F|  |TAMS 0x000000075a800000, 0x000000075a800000| Untracked 
| 725|0x000000075aa00000, 0x000000075aa00000, 0x000000075ac00000|  0%| F|  |TAMS 0x000000075aa00000, 0x000000075aa00000| Untracked 
| 726|0x000000075ac00000, 0x000000075ac00000, 0x000000075ae00000|  0%| F|  |TAMS 0x000000075ac00000, 0x000000075ac00000| Untracked 
| 727|0x000000075ae00000, 0x000000075ae00000, 0x000000075b000000|  0%| F|  |TAMS 0x000000075ae00000, 0x000000075ae00000| Untracked 
| 728|0x000000075b000000, 0x000000075b000000, 0x000000075b200000|  0%| F|  |TAMS 0x000000075b000000, 0x000000075b000000| Untracked 
| 729|0x000000075b200000, 0x000000075b200000, 0x000000075b400000|  0%| F|  |TAMS 0x000000075b200000, 0x000000075b200000| Untracked 
| 730|0x000000075b400000, 0x000000075b400000, 0x000000075b600000|  0%| F|  |TAMS 0x000000075b400000, 0x000000075b400000| Untracked 
| 731|0x000000075b600000, 0x000000075b600000, 0x000000075b800000|  0%| F|  |TAMS 0x000000075b600000, 0x000000075b600000| Untracked 
| 732|0x000000075b800000, 0x000000075b800000, 0x000000075ba00000|  0%| F|  |TAMS 0x000000075b800000, 0x000000075b800000| Untracked 
| 733|0x000000075ba00000, 0x000000075ba00000, 0x000000075bc00000|  0%| F|  |TAMS 0x000000075ba00000, 0x000000075ba00000| Untracked 
| 734|0x000000075bc00000, 0x000000075bc00000, 0x000000075be00000|  0%| F|  |TAMS 0x000000075bc00000, 0x000000075bc00000| Untracked 
| 735|0x000000075be00000, 0x000000075be00000, 0x000000075c000000|  0%| F|  |TAMS 0x000000075be00000, 0x000000075be00000| Untracked 
| 736|0x000000075c000000, 0x000000075c000000, 0x000000075c200000|  0%| F|  |TAMS 0x000000075c000000, 0x000000075c000000| Untracked 
| 737|0x000000075c200000, 0x000000075c200000, 0x000000075c400000|  0%| F|  |TAMS 0x000000075c200000, 0x000000075c200000| Untracked 
| 738|0x000000075c400000, 0x000000075c400000, 0x000000075c600000|  0%| F|  |TAMS 0x000000075c400000, 0x000000075c400000| Untracked 
| 739|0x000000075c600000, 0x000000075c600000, 0x000000075c800000|  0%| F|  |TAMS 0x000000075c600000, 0x000000075c600000| Untracked 
| 740|0x000000075c800000, 0x000000075c800000, 0x000000075ca00000|  0%| F|  |TAMS 0x000000075c800000, 0x000000075c800000| Untracked 
| 741|0x000000075ca00000, 0x000000075ca00000, 0x000000075cc00000|  0%| F|  |TAMS 0x000000075ca00000, 0x000000075ca00000| Untracked 
| 742|0x000000075cc00000, 0x000000075cc00000, 0x000000075ce00000|  0%| F|  |TAMS 0x000000075cc00000, 0x000000075cc00000| Untracked 
| 743|0x000000075ce00000, 0x000000075ce00000, 0x000000075d000000|  0%| F|  |TAMS 0x000000075ce00000, 0x000000075ce00000| Untracked 
| 744|0x000000075d000000, 0x000000075d000000, 0x000000075d200000|  0%| F|  |TAMS 0x000000075d000000, 0x000000075d000000| Untracked 
| 745|0x000000075d200000, 0x000000075d200000, 0x000000075d400000|  0%| F|  |TAMS 0x000000075d200000, 0x000000075d200000| Untracked 
| 746|0x000000075d400000, 0x000000075d400000, 0x000000075d600000|  0%| F|  |TAMS 0x000000075d400000, 0x000000075d400000| Untracked 
| 747|0x000000075d600000, 0x000000075d600000, 0x000000075d800000|  0%| F|  |TAMS 0x000000075d600000, 0x000000075d600000| Untracked 
| 748|0x000000075d800000, 0x000000075d800000, 0x000000075da00000|  0%| F|  |TAMS 0x000000075d800000, 0x000000075d800000| Untracked 
| 749|0x000000075da00000, 0x000000075da00000, 0x000000075dc00000|  0%| F|  |TAMS 0x000000075da00000, 0x000000075da00000| Untracked 
| 750|0x000000075dc00000, 0x000000075dc00000, 0x000000075de00000|  0%| F|  |TAMS 0x000000075dc00000, 0x000000075dc00000| Untracked 
| 751|0x000000075de00000, 0x000000075de00000, 0x000000075e000000|  0%| F|  |TAMS 0x000000075de00000, 0x000000075de00000| Untracked 
| 752|0x000000075e000000, 0x000000075e000000, 0x000000075e200000|  0%| F|  |TAMS 0x000000075e000000, 0x000000075e000000| Untracked 
| 753|0x000000075e200000, 0x000000075e200000, 0x000000075e400000|  0%| F|  |TAMS 0x000000075e200000, 0x000000075e200000| Untracked 
| 754|0x000000075e400000, 0x000000075e400000, 0x000000075e600000|  0%| F|  |TAMS 0x000000075e400000, 0x000000075e400000| Untracked 
| 755|0x000000075e600000, 0x000000075e600000, 0x000000075e800000|  0%| F|  |TAMS 0x000000075e600000, 0x000000075e600000| Untracked 
| 756|0x000000075e800000, 0x000000075e800000, 0x000000075ea00000|  0%| F|  |TAMS 0x000000075e800000, 0x000000075e800000| Untracked 
| 757|0x000000075ea00000, 0x000000075ea00000, 0x000000075ec00000|  0%| F|  |TAMS 0x000000075ea00000, 0x000000075ea00000| Untracked 
| 758|0x000000075ec00000, 0x000000075ec00000, 0x000000075ee00000|  0%| F|  |TAMS 0x000000075ec00000, 0x000000075ec00000| Untracked 
| 759|0x000000075ee00000, 0x000000075ee00000, 0x000000075f000000|  0%| F|  |TAMS 0x000000075ee00000, 0x000000075ee00000| Untracked 
| 760|0x000000075f000000, 0x000000075f000000, 0x000000075f200000|  0%| F|  |TAMS 0x000000075f000000, 0x000000075f000000| Untracked 
| 761|0x000000075f200000, 0x000000075f200000, 0x000000075f400000|  0%| F|  |TAMS 0x000000075f200000, 0x000000075f200000| Untracked 
| 762|0x000000075f400000, 0x000000075f400000, 0x000000075f600000|  0%| F|  |TAMS 0x000000075f400000, 0x000000075f400000| Untracked 
| 763|0x000000075f600000, 0x000000075f600000, 0x000000075f800000|  0%| F|  |TAMS 0x000000075f600000, 0x000000075f600000| Untracked 
| 764|0x000000075f800000, 0x000000075f800000, 0x000000075fa00000|  0%| F|  |TAMS 0x000000075f800000, 0x000000075f800000| Untracked 
| 765|0x000000075fa00000, 0x000000075fa00000, 0x000000075fc00000|  0%| F|  |TAMS 0x000000075fa00000, 0x000000075fa00000| Untracked 
| 766|0x000000075fc00000, 0x000000075fc00000, 0x000000075fe00000|  0%| F|  |TAMS 0x000000075fc00000, 0x000000075fc00000| Untracked 
| 767|0x000000075fe00000, 0x000000075fe00000, 0x0000000760000000|  0%| F|  |TAMS 0x000000075fe00000, 0x000000075fe00000| Untracked 
| 768|0x0000000760000000, 0x0000000760000000, 0x0000000760200000|  0%| F|  |TAMS 0x0000000760000000, 0x0000000760000000| Untracked 
| 769|0x0000000760200000, 0x0000000760200000, 0x0000000760400000|  0%| F|  |TAMS 0x0000000760200000, 0x0000000760200000| Untracked 
| 770|0x0000000760400000, 0x0000000760400000, 0x0000000760600000|  0%| F|  |TAMS 0x0000000760400000, 0x0000000760400000| Untracked 
| 771|0x0000000760600000, 0x0000000760600000, 0x0000000760800000|  0%| F|  |TAMS 0x0000000760600000, 0x0000000760600000| Untracked 
| 772|0x0000000760800000, 0x0000000760800000, 0x0000000760a00000|  0%| F|  |TAMS 0x0000000760800000, 0x0000000760800000| Untracked 
| 773|0x0000000760a00000, 0x0000000760a00000, 0x0000000760c00000|  0%| F|  |TAMS 0x0000000760a00000, 0x0000000760a00000| Untracked 
| 774|0x0000000760c00000, 0x0000000760c00000, 0x0000000760e00000|  0%| F|  |TAMS 0x0000000760c00000, 0x0000000760c00000| Untracked 
| 775|0x0000000760e00000, 0x0000000760e00000, 0x0000000761000000|  0%| F|  |TAMS 0x0000000760e00000, 0x0000000760e00000| Untracked 
| 776|0x0000000761000000, 0x0000000761000000, 0x0000000761200000|  0%| F|  |TAMS 0x0000000761000000, 0x0000000761000000| Untracked 
| 777|0x0000000761200000, 0x0000000761200000, 0x0000000761400000|  0%| F|  |TAMS 0x0000000761200000, 0x0000000761200000| Untracked 
| 778|0x0000000761400000, 0x0000000761400000, 0x0000000761600000|  0%| F|  |TAMS 0x0000000761400000, 0x0000000761400000| Untracked 
| 779|0x0000000761600000, 0x0000000761600000, 0x0000000761800000|  0%| F|  |TAMS 0x0000000761600000, 0x0000000761600000| Untracked 
| 780|0x0000000761800000, 0x0000000761800000, 0x0000000761a00000|  0%| F|  |TAMS 0x0000000761800000, 0x0000000761800000| Untracked 
| 781|0x0000000761a00000, 0x0000000761a00000, 0x0000000761c00000|  0%| F|  |TAMS 0x0000000761a00000, 0x0000000761a00000| Untracked 
| 782|0x0000000761c00000, 0x0000000761c00000, 0x0000000761e00000|  0%| F|  |TAMS 0x0000000761c00000, 0x0000000761c00000| Untracked 
| 783|0x0000000761e00000, 0x0000000761e00000, 0x0000000762000000|  0%| F|  |TAMS 0x0000000761e00000, 0x0000000761e00000| Untracked 
| 784|0x0000000762000000, 0x0000000762000000, 0x0000000762200000|  0%| F|  |TAMS 0x0000000762000000, 0x0000000762000000| Untracked 
| 785|0x0000000762200000, 0x0000000762200000, 0x0000000762400000|  0%| F|  |TAMS 0x0000000762200000, 0x0000000762200000| Untracked 
| 786|0x0000000762400000, 0x0000000762400000, 0x0000000762600000|  0%| F|  |TAMS 0x0000000762400000, 0x0000000762400000| Untracked 
| 787|0x0000000762600000, 0x0000000762600000, 0x0000000762800000|  0%| F|  |TAMS 0x0000000762600000, 0x0000000762600000| Untracked 
| 788|0x0000000762800000, 0x0000000762800000, 0x0000000762a00000|  0%| F|  |TAMS 0x0000000762800000, 0x0000000762800000| Untracked 
| 789|0x0000000762a00000, 0x0000000762a00000, 0x0000000762c00000|  0%| F|  |TAMS 0x0000000762a00000, 0x0000000762a00000| Untracked 
| 790|0x0000000762c00000, 0x0000000762c00000, 0x0000000762e00000|  0%| F|  |TAMS 0x0000000762c00000, 0x0000000762c00000| Untracked 
| 791|0x0000000762e00000, 0x0000000762e00000, 0x0000000763000000|  0%| F|  |TAMS 0x0000000762e00000, 0x0000000762e00000| Untracked 
| 792|0x0000000763000000, 0x0000000763000000, 0x0000000763200000|  0%| F|  |TAMS 0x0000000763000000, 0x0000000763000000| Untracked 
| 793|0x0000000763200000, 0x0000000763200000, 0x0000000763400000|  0%| F|  |TAMS 0x0000000763200000, 0x0000000763200000| Untracked 
| 794|0x0000000763400000, 0x0000000763400000, 0x0000000763600000|  0%| F|  |TAMS 0x0000000763400000, 0x0000000763400000| Untracked 
| 795|0x0000000763600000, 0x0000000763600000, 0x0000000763800000|  0%| F|  |TAMS 0x0000000763600000, 0x0000000763600000| Untracked 
| 796|0x0000000763800000, 0x0000000763800000, 0x0000000763a00000|  0%| F|  |TAMS 0x0000000763800000, 0x0000000763800000| Untracked 
| 797|0x0000000763a00000, 0x0000000763a00000, 0x0000000763c00000|  0%| F|  |TAMS 0x0000000763a00000, 0x0000000763a00000| Untracked 
| 798|0x0000000763c00000, 0x0000000763c00000, 0x0000000763e00000|  0%| F|  |TAMS 0x0000000763c00000, 0x0000000763c00000| Untracked 
| 799|0x0000000763e00000, 0x0000000763e00000, 0x0000000764000000|  0%| F|  |TAMS 0x0000000763e00000, 0x0000000763e00000| Untracked 
| 800|0x0000000764000000, 0x0000000764000000, 0x0000000764200000|  0%| F|  |TAMS 0x0000000764000000, 0x0000000764000000| Untracked 
| 801|0x0000000764200000, 0x0000000764200000, 0x0000000764400000|  0%| F|  |TAMS 0x0000000764200000, 0x0000000764200000| Untracked 
| 802|0x0000000764400000, 0x0000000764400000, 0x0000000764600000|  0%| F|  |TAMS 0x0000000764400000, 0x0000000764400000| Untracked 
| 803|0x0000000764600000, 0x0000000764600000, 0x0000000764800000|  0%| F|  |TAMS 0x0000000764600000, 0x0000000764600000| Untracked 
| 804|0x0000000764800000, 0x0000000764800000, 0x0000000764a00000|  0%| F|  |TAMS 0x0000000764800000, 0x0000000764800000| Untracked 
| 805|0x0000000764a00000, 0x0000000764a00000, 0x0000000764c00000|  0%| F|  |TAMS 0x0000000764a00000, 0x0000000764a00000| Untracked 
| 806|0x0000000764c00000, 0x0000000764c00000, 0x0000000764e00000|  0%| F|  |TAMS 0x0000000764c00000, 0x0000000764c00000| Untracked 
| 807|0x0000000764e00000, 0x0000000764e00000, 0x0000000765000000|  0%| F|  |TAMS 0x0000000764e00000, 0x0000000764e00000| Untracked 
| 808|0x0000000765000000, 0x0000000765000000, 0x0000000765200000|  0%| F|  |TAMS 0x0000000765000000, 0x0000000765000000| Untracked 
| 809|0x0000000765200000, 0x0000000765200000, 0x0000000765400000|  0%| F|  |TAMS 0x0000000765200000, 0x0000000765200000| Untracked 
| 810|0x0000000765400000, 0x0000000765400000, 0x0000000765600000|  0%| F|  |TAMS 0x0000000765400000, 0x0000000765400000| Untracked 
| 811|0x0000000765600000, 0x0000000765600000, 0x0000000765800000|  0%| F|  |TAMS 0x0000000765600000, 0x0000000765600000| Untracked 
| 812|0x0000000765800000, 0x0000000765800000, 0x0000000765a00000|  0%| F|  |TAMS 0x0000000765800000, 0x0000000765800000| Untracked 
| 813|0x0000000765a00000, 0x0000000765a00000, 0x0000000765c00000|  0%| F|  |TAMS 0x0000000765a00000, 0x0000000765a00000| Untracked 
| 814|0x0000000765c00000, 0x0000000765c00000, 0x0000000765e00000|  0%| F|  |TAMS 0x0000000765c00000, 0x0000000765c00000| Untracked 
| 815|0x0000000765e00000, 0x0000000765e00000, 0x0000000766000000|  0%| F|  |TAMS 0x0000000765e00000, 0x0000000765e00000| Untracked 
| 816|0x0000000766000000, 0x0000000766000000, 0x0000000766200000|  0%| F|  |TAMS 0x0000000766000000, 0x0000000766000000| Untracked 
| 817|0x0000000766200000, 0x0000000766200000, 0x0000000766400000|  0%| F|  |TAMS 0x0000000766200000, 0x0000000766200000| Untracked 
| 818|0x0000000766400000, 0x0000000766400000, 0x0000000766600000|  0%| F|  |TAMS 0x0000000766400000, 0x0000000766400000| Untracked 
| 819|0x0000000766600000, 0x0000000766600000, 0x0000000766800000|  0%| F|  |TAMS 0x0000000766600000, 0x0000000766600000| Untracked 
| 820|0x0000000766800000, 0x0000000766800000, 0x0000000766a00000|  0%| F|  |TAMS 0x0000000766800000, 0x0000000766800000| Untracked 
| 821|0x0000000766a00000, 0x0000000766a00000, 0x0000000766c00000|  0%| F|  |TAMS 0x0000000766a00000, 0x0000000766a00000| Untracked 
| 822|0x0000000766c00000, 0x0000000766c00000, 0x0000000766e00000|  0%| F|  |TAMS 0x0000000766c00000, 0x0000000766c00000| Untracked 
| 823|0x0000000766e00000, 0x0000000766e00000, 0x0000000767000000|  0%| F|  |TAMS 0x0000000766e00000, 0x0000000766e00000| Untracked 
| 824|0x0000000767000000, 0x0000000767000000, 0x0000000767200000|  0%| F|  |TAMS 0x0000000767000000, 0x0000000767000000| Untracked 
| 825|0x0000000767200000, 0x0000000767200000, 0x0000000767400000|  0%| F|  |TAMS 0x0000000767200000, 0x0000000767200000| Untracked 
| 826|0x0000000767400000, 0x0000000767400000, 0x0000000767600000|  0%| F|  |TAMS 0x0000000767400000, 0x0000000767400000| Untracked 
| 827|0x0000000767600000, 0x0000000767600000, 0x0000000767800000|  0%| F|  |TAMS 0x0000000767600000, 0x0000000767600000| Untracked 
| 828|0x0000000767800000, 0x0000000767800000, 0x0000000767a00000|  0%| F|  |TAMS 0x0000000767800000, 0x0000000767800000| Untracked 
| 829|0x0000000767a00000, 0x0000000767a00000, 0x0000000767c00000|  0%| F|  |TAMS 0x0000000767a00000, 0x0000000767a00000| Untracked 
| 830|0x0000000767c00000, 0x0000000767c00000, 0x0000000767e00000|  0%| F|  |TAMS 0x0000000767c00000, 0x0000000767c00000| Untracked 
| 831|0x0000000767e00000, 0x0000000767e00000, 0x0000000768000000|  0%| F|  |TAMS 0x0000000767e00000, 0x0000000767e00000| Untracked 
| 832|0x0000000768000000, 0x0000000768000000, 0x0000000768200000|  0%| F|  |TAMS 0x0000000768000000, 0x0000000768000000| Untracked 
| 833|0x0000000768200000, 0x0000000768200000, 0x0000000768400000|  0%| F|  |TAMS 0x0000000768200000, 0x0000000768200000| Untracked 
| 834|0x0000000768400000, 0x0000000768400000, 0x0000000768600000|  0%| F|  |TAMS 0x0000000768400000, 0x0000000768400000| Untracked 
| 835|0x0000000768600000, 0x0000000768600000, 0x0000000768800000|  0%| F|  |TAMS 0x0000000768600000, 0x0000000768600000| Untracked 
| 836|0x0000000768800000, 0x0000000768800000, 0x0000000768a00000|  0%| F|  |TAMS 0x0000000768800000, 0x0000000768800000| Untracked 
| 837|0x0000000768a00000, 0x0000000768a00000, 0x0000000768c00000|  0%| F|  |TAMS 0x0000000768a00000, 0x0000000768a00000| Untracked 
| 838|0x0000000768c00000, 0x0000000768c00000, 0x0000000768e00000|  0%| F|  |TAMS 0x0000000768c00000, 0x0000000768c00000| Untracked 
| 839|0x0000000768e00000, 0x0000000768e00000, 0x0000000769000000|  0%| F|  |TAMS 0x0000000768e00000, 0x0000000768e00000| Untracked 
| 840|0x0000000769000000, 0x0000000769000000, 0x0000000769200000|  0%| F|  |TAMS 0x0000000769000000, 0x0000000769000000| Untracked 
| 841|0x0000000769200000, 0x0000000769200000, 0x0000000769400000|  0%| F|  |TAMS 0x0000000769200000, 0x0000000769200000| Untracked 
| 842|0x0000000769400000, 0x0000000769400000, 0x0000000769600000|  0%| F|  |TAMS 0x0000000769400000, 0x0000000769400000| Untracked 
| 843|0x0000000769600000, 0x0000000769600000, 0x0000000769800000|  0%| F|  |TAMS 0x0000000769600000, 0x0000000769600000| Untracked 
| 844|0x0000000769800000, 0x0000000769800000, 0x0000000769a00000|  0%| F|  |TAMS 0x0000000769800000, 0x0000000769800000| Untracked 
| 845|0x0000000769a00000, 0x0000000769a00000, 0x0000000769c00000|  0%| F|  |TAMS 0x0000000769a00000, 0x0000000769a00000| Untracked 
| 846|0x0000000769c00000, 0x0000000769c00000, 0x0000000769e00000|  0%| F|  |TAMS 0x0000000769c00000, 0x0000000769c00000| Untracked 
| 847|0x0000000769e00000, 0x0000000769e00000, 0x000000076a000000|  0%| F|  |TAMS 0x0000000769e00000, 0x0000000769e00000| Untracked 
| 848|0x000000076a000000, 0x000000076a000000, 0x000000076a200000|  0%| F|  |TAMS 0x000000076a000000, 0x000000076a000000| Untracked 
| 849|0x000000076a200000, 0x000000076a200000, 0x000000076a400000|  0%| F|  |TAMS 0x000000076a200000, 0x000000076a200000| Untracked 
| 850|0x000000076a400000, 0x000000076a400000, 0x000000076a600000|  0%| F|  |TAMS 0x000000076a400000, 0x000000076a400000| Untracked 
| 851|0x000000076a600000, 0x000000076a600000, 0x000000076a800000|  0%| F|  |TAMS 0x000000076a600000, 0x000000076a600000| Untracked 
| 852|0x000000076a800000, 0x000000076a800000, 0x000000076aa00000|  0%| F|  |TAMS 0x000000076a800000, 0x000000076a800000| Untracked 
| 853|0x000000076aa00000, 0x000000076aa00000, 0x000000076ac00000|  0%| F|  |TAMS 0x000000076aa00000, 0x000000076aa00000| Untracked 
| 854|0x000000076ac00000, 0x000000076ac00000, 0x000000076ae00000|  0%| F|  |TAMS 0x000000076ac00000, 0x000000076ac00000| Untracked 
| 855|0x000000076ae00000, 0x000000076ae00000, 0x000000076b000000|  0%| F|  |TAMS 0x000000076ae00000, 0x000000076ae00000| Untracked 
| 856|0x000000076b000000, 0x000000076b000000, 0x000000076b200000|  0%| F|  |TAMS 0x000000076b000000, 0x000000076b000000| Untracked 
| 857|0x000000076b200000, 0x000000076b200000, 0x000000076b400000|  0%| F|  |TAMS 0x000000076b200000, 0x000000076b200000| Untracked 
| 858|0x000000076b400000, 0x000000076b400000, 0x000000076b600000|  0%| F|  |TAMS 0x000000076b400000, 0x000000076b400000| Untracked 
| 859|0x000000076b600000, 0x000000076b600000, 0x000000076b800000|  0%| F|  |TAMS 0x000000076b600000, 0x000000076b600000| Untracked 
| 860|0x000000076b800000, 0x000000076b800000, 0x000000076ba00000|  0%| F|  |TAMS 0x000000076b800000, 0x000000076b800000| Untracked 
| 861|0x000000076ba00000, 0x000000076ba00000, 0x000000076bc00000|  0%| F|  |TAMS 0x000000076ba00000, 0x000000076ba00000| Untracked 
| 862|0x000000076bc00000, 0x000000076bc00000, 0x000000076be00000|  0%| F|  |TAMS 0x000000076bc00000, 0x000000076bc00000| Untracked 
| 863|0x000000076be00000, 0x000000076be00000, 0x000000076c000000|  0%| F|  |TAMS 0x000000076be00000, 0x000000076be00000| Untracked 
| 864|0x000000076c000000, 0x000000076c000000, 0x000000076c200000|  0%| F|  |TAMS 0x000000076c000000, 0x000000076c000000| Untracked 
| 865|0x000000076c200000, 0x000000076c200000, 0x000000076c400000|  0%| F|  |TAMS 0x000000076c200000, 0x000000076c200000| Untracked 
| 866|0x000000076c400000, 0x000000076c400000, 0x000000076c600000|  0%| F|  |TAMS 0x000000076c400000, 0x000000076c400000| Untracked 
| 867|0x000000076c600000, 0x000000076c600000, 0x000000076c800000|  0%| F|  |TAMS 0x000000076c600000, 0x000000076c600000| Untracked 
| 868|0x000000076c800000, 0x000000076c800000, 0x000000076ca00000|  0%| F|  |TAMS 0x000000076c800000, 0x000000076c800000| Untracked 
| 869|0x000000076ca00000, 0x000000076ca00000, 0x000000076cc00000|  0%| F|  |TAMS 0x000000076ca00000, 0x000000076ca00000| Untracked 
| 870|0x000000076cc00000, 0x000000076cc00000, 0x000000076ce00000|  0%| F|  |TAMS 0x000000076cc00000, 0x000000076cc00000| Untracked 
| 871|0x000000076ce00000, 0x000000076ce00000, 0x000000076d000000|  0%| F|  |TAMS 0x000000076ce00000, 0x000000076ce00000| Untracked 
| 872|0x000000076d000000, 0x000000076d000000, 0x000000076d200000|  0%| F|  |TAMS 0x000000076d000000, 0x000000076d000000| Untracked 
| 873|0x000000076d200000, 0x000000076d200000, 0x000000076d400000|  0%| F|  |TAMS 0x000000076d200000, 0x000000076d200000| Untracked 
| 874|0x000000076d400000, 0x000000076d400000, 0x000000076d600000|  0%| F|  |TAMS 0x000000076d400000, 0x000000076d400000| Untracked 
| 875|0x000000076d600000, 0x000000076d600000, 0x000000076d800000|  0%| F|  |TAMS 0x000000076d600000, 0x000000076d600000| Untracked 
| 876|0x000000076d800000, 0x000000076d800000, 0x000000076da00000|  0%| F|  |TAMS 0x000000076d800000, 0x000000076d800000| Untracked 
| 877|0x000000076da00000, 0x000000076da00000, 0x000000076dc00000|  0%| F|  |TAMS 0x000000076da00000, 0x000000076da00000| Untracked 
| 878|0x000000076dc00000, 0x000000076dc00000, 0x000000076de00000|  0%| F|  |TAMS 0x000000076dc00000, 0x000000076dc00000| Untracked 
| 879|0x000000076de00000, 0x000000076de00000, 0x000000076e000000|  0%| F|  |TAMS 0x000000076de00000, 0x000000076de00000| Untracked 
| 880|0x000000076e000000, 0x000000076e000000, 0x000000076e200000|  0%| F|  |TAMS 0x000000076e000000, 0x000000076e000000| Untracked 
| 881|0x000000076e200000, 0x000000076e200000, 0x000000076e400000|  0%| F|  |TAMS 0x000000076e200000, 0x000000076e200000| Untracked 
| 882|0x000000076e400000, 0x000000076e400000, 0x000000076e600000|  0%| F|  |TAMS 0x000000076e400000, 0x000000076e400000| Untracked 
| 883|0x000000076e600000, 0x000000076e600000, 0x000000076e800000|  0%| F|  |TAMS 0x000000076e600000, 0x000000076e600000| Untracked 
| 884|0x000000076e800000, 0x000000076e800000, 0x000000076ea00000|  0%| F|  |TAMS 0x000000076e800000, 0x000000076e800000| Untracked 
| 885|0x000000076ea00000, 0x000000076ea00000, 0x000000076ec00000|  0%| F|  |TAMS 0x000000076ea00000, 0x000000076ea00000| Untracked 
| 886|0x000000076ec00000, 0x000000076ec00000, 0x000000076ee00000|  0%| F|  |TAMS 0x000000076ec00000, 0x000000076ec00000| Untracked 
| 887|0x000000076ee00000, 0x000000076ee00000, 0x000000076f000000|  0%| F|  |TAMS 0x000000076ee00000, 0x000000076ee00000| Untracked 
| 888|0x000000076f000000, 0x000000076f000000, 0x000000076f200000|  0%| F|  |TAMS 0x000000076f000000, 0x000000076f000000| Untracked 
| 889|0x000000076f200000, 0x000000076f200000, 0x000000076f400000|  0%| F|  |TAMS 0x000000076f200000, 0x000000076f200000| Untracked 
| 890|0x000000076f400000, 0x000000076f400000, 0x000000076f600000|  0%| F|  |TAMS 0x000000076f400000, 0x000000076f400000| Untracked 
| 891|0x000000076f600000, 0x000000076f600000, 0x000000076f800000|  0%| F|  |TAMS 0x000000076f600000, 0x000000076f600000| Untracked 
| 892|0x000000076f800000, 0x000000076f800000, 0x000000076fa00000|  0%| F|  |TAMS 0x000000076f800000, 0x000000076f800000| Untracked 
| 893|0x000000076fa00000, 0x000000076fa00000, 0x000000076fc00000|  0%| F|  |TAMS 0x000000076fa00000, 0x000000076fa00000| Untracked 
| 894|0x000000076fc00000, 0x000000076fc00000, 0x000000076fe00000|  0%| F|  |TAMS 0x000000076fc00000, 0x000000076fc00000| Untracked 
| 895|0x000000076fe00000, 0x000000076fe00000, 0x0000000770000000|  0%| F|  |TAMS 0x000000076fe00000, 0x000000076fe00000| Untracked 
| 896|0x0000000770000000, 0x0000000770000000, 0x0000000770200000|  0%| F|  |TAMS 0x0000000770000000, 0x0000000770000000| Untracked 
| 897|0x0000000770200000, 0x0000000770200000, 0x0000000770400000|  0%| F|  |TAMS 0x0000000770200000, 0x0000000770200000| Untracked 
| 898|0x0000000770400000, 0x0000000770400000, 0x0000000770600000|  0%| F|  |TAMS 0x0000000770400000, 0x0000000770400000| Untracked 
| 899|0x0000000770600000, 0x0000000770600000, 0x0000000770800000|  0%| F|  |TAMS 0x0000000770600000, 0x0000000770600000| Untracked 
| 900|0x0000000770800000, 0x0000000770800000, 0x0000000770a00000|  0%| F|  |TAMS 0x0000000770800000, 0x0000000770800000| Untracked 
| 901|0x0000000770a00000, 0x0000000770a00000, 0x0000000770c00000|  0%| F|  |TAMS 0x0000000770a00000, 0x0000000770a00000| Untracked 
| 902|0x0000000770c00000, 0x0000000770c00000, 0x0000000770e00000|  0%| F|  |TAMS 0x0000000770c00000, 0x0000000770c00000| Untracked 
| 903|0x0000000770e00000, 0x0000000770e00000, 0x0000000771000000|  0%| F|  |TAMS 0x0000000770e00000, 0x0000000770e00000| Untracked 
| 904|0x0000000771000000, 0x0000000771000000, 0x0000000771200000|  0%| F|  |TAMS 0x0000000771000000, 0x0000000771000000| Untracked 
| 905|0x0000000771200000, 0x0000000771200000, 0x0000000771400000|  0%| F|  |TAMS 0x0000000771200000, 0x0000000771200000| Untracked 
| 906|0x0000000771400000, 0x0000000771400000, 0x0000000771600000|  0%| F|  |TAMS 0x0000000771400000, 0x0000000771400000| Untracked 
| 907|0x0000000771600000, 0x0000000771600000, 0x0000000771800000|  0%| F|  |TAMS 0x0000000771600000, 0x0000000771600000| Untracked 
| 908|0x0000000771800000, 0x0000000771800000, 0x0000000771a00000|  0%| F|  |TAMS 0x0000000771800000, 0x0000000771800000| Untracked 
| 909|0x0000000771a00000, 0x0000000771a00000, 0x0000000771c00000|  0%| F|  |TAMS 0x0000000771a00000, 0x0000000771a00000| Untracked 
| 910|0x0000000771c00000, 0x0000000771c00000, 0x0000000771e00000|  0%| F|  |TAMS 0x0000000771c00000, 0x0000000771c00000| Untracked 
| 911|0x0000000771e00000, 0x0000000771e00000, 0x0000000772000000|  0%| F|  |TAMS 0x0000000771e00000, 0x0000000771e00000| Untracked 
| 912|0x0000000772000000, 0x0000000772000000, 0x0000000772200000|  0%| F|  |TAMS 0x0000000772000000, 0x0000000772000000| Untracked 
| 913|0x0000000772200000, 0x0000000772200000, 0x0000000772400000|  0%| F|  |TAMS 0x0000000772200000, 0x0000000772200000| Untracked 
| 914|0x0000000772400000, 0x0000000772400000, 0x0000000772600000|  0%| F|  |TAMS 0x0000000772400000, 0x0000000772400000| Untracked 
| 915|0x0000000772600000, 0x0000000772600000, 0x0000000772800000|  0%| F|  |TAMS 0x0000000772600000, 0x0000000772600000| Untracked 
| 916|0x0000000772800000, 0x0000000772800000, 0x0000000772a00000|  0%| F|  |TAMS 0x0000000772800000, 0x0000000772800000| Untracked 
| 917|0x0000000772a00000, 0x0000000772a00000, 0x0000000772c00000|  0%| F|  |TAMS 0x0000000772a00000, 0x0000000772a00000| Untracked 
| 918|0x0000000772c00000, 0x0000000772c00000, 0x0000000772e00000|  0%| F|  |TAMS 0x0000000772c00000, 0x0000000772c00000| Untracked 
| 919|0x0000000772e00000, 0x0000000772e00000, 0x0000000773000000|  0%| F|  |TAMS 0x0000000772e00000, 0x0000000772e00000| Untracked 
| 920|0x0000000773000000, 0x0000000773000000, 0x0000000773200000|  0%| F|  |TAMS 0x0000000773000000, 0x0000000773000000| Untracked 
| 921|0x0000000773200000, 0x0000000773200000, 0x0000000773400000|  0%| F|  |TAMS 0x0000000773200000, 0x0000000773200000| Untracked 
| 922|0x0000000773400000, 0x0000000773400000, 0x0000000773600000|  0%| F|  |TAMS 0x0000000773400000, 0x0000000773400000| Untracked 
| 923|0x0000000773600000, 0x0000000773600000, 0x0000000773800000|  0%| F|  |TAMS 0x0000000773600000, 0x0000000773600000| Untracked 
| 924|0x0000000773800000, 0x0000000773800000, 0x0000000773a00000|  0%| F|  |TAMS 0x0000000773800000, 0x0000000773800000| Untracked 
| 925|0x0000000773a00000, 0x0000000773a00000, 0x0000000773c00000|  0%| F|  |TAMS 0x0000000773a00000, 0x0000000773a00000| Untracked 
| 926|0x0000000773c00000, 0x0000000773c00000, 0x0000000773e00000|  0%| F|  |TAMS 0x0000000773c00000, 0x0000000773c00000| Untracked 
| 927|0x0000000773e00000, 0x0000000773e00000, 0x0000000774000000|  0%| F|  |TAMS 0x0000000773e00000, 0x0000000773e00000| Untracked 
| 928|0x0000000774000000, 0x0000000774000000, 0x0000000774200000|  0%| F|  |TAMS 0x0000000774000000, 0x0000000774000000| Untracked 
| 929|0x0000000774200000, 0x0000000774200000, 0x0000000774400000|  0%| F|  |TAMS 0x0000000774200000, 0x0000000774200000| Untracked 
| 930|0x0000000774400000, 0x0000000774400000, 0x0000000774600000|  0%| F|  |TAMS 0x0000000774400000, 0x0000000774400000| Untracked 
| 931|0x0000000774600000, 0x0000000774600000, 0x0000000774800000|  0%| F|  |TAMS 0x0000000774600000, 0x0000000774600000| Untracked 
| 932|0x0000000774800000, 0x0000000774800000, 0x0000000774a00000|  0%| F|  |TAMS 0x0000000774800000, 0x0000000774800000| Untracked 
| 933|0x0000000774a00000, 0x0000000774a00000, 0x0000000774c00000|  0%| F|  |TAMS 0x0000000774a00000, 0x0000000774a00000| Untracked 
| 934|0x0000000774c00000, 0x0000000774c00000, 0x0000000774e00000|  0%| F|  |TAMS 0x0000000774c00000, 0x0000000774c00000| Untracked 
| 935|0x0000000774e00000, 0x0000000774e00000, 0x0000000775000000|  0%| F|  |TAMS 0x0000000774e00000, 0x0000000774e00000| Untracked 
| 936|0x0000000775000000, 0x0000000775000000, 0x0000000775200000|  0%| F|  |TAMS 0x0000000775000000, 0x0000000775000000| Untracked 
| 937|0x0000000775200000, 0x0000000775200000, 0x0000000775400000|  0%| F|  |TAMS 0x0000000775200000, 0x0000000775200000| Untracked 
| 938|0x0000000775400000, 0x0000000775400000, 0x0000000775600000|  0%| F|  |TAMS 0x0000000775400000, 0x0000000775400000| Untracked 
| 939|0x0000000775600000, 0x0000000775600000, 0x0000000775800000|  0%| F|  |TAMS 0x0000000775600000, 0x0000000775600000| Untracked 
| 940|0x0000000775800000, 0x0000000775800000, 0x0000000775a00000|  0%| F|  |TAMS 0x0000000775800000, 0x0000000775800000| Untracked 
| 941|0x0000000775a00000, 0x0000000775a00000, 0x0000000775c00000|  0%| F|  |TAMS 0x0000000775a00000, 0x0000000775a00000| Untracked 
| 942|0x0000000775c00000, 0x0000000775c00000, 0x0000000775e00000|  0%| F|  |TAMS 0x0000000775c00000, 0x0000000775c00000| Untracked 
| 943|0x0000000775e00000, 0x0000000775e00000, 0x0000000776000000|  0%| F|  |TAMS 0x0000000775e00000, 0x0000000775e00000| Untracked 
| 944|0x0000000776000000, 0x0000000776000000, 0x0000000776200000|  0%| F|  |TAMS 0x0000000776000000, 0x0000000776000000| Untracked 
| 945|0x0000000776200000, 0x0000000776200000, 0x0000000776400000|  0%| F|  |TAMS 0x0000000776200000, 0x0000000776200000| Untracked 
| 946|0x0000000776400000, 0x0000000776400000, 0x0000000776600000|  0%| F|  |TAMS 0x0000000776400000, 0x0000000776400000| Untracked 
| 947|0x0000000776600000, 0x0000000776600000, 0x0000000776800000|  0%| F|  |TAMS 0x0000000776600000, 0x0000000776600000| Untracked 
| 948|0x0000000776800000, 0x0000000776800000, 0x0000000776a00000|  0%| F|  |TAMS 0x0000000776800000, 0x0000000776800000| Untracked 
| 949|0x0000000776a00000, 0x0000000776a00000, 0x0000000776c00000|  0%| F|  |TAMS 0x0000000776a00000, 0x0000000776a00000| Untracked 
| 950|0x0000000776c00000, 0x0000000776c00000, 0x0000000776e00000|  0%| F|  |TAMS 0x0000000776c00000, 0x0000000776c00000| Untracked 
| 951|0x0000000776e00000, 0x0000000776e00000, 0x0000000777000000|  0%| F|  |TAMS 0x0000000776e00000, 0x0000000776e00000| Untracked 
| 952|0x0000000777000000, 0x0000000777000000, 0x0000000777200000|  0%| F|  |TAMS 0x0000000777000000, 0x0000000777000000| Untracked 
| 953|0x0000000777200000, 0x0000000777200000, 0x0000000777400000|  0%| F|  |TAMS 0x0000000777200000, 0x0000000777200000| Untracked 
| 954|0x0000000777400000, 0x0000000777400000, 0x0000000777600000|  0%| F|  |TAMS 0x0000000777400000, 0x0000000777400000| Untracked 
| 955|0x0000000777600000, 0x0000000777600000, 0x0000000777800000|  0%| F|  |TAMS 0x0000000777600000, 0x0000000777600000| Untracked 
| 956|0x0000000777800000, 0x0000000777800000, 0x0000000777a00000|  0%| F|  |TAMS 0x0000000777800000, 0x0000000777800000| Untracked 
| 957|0x0000000777a00000, 0x0000000777a00000, 0x0000000777c00000|  0%| F|  |TAMS 0x0000000777a00000, 0x0000000777a00000| Untracked 
| 958|0x0000000777c00000, 0x0000000777c00000, 0x0000000777e00000|  0%| F|  |TAMS 0x0000000777c00000, 0x0000000777c00000| Untracked 
| 959|0x0000000777e00000, 0x0000000777e00000, 0x0000000778000000|  0%| F|  |TAMS 0x0000000777e00000, 0x0000000777e00000| Untracked 
| 960|0x0000000778000000, 0x0000000778000000, 0x0000000778200000|  0%| F|  |TAMS 0x0000000778000000, 0x0000000778000000| Untracked 
| 961|0x0000000778200000, 0x0000000778200000, 0x0000000778400000|  0%| F|  |TAMS 0x0000000778200000, 0x0000000778200000| Untracked 
| 962|0x0000000778400000, 0x0000000778400000, 0x0000000778600000|  0%| F|  |TAMS 0x0000000778400000, 0x0000000778400000| Untracked 
| 963|0x0000000778600000, 0x0000000778600000, 0x0000000778800000|  0%| F|  |TAMS 0x0000000778600000, 0x0000000778600000| Untracked 
| 964|0x0000000778800000, 0x0000000778800000, 0x0000000778a00000|  0%| F|  |TAMS 0x0000000778800000, 0x0000000778800000| Untracked 
| 965|0x0000000778a00000, 0x0000000778a00000, 0x0000000778c00000|  0%| F|  |TAMS 0x0000000778a00000, 0x0000000778a00000| Untracked 
| 966|0x0000000778c00000, 0x0000000778c00000, 0x0000000778e00000|  0%| F|  |TAMS 0x0000000778c00000, 0x0000000778c00000| Untracked 
| 967|0x0000000778e00000, 0x0000000778e00000, 0x0000000779000000|  0%| F|  |TAMS 0x0000000778e00000, 0x0000000778e00000| Untracked 
| 968|0x0000000779000000, 0x00000007790a71d0, 0x0000000779200000| 32%| S|CS|TAMS 0x0000000779000000, 0x0000000779000000| Complete 
| 969|0x0000000779200000, 0x0000000779400000, 0x0000000779400000|100%| S|CS|TAMS 0x0000000779200000, 0x0000000779200000| Complete 
| 970|0x0000000779400000, 0x0000000779600000, 0x0000000779600000|100%| S|CS|TAMS 0x0000000779400000, 0x0000000779400000| Complete 
| 971|0x0000000779600000, 0x0000000779800000, 0x0000000779800000|100%| S|CS|TAMS 0x0000000779600000, 0x0000000779600000| Complete 
| 972|0x0000000779800000, 0x0000000779800000, 0x0000000779a00000|  0%| F|  |TAMS 0x0000000779800000, 0x0000000779800000| Untracked 
| 973|0x0000000779a00000, 0x0000000779a00000, 0x0000000779c00000|  0%| F|  |TAMS 0x0000000779a00000, 0x0000000779a00000| Untracked 
| 974|0x0000000779c00000, 0x0000000779c00000, 0x0000000779e00000|  0%| F|  |TAMS 0x0000000779c00000, 0x0000000779c00000| Untracked 
| 975|0x0000000779e00000, 0x0000000779e00000, 0x000000077a000000|  0%| F|  |TAMS 0x0000000779e00000, 0x0000000779e00000| Untracked 
| 976|0x000000077a000000, 0x000000077a000000, 0x000000077a200000|  0%| F|  |TAMS 0x000000077a000000, 0x000000077a000000| Untracked 
| 977|0x000000077a200000, 0x000000077a200000, 0x000000077a400000|  0%| F|  |TAMS 0x000000077a200000, 0x000000077a200000| Untracked 
| 978|0x000000077a400000, 0x000000077a400000, 0x000000077a600000|  0%| F|  |TAMS 0x000000077a400000, 0x000000077a400000| Untracked 
| 979|0x000000077a600000, 0x000000077a600000, 0x000000077a800000|  0%| F|  |TAMS 0x000000077a600000, 0x000000077a600000| Untracked 
| 980|0x000000077a800000, 0x000000077a800000, 0x000000077aa00000|  0%| F|  |TAMS 0x000000077a800000, 0x000000077a800000| Untracked 
| 981|0x000000077aa00000, 0x000000077aa00000, 0x000000077ac00000|  0%| F|  |TAMS 0x000000077aa00000, 0x000000077aa00000| Untracked 
| 982|0x000000077ac00000, 0x000000077ac00000, 0x000000077ae00000|  0%| F|  |TAMS 0x000000077ac00000, 0x000000077ac00000| Untracked 
| 983|0x000000077ae00000, 0x000000077ae00000, 0x000000077b000000|  0%| F|  |TAMS 0x000000077ae00000, 0x000000077ae00000| Untracked 
| 984|0x000000077b000000, 0x000000077b000000, 0x000000077b200000|  0%| F|  |TAMS 0x000000077b000000, 0x000000077b000000| Untracked 
| 985|0x000000077b200000, 0x000000077b200000, 0x000000077b400000|  0%| F|  |TAMS 0x000000077b200000, 0x000000077b200000| Untracked 
| 986|0x000000077b400000, 0x000000077b400000, 0x000000077b600000|  0%| F|  |TAMS 0x000000077b400000, 0x000000077b400000| Untracked 
| 987|0x000000077b600000, 0x000000077b600000, 0x000000077b800000|  0%| F|  |TAMS 0x000000077b600000, 0x000000077b600000| Untracked 
| 988|0x000000077b800000, 0x000000077b800000, 0x000000077ba00000|  0%| F|  |TAMS 0x000000077b800000, 0x000000077b800000| Untracked 
| 989|0x000000077ba00000, 0x000000077ba00000, 0x000000077bc00000|  0%| F|  |TAMS 0x000000077ba00000, 0x000000077ba00000| Untracked 
| 990|0x000000077bc00000, 0x000000077bc00000, 0x000000077be00000|  0%| F|  |TAMS 0x000000077bc00000, 0x000000077bc00000| Untracked 
| 991|0x000000077be00000, 0x000000077be00000, 0x000000077c000000|  0%| F|  |TAMS 0x000000077be00000, 0x000000077be00000| Untracked 
| 992|0x000000077c000000, 0x000000077c000000, 0x000000077c200000|  0%| F|  |TAMS 0x000000077c000000, 0x000000077c000000| Untracked 
| 993|0x000000077c200000, 0x000000077c200000, 0x000000077c400000|  0%| F|  |TAMS 0x000000077c200000, 0x000000077c200000| Untracked 
| 994|0x000000077c400000, 0x000000077c400000, 0x000000077c600000|  0%| F|  |TAMS 0x000000077c400000, 0x000000077c400000| Untracked 
| 995|0x000000077c600000, 0x000000077c600000, 0x000000077c800000|  0%| F|  |TAMS 0x000000077c600000, 0x000000077c600000| Untracked 
| 996|0x000000077c800000, 0x000000077c800000, 0x000000077ca00000|  0%| F|  |TAMS 0x000000077c800000, 0x000000077c800000| Untracked 
| 997|0x000000077ca00000, 0x000000077ca00000, 0x000000077cc00000|  0%| F|  |TAMS 0x000000077ca00000, 0x000000077ca00000| Untracked 
| 998|0x000000077cc00000, 0x000000077cc00000, 0x000000077ce00000|  0%| F|  |TAMS 0x000000077cc00000, 0x000000077cc00000| Untracked 
| 999|0x000000077ce00000, 0x000000077ce00000, 0x000000077d000000|  0%| F|  |TAMS 0x000000077ce00000, 0x000000077ce00000| Untracked 
|1000|0x000000077d000000, 0x000000077d000000, 0x000000077d200000|  0%| F|  |TAMS 0x000000077d000000, 0x000000077d000000| Untracked 
|1001|0x000000077d200000, 0x000000077d200000, 0x000000077d400000|  0%| F|  |TAMS 0x000000077d200000, 0x000000077d200000| Untracked 
|1002|0x000000077d400000, 0x000000077d400000, 0x000000077d600000|  0%| F|  |TAMS 0x000000077d400000, 0x000000077d400000| Untracked 
|1003|0x000000077d600000, 0x000000077d600000, 0x000000077d800000|  0%| F|  |TAMS 0x000000077d600000, 0x000000077d600000| Untracked 
|1004|0x000000077d800000, 0x000000077d800000, 0x000000077da00000|  0%| F|  |TAMS 0x000000077d800000, 0x000000077d800000| Untracked 
|1005|0x000000077da00000, 0x000000077da00000, 0x000000077dc00000|  0%| F|  |TAMS 0x000000077da00000, 0x000000077da00000| Untracked 
|1006|0x000000077dc00000, 0x000000077dc00000, 0x000000077de00000|  0%| F|  |TAMS 0x000000077dc00000, 0x000000077dc00000| Untracked 
|1007|0x000000077de00000, 0x000000077de00000, 0x000000077e000000|  0%| F|  |TAMS 0x000000077de00000, 0x000000077de00000| Untracked 
|1008|0x000000077e000000, 0x000000077e000000, 0x000000077e200000|  0%| F|  |TAMS 0x000000077e000000, 0x000000077e000000| Untracked 
|1009|0x000000077e200000, 0x000000077e200000, 0x000000077e400000|  0%| F|  |TAMS 0x000000077e200000, 0x000000077e200000| Untracked 
|1010|0x000000077e400000, 0x000000077e400000, 0x000000077e600000|  0%| F|  |TAMS 0x000000077e400000, 0x000000077e400000| Untracked 
|1011|0x000000077e600000, 0x000000077e600000, 0x000000077e800000|  0%| F|  |TAMS 0x000000077e600000, 0x000000077e600000| Untracked 
|1012|0x000000077e800000, 0x000000077e800000, 0x000000077ea00000|  0%| F|  |TAMS 0x000000077e800000, 0x000000077e800000| Untracked 
|1013|0x000000077ea00000, 0x000000077ea00000, 0x000000077ec00000|  0%| F|  |TAMS 0x000000077ea00000, 0x000000077ea00000| Untracked 
|1014|0x000000077ec00000, 0x000000077ec00000, 0x000000077ee00000|  0%| F|  |TAMS 0x000000077ec00000, 0x000000077ec00000| Untracked 
|1015|0x000000077ee00000, 0x000000077ee00000, 0x000000077f000000|  0%| F|  |TAMS 0x000000077ee00000, 0x000000077ee00000| Untracked 
|1016|0x000000077f000000, 0x000000077f000000, 0x000000077f200000|  0%| F|  |TAMS 0x000000077f000000, 0x000000077f000000| Untracked 
|1017|0x000000077f200000, 0x000000077f200000, 0x000000077f400000|  0%| F|  |TAMS 0x000000077f200000, 0x000000077f200000| Untracked 
|1018|0x000000077f400000, 0x000000077f400000, 0x000000077f600000|  0%| F|  |TAMS 0x000000077f400000, 0x000000077f400000| Untracked 
|1019|0x000000077f600000, 0x000000077f600000, 0x000000077f800000|  0%| F|  |TAMS 0x000000077f600000, 0x000000077f600000| Untracked 
|1020|0x000000077f800000, 0x000000077f800000, 0x000000077fa00000|  0%| F|  |TAMS 0x000000077f800000, 0x000000077f800000| Untracked 
|1021|0x000000077fa00000, 0x000000077fa00000, 0x000000077fc00000|  0%| F|  |TAMS 0x000000077fa00000, 0x000000077fa00000| Untracked 
|1022|0x000000077fc00000, 0x000000077fc00000, 0x000000077fe00000|  0%| F|  |TAMS 0x000000077fc00000, 0x000000077fc00000| Untracked 

Card table byte_map: [0x00000228fbfa0000,0x00000228fc7a0000] _byte_map_base: 0x00000228f87a0000

Marking Bits (Prev, Next): (CMBitMap*) 0x00000228fb20fec0, (CMBitMap*) 0x00000228fb20fe80
 Prev Bits: [0x000002289aa80000, 0x000002289ea80000)
 Next Bits: [0x0000022896a80000, 0x000002289aa80000)

Polling page: 0x00000228f8d10000

Metaspace:

Usage:
  Non-class:    347.43 MB used.
      Class:     49.18 MB used.
       Both:    396.62 MB used.

Virtual space:
  Non-class space:      384.00 MB reserved,     349.38 MB ( 91%) committed,  6 nodes.
      Class space:      416.00 MB reserved,      50.81 MB ( 12%) committed,  1 nodes.
             Both:      800.00 MB reserved,     400.19 MB ( 50%) committed. 

Chunk freelists:
   Non-Class:  2.16 MB
       Class:  13.19 MB
        Both:  15.34 MB

MaxMetaspaceSize: 512.00 MB
CompressedClassSpaceSize: 416.00 MB
Initial GC threshold: 21.00 MB
Current GC threshold: 512.00 MB
CDS: on
MetaspaceReclaimPolicy: balanced
 - commit_granule_bytes: 65536.
 - commit_granule_words: 8192.
 - virtual_space_node_default_size: 8388608.
 - enlarge_chunks_in_place: 1.
 - new_chunks_are_fully_committed: 0.
 - uncommit_free_chunks: 1.
 - use_allocation_guard: 0.
 - handle_deallocations: 1.


Internal statistics:

num_allocs_failed_limit: 261.
num_arena_births: 5772.
num_arena_deaths: 328.
num_vsnodes_births: 7.
num_vsnodes_deaths: 0.
num_space_committed: 6428.
num_space_uncommitted: 38.
num_chunks_returned_to_freelist: 984.
num_chunks_taken_from_freelist: 26357.
num_chunk_merges: 425.
num_chunk_splits: 16181.
num_chunks_enlarged: 8358.
num_inconsistent_stats: 0.

CodeHeap 'non-profiled nmethods': size=120000Kb used=48167Kb max_used=48167Kb free=71832Kb
 bounds [0x000002288f550000, 0x0000022892460000, 0x0000022896a80000]
CodeHeap 'profiled nmethods': size=120000Kb used=119813Kb max_used=119974Kb free=186Kb
 bounds [0x0000022887a80000, 0x000002288efb0000, 0x000002288efb0000]
CodeHeap 'non-nmethods': size=5760Kb used=2854Kb max_used=2952Kb free=2905Kb
 bounds [0x000002288efb0000, 0x000002288f2a0000, 0x000002288f550000]
 total_blobs=58754 nmethods=57297 adapters=1363
 compilation: enabled
              stopped_count=0, restarted_count=0
 full_count=0

Compilation events (20 events):
Event: 861.537 Thread 0x00000228ffa4d0a0 82672       3       org.jetbrains.kotlin.fir.resolve.transformers.FirCallCompletionResultsWriterTransformer::substituteType (57 bytes)
Event: 861.538 Thread 0x00000228ffa4d0a0 nmethod 82672 0x000002289244a010 code [0x000002289244a2c0, 0x000002289244ae38]
Event: 861.538 Thread 0x00000228ffa4d0a0 82673       3       org.jetbrains.kotlin.fir.expressions.impl.FirSingleExpressionBlock::getStatements (8 bytes)
Event: 861.538 Thread 0x00000228ffa4d0a0 nmethod 82673 0x000002288c8f5c90 code [0x000002288c8f5e60, 0x000002288c8f62a8]
Event: 861.538 Thread 0x00000228ffa4d0a0 82674       3       org.jetbrains.kotlin.fir.expressions.FirBlock::transform (22 bytes)
Event: 861.539 Thread 0x00000228ffa4d0a0 nmethod 82674 0x000002289244b310 code [0x000002289244b5a0, 0x000002289244c198]
Event: 861.541 Thread 0x00000228ffa46b60 nmethod 82611 0x000002289244c590 code [0x000002289244c780, 0x000002289244d748]
Event: 861.553 Thread 0x00000228ffa4d0a0 82675       3       org.jetbrains.kotlin.fir.expressions.impl.FirWhenExpressionImpl::acceptChildren (160 bytes)
Event: 861.555 Thread 0x00000228ffa4d0a0 nmethod 82675 0x000002289244dd90 code [0x000002289244e140, 0x000002289244fcf8]
Event: 863.520 Thread 0x00000228ffa4d0a0 82676       3       java.util.concurrent.ThreadPoolExecutor::ensurePrestart (41 bytes)
Event: 863.521 Thread 0x00000228ffa4d0a0 nmethod 82676 0x000002288dec7290 code [0x000002288dec7460, 0x000002288dec7718]
Event: 863.521 Thread 0x00000228ffa4d0a0 82677   !   3       java.util.concurrent.ScheduledThreadPoolExecutor$DelayedWorkQueue::take (203 bytes)
Event: 863.521 Thread 0x00000228ffa46b60 82678       4       java.lang.invoke.MethodHandleNatives$CallSiteContext::run (5 bytes)
Event: 863.521 Thread 0x00000228ffa46b60 nmethod 82678 0x0000022892450510 code [0x00000228924506a0, 0x0000022892450748]
Event: 863.524 Thread 0x00000228ffa46b60 82679       4       org.jetbrains.kotlin.analysis.api.impl.base.resolution.KaBasePartiallyAppliedSymbol::<init> (60 bytes)
Event: 863.530 Thread 0x00000228ffa46b60 nmethod 82679 0x0000022892450810 code [0x0000022892450980, 0x0000022892450db8]
Event: 865.419 Thread 0x00000228ffa46b60 82680       4       com.github.benmanes.caffeine.cache.BoundedBuffer$RingBuffer::drainTo (93 bytes)
Event: 865.419 Thread 0x00000228ffa4d0a0 nmethod 82677 0x0000022892450e90 code [0x0000022892451220, 0x0000022892452ae8]
Event: 865.427 Thread 0x00000228cf333e80 nmethod 82648 0x0000022892453590 code [0x00000228924538c0, 0x0000022892456860]
Event: 865.515 Thread 0x00000228cf333e80 82681 %     4       com.intellij.psi.stubs.MaterialStubList::createOptimizedCopy @ 53 (96 bytes)

GC Heap History (20 events):
Event: 835.548 GC heap after
{Heap after GC invocations=104 (full 0):
 garbage-first heap   total 2095104K, used 627597K [0x0000000700000000, 0x0000000800000000)
  region size 2048K, 22 young (45056K), 22 survivors (45056K)
 Metaspace       used 361545K, committed 364928K, reserved 753664K
  class space    used 45418K, committed 46912K, reserved 425984K
}
Event: 837.653 GC heap before
{Heap before GC invocations=104 (full 0):
 garbage-first heap   total 2095104K, used 883597K [0x0000000700000000, 0x0000000800000000)
  region size 2048K, 147 young (301056K), 22 survivors (45056K)
 Metaspace       used 367221K, committed 370688K, reserved 753664K
  class space    used 46036K, committed 47616K, reserved 425984K
}
Event: 837.739 GC heap after
{Heap after GC invocations=105 (full 0):
 garbage-first heap   total 2095104K, used 650386K [0x0000000700000000, 0x0000000800000000)
  region size 2048K, 12 young (24576K), 12 survivors (24576K)
 Metaspace       used 367221K, committed 370688K, reserved 753664K
  class space    used 46036K, committed 47616K, reserved 425984K
}
Event: 838.932 GC heap before
{Heap before GC invocations=105 (full 0):
 garbage-first heap   total 2095104K, used 1129618K [0x0000000700000000, 0x0000000800000000)
  region size 2048K, 247 young (505856K), 12 survivors (24576K)
 Metaspace       used 369085K, committed 372672K, reserved 753664K
  class space    used 46252K, committed 47872K, reserved 425984K
}
Event: 838.988 GC heap after
{Heap after GC invocations=106 (full 0):
 garbage-first heap   total 2095104K, used 709227K [0x0000000700000000, 0x0000000800000000)
  region size 2048K, 31 young (63488K), 31 survivors (63488K)
 Metaspace       used 369085K, committed 372672K, reserved 753664K
  class space    used 46252K, committed 47872K, reserved 425984K
}
Event: 841.416 GC heap before
{Heap before GC invocations=106 (full 0):
 garbage-first heap   total 2095104K, used 985707K [0x0000000700000000, 0x0000000800000000)
  region size 2048K, 167 young (342016K), 31 survivors (63488K)
 Metaspace       used 378611K, committed 382208K, reserved 819200K
  class space    used 47477K, committed 49088K, reserved 425984K
}
Event: 841.644 GC heap after
{Heap after GC invocations=107 (full 0):
 garbage-first heap   total 2095104K, used 763142K [0x0000000700000000, 0x0000000800000000)
  region size 2048K, 21 young (43008K), 21 survivors (43008K)
 Metaspace       used 378611K, committed 382208K, reserved 819200K
  class space    used 47477K, committed 49088K, reserved 425984K
}
Event: 845.428 GC heap before
{Heap before GC invocations=107 (full 0):
 garbage-first heap   total 2095104K, used 1056006K [0x0000000700000000, 0x0000000800000000)
  region size 2048K, 165 young (337920K), 21 survivors (43008K)
 Metaspace       used 390136K, committed 393792K, reserved 819200K
  class space    used 48716K, committed 50368K, reserved 425984K
}
Event: 845.533 GC heap after
{Heap after GC invocations=108 (full 0):
 garbage-first heap   total 2095104K, used 809984K [0x0000000700000000, 0x0000000800000000)
  region size 2048K, 21 young (43008K), 21 survivors (43008K)
 Metaspace       used 390136K, committed 393792K, reserved 819200K
  class space    used 48716K, committed 50368K, reserved 425984K
}
Event: 853.504 GC heap before
{Heap before GC invocations=108 (full 0):
 garbage-first heap   total 2095104K, used 1188864K [0x0000000700000000, 0x0000000800000000)
  region size 2048K, 199 young (407552K), 21 survivors (43008K)
 Metaspace       used 400241K, committed 403904K, reserved 819200K
  class space    used 49418K, committed 51072K, reserved 425984K
}
Event: 853.577 GC heap after
{Heap after GC invocations=109 (full 0):
 garbage-first heap   total 2095104K, used 845366K [0x0000000700000000, 0x0000000800000000)
  region size 2048K, 18 young (36864K), 18 survivors (36864K)
 Metaspace       used 400241K, committed 403904K, reserved 819200K
  class space    used 49418K, committed 51072K, reserved 425984K
}
Event: 858.114 GC heap before
{Heap before GC invocations=109 (full 0):
 garbage-first heap   total 2095104K, used 1429046K [0x0000000700000000, 0x0000000800000000)
  region size 2048K, 304 young (622592K), 18 survivors (36864K)
 Metaspace       used 402209K, committed 405888K, reserved 819200K
  class space    used 49635K, committed 51328K, reserved 425984K
}
Event: 858.223 GC heap after
{Heap after GC invocations=110 (full 0):
 garbage-first heap   total 2095104K, used 907264K [0x0000000700000000, 0x0000000800000000)
  region size 2048K, 38 young (77824K), 38 survivors (77824K)
 Metaspace       used 402209K, committed 405888K, reserved 819200K
  class space    used 49635K, committed 51328K, reserved 425984K
}
Event: 859.281 GC heap before
{Heap before GC invocations=110 (full 0):
 garbage-first heap   total 2095104K, used 1296384K [0x0000000700000000, 0x0000000800000000)
  region size 2048K, 229 young (468992K), 38 survivors (77824K)
 Metaspace       used 402648K, committed 406272K, reserved 819200K
  class space    used 49669K, committed 51328K, reserved 425984K
}
Event: 859.413 GC heap after
{Heap after GC invocations=111 (full 0):
 garbage-first heap   total 2095104K, used 945584K [0x0000000700000000, 0x0000000800000000)
  region size 2048K, 19 young (38912K), 19 survivors (38912K)
 Metaspace       used 402648K, committed 406272K, reserved 819200K
  class space    used 49669K, committed 51328K, reserved 425984K
}
Event: 861.580 GC heap before
{Heap before GC invocations=111 (full 0):
 garbage-first heap   total 2095104K, used 1660336K [0x0000000700000000, 0x0000000800000000)
  region size 2048K, 368 young (753664K), 19 survivors (38912K)
 Metaspace       used 406133K, committed 409792K, reserved 819200K
  class space    used 50362K, committed 52032K, reserved 425984K
}
Event: 863.519 GC heap after
{Heap after GC invocations=112 (full 0):
 garbage-first heap   total 2095104K, used 982243K [0x0000000700000000, 0x0000000800000000)
  region size 2048K, 37 young (75776K), 37 survivors (75776K)
 Metaspace       used 406133K, committed 409792K, reserved 819200K
  class space    used 50362K, committed 52032K, reserved 425984K
}
Event: 863.562 GC heap before
{Heap before GC invocations=112 (full 0):
 garbage-first heap   total 2095104K, used 1010915K [0x0000000700000000, 0x0000000800000000)
  region size 2048K, 51 young (104448K), 37 survivors (75776K)
 Metaspace       used 406134K, committed 409792K, reserved 819200K
  class space    used 50362K, committed 52032K, reserved 425984K
}
Event: 865.417 GC heap after
{Heap after GC invocations=113 (full 0):
 garbage-first heap   total 2095104K, used 990421K [0x0000000700000000, 0x0000000800000000)
  region size 2048K, 5 young (10240K), 5 survivors (10240K)
 Metaspace       used 406134K, committed 409792K, reserved 819200K
  class space    used 50362K, committed 52032K, reserved 425984K
}
Event: 865.540 GC heap before
{Heap before GC invocations=113 (full 0):
 garbage-first heap   total 2095104K, used 1084629K [0x0000000700000000, 0x0000000800000000)
  region size 2048K, 51 young (104448K), 5 survivors (10240K)
 Metaspace       used 406134K, committed 409792K, reserved 819200K
  class space    used 50362K, committed 52032K, reserved 425984K
}

Dll operation events (17 events):
Event: 0.016 Loaded shared library C:\Program Files\Microsoft\jdk-17.0.13.11-hotspot\bin\java.dll
Event: 0.032 Loaded shared library C:\Program Files\Microsoft\jdk-17.0.13.11-hotspot\bin\jsvml.dll
Event: 0.079 Loaded shared library C:\Program Files\Microsoft\jdk-17.0.13.11-hotspot\bin\zip.dll
Event: 0.083 Loaded shared library C:\Program Files\Microsoft\jdk-17.0.13.11-hotspot\bin\instrument.dll
Event: 0.088 Loaded shared library C:\Program Files\Microsoft\jdk-17.0.13.11-hotspot\bin\net.dll
Event: 0.091 Loaded shared library C:\Program Files\Microsoft\jdk-17.0.13.11-hotspot\bin\nio.dll
Event: 0.093 Loaded shared library C:\Program Files\Microsoft\jdk-17.0.13.11-hotspot\bin\zip.dll
Event: 0.393 Loaded shared library C:\Program Files\Microsoft\jdk-17.0.13.11-hotspot\bin\jimage.dll
Event: 0.548 Loaded shared library C:\Program Files\Microsoft\jdk-17.0.13.11-hotspot\bin\verify.dll
Event: 0.624 Loaded shared library C:\Users\laxman\.gradle\native\1def1411415f61bf3af743bc5b6707747c0891f09f0c88961ee8f79bc544acac\windows-amd64\native-platform.dll
Event: 0.642 Loaded shared library C:\Users\laxman\.gradle\native\0.2.7\x86_64-windows-gnu\gradle-fileevents.dll
Event: 1.994 Loaded shared library C:\Program Files\Microsoft\jdk-17.0.13.11-hotspot\bin\management.dll
Event: 1.997 Loaded shared library C:\Program Files\Microsoft\jdk-17.0.13.11-hotspot\bin\management_ext.dll
Event: 2.215 Loaded shared library C:\Program Files\Microsoft\jdk-17.0.13.11-hotspot\bin\extnet.dll
Event: 2.404 Loaded shared library C:\Program Files\Microsoft\jdk-17.0.13.11-hotspot\bin\sunmscapi.dll
Event: 533.278 Loaded shared library C:\Program Files\Microsoft\jdk-17.0.13.11-hotspot\bin\rmi.dll
Event: 800.752 Loaded shared library C:\Program Files\Microsoft\jdk-17.0.13.11-hotspot\bin\awt.dll

Deoptimization events (20 events):
Event: 860.921 Thread 0x00000228c5c2a7d0 Uncommon trap: trap_request=0xffffffc6 fr.pc=0x00000228912f0cf4 relative=0x0000000000003154
Event: 860.921 Thread 0x00000228c5c2a7d0 Uncommon trap: reason=bimorphic_or_optimized_type_check action=maybe_recompile pc=0x00000228912f0cf4 method=com.sun.org.apache.xerces.internal.parsers.AbstractSAXParser.endNamespaceMapping()V @ 35 c2
Event: 860.921 Thread 0x00000228c5c2a7d0 DEOPT PACKING pc=0x00000228912f0cf4 sp=0x0000004c1cbfc070
Event: 860.921 Thread 0x00000228c5c2a7d0 DEOPT UNPACKING pc=0x000002288f0069a3 sp=0x0000004c1cbfbf38 mode 2
Event: 861.084 Thread 0x00000228c5c2a7d0 Uncommon trap: trap_request=0xffffff45 fr.pc=0x0000022890bbacfc relative=0x0000000000001d7c
Event: 861.084 Thread 0x00000228c5c2a7d0 Uncommon trap: reason=unstable_if action=reinterpret pc=0x0000022890bbacfc method=com.sun.org.apache.xerces.internal.impl.XMLEntityScanner.checkBeforeLoad(Lcom/sun/xml/internal/stream/Entity$ScannedEntity;II)I @ 35 c2
Event: 861.084 Thread 0x00000228c5c2a7d0 DEOPT PACKING pc=0x0000022890bbacfc sp=0x0000004c1cbfbd50
Event: 861.085 Thread 0x00000228c5c2a7d0 DEOPT UNPACKING pc=0x000002288f0069a3 sp=0x0000004c1cbfbc78 mode 2
Event: 861.088 Thread 0x00000228c5c2a7d0 Uncommon trap: trap_request=0xffffff45 fr.pc=0x00000228920b0550 relative=0x0000000000000390
Event: 861.088 Thread 0x00000228c5c2a7d0 Uncommon trap: reason=unstable_if action=reinterpret pc=0x00000228920b0550 method=java.util.ArrayList.equalsArrayList(Ljava/util/ArrayList;)Z @ 15 c2
Event: 861.088 Thread 0x00000228c5c2a7d0 DEOPT PACKING pc=0x00000228920b0550 sp=0x0000004c1cbfc9a0
Event: 861.088 Thread 0x00000228c5c2a7d0 DEOPT UNPACKING pc=0x000002288f0069a3 sp=0x0000004c1cbfc8b0 mode 2
Event: 861.185 Thread 0x00000228c1adfb00 Uncommon trap: trap_request=0xffffff45 fr.pc=0x0000022891ddad9c relative=0x000000000000065c
Event: 861.185 Thread 0x00000228c1adfb00 Uncommon trap: reason=unstable_if action=reinterpret pc=0x0000022891ddad9c method=org.jetbrains.kotlin.fir.types.ConeInferenceContext.containsInternal(Lorg/jetbrains/kotlin/types/model/KotlinTypeMarker;Lkotlin/jvm/functions/Function1;)Z @ 65 c2
Event: 861.185 Thread 0x00000228c1adfb00 DEOPT PACKING pc=0x0000022891ddad9c sp=0x0000004c24ef4730
Event: 861.185 Thread 0x00000228c1adfb00 DEOPT UNPACKING pc=0x000002288f0069a3 sp=0x0000004c24ef46c0 mode 2
Event: 861.469 Thread 0x00000228c5c2a7d0 Uncommon trap: trap_request=0xffffffde fr.pc=0x0000022891e475d4 relative=0x0000000000000db4
Event: 861.469 Thread 0x00000228c5c2a7d0 Uncommon trap: reason=class_check action=maybe_recompile pc=0x0000022891e475d4 method=com.github.benmanes.caffeine.cache.BoundedLocalCache.computeIfAbsent(Ljava/lang/Object;Ljava/util/function/Function;ZZ)Ljava/lang/Object; @ 148 c2
Event: 861.469 Thread 0x00000228c5c2a7d0 DEOPT PACKING pc=0x0000022891e475d4 sp=0x0000004c1cbfb900
Event: 861.469 Thread 0x00000228c5c2a7d0 DEOPT UNPACKING pc=0x000002288f0069a3 sp=0x0000004c1cbfb850 mode 2

Classes loaded (20 events):
Event: 845.328 Loading class java/text/ChoiceFormat
Event: 845.329 Loading class java/text/ChoiceFormat done
Event: 847.318 Loading class java/lang/com$android$Version
Event: 847.318 Loading class java/lang/com$android$Version done
Event: 847.318 Loading class java/util/com$android$Version
Event: 847.318 Loading class java/util/com$android$Version done
Event: 847.318 Loading class java/io/com$android$Version
Event: 847.318 Loading class java/io/com$android$Version done
Event: 847.318 Loading class java/net/com$android$Version
Event: 847.318 Loading class java/net/com$android$Version done
Event: 847.320 Loading class java/lang/com$android$Version$ANDROID_GRADLE_PLUGIN_VERSION
Event: 847.320 Loading class java/lang/com$android$Version$ANDROID_GRADLE_PLUGIN_VERSION done
Event: 847.320 Loading class java/util/com$android$Version$ANDROID_GRADLE_PLUGIN_VERSION
Event: 847.320 Loading class java/util/com$android$Version$ANDROID_GRADLE_PLUGIN_VERSION done
Event: 847.320 Loading class java/io/com$android$Version$ANDROID_GRADLE_PLUGIN_VERSION
Event: 847.320 Loading class java/io/com$android$Version$ANDROID_GRADLE_PLUGIN_VERSION done
Event: 847.321 Loading class java/net/com$android$Version$ANDROID_GRADLE_PLUGIN_VERSION
Event: 847.321 Loading class java/net/com$android$Version$ANDROID_GRADLE_PLUGIN_VERSION done
Event: 859.982 Loading class java/util/jar/JarOutputStream
Event: 859.985 Loading class java/util/jar/JarOutputStream done

Classes unloaded (20 events):
Event: 828.500 Thread 0x00000228ffa1d810 Unloading class 0x00000228a2169000 'java/lang/invoke/LambdaForm$MH+0x00000228a2169000'
Event: 828.500 Thread 0x00000228ffa1d810 Unloading class 0x00000228a2168c00 'java/lang/invoke/LambdaForm$MH+0x00000228a2168c00'
Event: 828.500 Thread 0x00000228ffa1d810 Unloading class 0x00000228a2168800 'java/lang/invoke/LambdaForm$MH+0x00000228a2168800'
Event: 828.500 Thread 0x00000228ffa1d810 Unloading class 0x00000228a2168000 'java/lang/invoke/LambdaForm$MH+0x00000228a2168000'
Event: 828.500 Thread 0x00000228ffa1d810 Unloading class 0x00000228a2164800 'java/lang/invoke/LambdaForm$MH+0x00000228a2164800'
Event: 828.500 Thread 0x00000228ffa1d810 Unloading class 0x00000228a2164c00 'java/lang/invoke/LambdaForm$MH+0x00000228a2164c00'
Event: 828.500 Thread 0x00000228ffa1d810 Unloading class 0x00000228a2164400 'java/lang/invoke/LambdaForm$MH+0x00000228a2164400'
Event: 828.500 Thread 0x00000228ffa1d810 Unloading class 0x00000228a2163c00 'java/lang/invoke/LambdaForm$MH+0x00000228a2163c00'
Event: 828.500 Thread 0x00000228ffa1d810 Unloading class 0x00000228a2163000 'java/lang/invoke/LambdaForm$MH+0x00000228a2163000'
Event: 828.500 Thread 0x00000228ffa1d810 Unloading class 0x00000228a2162800 'java/lang/invoke/LambdaForm$MH+0x00000228a2162800'
Event: 828.500 Thread 0x00000228ffa1d810 Unloading class 0x00000228a2162c00 'java/lang/invoke/LambdaForm$MH+0x00000228a2162c00'
Event: 828.500 Thread 0x00000228ffa1d810 Unloading class 0x00000228a2163800 'java/lang/invoke/LambdaForm$MH+0x00000228a2163800'
Event: 828.500 Thread 0x00000228ffa1d810 Unloading class 0x00000228a2162400 'java/lang/invoke/LambdaForm$MH+0x00000228a2162400'
Event: 828.500 Thread 0x00000228ffa1d810 Unloading class 0x00000228a2162000 'java/lang/invoke/LambdaForm$MH+0x00000228a2162000'
Event: 828.500 Thread 0x00000228ffa1d810 Unloading class 0x00000228a2161c00 'java/lang/invoke/LambdaForm$MH+0x00000228a2161c00'
Event: 828.500 Thread 0x00000228ffa1d810 Unloading class 0x00000228a2161400 'java/lang/invoke/LambdaForm$MH+0x00000228a2161400'
Event: 828.500 Thread 0x00000228ffa1d810 Unloading class 0x00000228a2161000 'java/lang/invoke/LambdaForm$MH+0x00000228a2161000'
Event: 828.500 Thread 0x00000228ffa1d810 Unloading class 0x00000228a2160c00 'java/lang/invoke/LambdaForm$MH+0x00000228a2160c00'
Event: 828.500 Thread 0x00000228ffa1d810 Unloading class 0x00000228a2160800 'java/lang/invoke/LambdaForm$MH+0x00000228a2160800'
Event: 828.500 Thread 0x00000228ffa1d810 Unloading class 0x00000228a2160000 'java/lang/invoke/LambdaForm$MH+0x00000228a2160000'

Classes redefined (0 events):
No events

Internal exceptions (20 events):
Event: 861.273 Thread 0x00000228c6034390 Exception <a 'sun/nio/fs/WindowsException'{0x0000000752a48510}> (0x0000000752a48510) 
thrown [s\src\hotspot\share\prims\jni.cpp, line 516]
Event: 861.281 Thread 0x00000228c6034390 Exception <a 'sun/nio/fs/WindowsException'{0x0000000752a4ab60}> (0x0000000752a4ab60) 
thrown [s\src\hotspot\share\prims\jni.cpp, line 516]
Event: 861.286 Thread 0x00000228c6034390 Exception <a 'sun/nio/fs/WindowsException'{0x0000000752a4cfc0}> (0x0000000752a4cfc0) 
thrown [s\src\hotspot\share\prims\jni.cpp, line 516]
Event: 861.289 Thread 0x00000228c6034390 Exception <a 'sun/nio/fs/WindowsException'{0x0000000752a4f6e0}> (0x0000000752a4f6e0) 
thrown [s\src\hotspot\share\prims\jni.cpp, line 516]
Event: 861.315 Thread 0x00000228c6034390 Exception <a 'sun/nio/fs/WindowsException'{0x0000000752a51b60}> (0x0000000752a51b60) 
thrown [s\src\hotspot\share\prims\jni.cpp, line 516]
Event: 861.318 Thread 0x00000228c6034390 Exception <a 'sun/nio/fs/WindowsException'{0x0000000752a54000}> (0x0000000752a54000) 
thrown [s\src\hotspot\share\prims\jni.cpp, line 516]
Event: 861.334 Thread 0x00000228c6034390 Exception <a 'sun/nio/fs/WindowsException'{0x0000000752a565c0}> (0x0000000752a565c0) 
thrown [s\src\hotspot\share\prims\jni.cpp, line 516]
Event: 861.337 Thread 0x00000228c6034390 Exception <a 'sun/nio/fs/WindowsException'{0x0000000752a58c90}> (0x0000000752a58c90) 
thrown [s\src\hotspot\share\prims\jni.cpp, line 516]
Event: 861.340 Thread 0x00000228c6034390 Exception <a 'sun/nio/fs/WindowsException'{0x0000000752a5b178}> (0x0000000752a5b178) 
thrown [s\src\hotspot\share\prims\jni.cpp, line 516]
Event: 861.479 Thread 0x00000228c6034390 Exception <a 'sun/nio/fs/WindowsException'{0x0000000752a5d650}> (0x0000000752a5d650) 
thrown [s\src\hotspot\share\prims\jni.cpp, line 516]
Event: 861.518 Thread 0x00000228c6034390 Exception <a 'sun/nio/fs/WindowsException'{0x0000000752a5fa48}> (0x0000000752a5fa48) 
thrown [s\src\hotspot\share\prims\jni.cpp, line 516]
Event: 861.520 Thread 0x00000228c6034390 Exception <a 'sun/nio/fs/WindowsException'{0x0000000752a61e10}> (0x0000000752a61e10) 
thrown [s\src\hotspot\share\prims\jni.cpp, line 516]
Event: 861.522 Thread 0x00000228c6034390 Exception <a 'sun/nio/fs/WindowsException'{0x0000000752a64128}> (0x0000000752a64128) 
thrown [s\src\hotspot\share\prims\jni.cpp, line 516]
Event: 861.537 Thread 0x00000228c6034390 Exception <a 'sun/nio/fs/WindowsException'{0x0000000752a66630}> (0x0000000752a66630) 
thrown [s\src\hotspot\share\prims\jni.cpp, line 516]
Event: 861.554 Thread 0x00000228c6034390 Exception <a 'sun/nio/fs/WindowsException'{0x0000000752a68ca8}> (0x0000000752a68ca8) 
thrown [s\src\hotspot\share\prims\jni.cpp, line 516]
Event: 865.418 Thread 0x00000228c6034390 Exception <a 'sun/nio/fs/WindowsException'{0x000000077fc8bda0}> (0x000000077fc8bda0) 
thrown [s\src\hotspot\share\prims\jni.cpp, line 516]
Event: 865.436 Thread 0x00000228c6034390 Exception <a 'sun/nio/fs/WindowsException'{0x000000077fc8e110}> (0x000000077fc8e110) 
thrown [s\src\hotspot\share\prims\jni.cpp, line 516]
Event: 865.480 Thread 0x00000228c6034390 Exception <a 'sun/nio/fs/WindowsException'{0x000000077fc90508}> (0x000000077fc90508) 
thrown [s\src\hotspot\share\prims\jni.cpp, line 516]
Event: 865.484 Thread 0x00000228c6034390 Exception <a 'sun/nio/fs/WindowsException'{0x000000077fc928e0}> (0x000000077fc928e0) 
thrown [s\src\hotspot\share\prims\jni.cpp, line 516]
Event: 865.498 Thread 0x00000228c6034390 Exception <a 'sun/nio/fs/WindowsException'{0x000000077fc94bc0}> (0x000000077fc94bc0) 
thrown [s\src\hotspot\share\prims\jni.cpp, line 516]

VM Operations (20 events):
Event: 859.054 Executing VM operation: HandshakeAllThreads done
Event: 859.084 Executing VM operation: ICBufferFull
Event: 859.084 Executing VM operation: ICBufferFull done
Event: 859.281 Executing VM operation: G1CollectForAllocation
Event: 859.413 Executing VM operation: G1CollectForAllocation done
Event: 859.474 Executing VM operation: HandshakeAllThreads
Event: 859.475 Executing VM operation: HandshakeAllThreads done
Event: 860.097 Executing VM operation: HandshakeAllThreads
Event: 860.155 Executing VM operation: HandshakeAllThreads done
Event: 860.193 Executing VM operation: HandshakeAllThreads
Event: 860.194 Executing VM operation: HandshakeAllThreads done
Event: 860.342 Executing VM operation: ICBufferFull
Event: 860.343 Executing VM operation: ICBufferFull done
Event: 861.347 Executing VM operation: Cleanup
Event: 861.349 Executing VM operation: Cleanup done
Event: 861.567 Executing VM operation: G1CollectForAllocation
Event: 863.519 Executing VM operation: G1CollectForAllocation done
Event: 863.545 Executing VM operation: G1CollectForAllocation
Event: 865.418 Executing VM operation: G1CollectForAllocation done
Event: 865.519 Executing VM operation: G1CollectForAllocation

Memory protections (0 events):
No events

Nmethod flushes (20 events):
Event: 859.969 Thread 0x00000228ffa4e300 flushing  nmethod 0x000002288ddb3210
Event: 859.970 Thread 0x00000228ffa4e300 flushing  nmethod 0x000002288dec7290
Event: 859.970 Thread 0x00000228ffa4e300 flushing  nmethod 0x000002288dec7810
Event: 859.972 Thread 0x00000228ffa4e300 flushing  nmethod 0x000002288dff7d10
Event: 859.973 Thread 0x00000228ffa4e300 flushing  nmethod 0x000002288e09dc90
Event: 859.974 Thread 0x00000228ffa4e300 flushing  nmethod 0x000002288e1be790
Event: 859.974 Thread 0x00000228ffa4e300 flushing  nmethod 0x000002288e1cbc90
Event: 859.975 Thread 0x00000228ffa4e300 flushing  nmethod 0x000002288e251690
Event: 859.978 Thread 0x00000228ffa4e300 flushing  nmethod 0x000002288e497410
Event: 859.978 Thread 0x00000228ffa4e300 flushing  nmethod 0x000002288e510a10
Event: 859.978 Thread 0x00000228ffa4e300 flushing  nmethod 0x000002288e512990
Event: 859.980 Thread 0x00000228ffa4e300 flushing  nmethod 0x000002288e6cb890
Event: 859.980 Thread 0x00000228ffa4e300 flushing  nmethod 0x000002288e6cbc10
Event: 859.980 Thread 0x00000228ffa4e300 flushing  nmethod 0x000002288e6cc210
Event: 859.981 Thread 0x00000228ffa4e300 flushing  nmethod 0x000002288e75bb90
Event: 859.981 Thread 0x00000228ffa4e300 flushing  nmethod 0x000002288e7cd690
Event: 859.981 Thread 0x00000228ffa4e300 flushing  nmethod 0x000002288e7d4510
Event: 859.981 Thread 0x00000228ffa4e300 flushing  nmethod 0x000002288e7d4e90
Event: 859.981 Thread 0x00000228ffa4e300 flushing  nmethod 0x000002288e7dfe90
Event: 859.982 Thread 0x00000228ffa4e300 flushing  nmethod 0x000002288e8a6f10

Events (20 events):
Event: 854.886 Thread 0x00000228df5a8dd0 Thread exited: 0x00000228df5a8dd0
Event: 854.988 Thread 0x00000228c5c2a2c0 Thread added: 0x00000228d7076fc0
Event: 855.105 Thread 0x00000228c1ae88c0 Thread added: 0x00000228e0cc84f0
Event: 855.127 Thread 0x00000228c5c2a2c0 Thread added: 0x00000228df0e4ca0
Event: 855.129 Thread 0x00000228df0e4ca0 Thread exited: 0x00000228df0e4ca0
Event: 855.159 Thread 0x00000228e0cc84f0 Thread exited: 0x00000228e0cc84f0
Event: 855.406 Thread 0x00000228c1ae88c0 Thread added: 0x00000228d9d01a40
Event: 855.411 Thread 0x00000228c5c2a2c0 Thread added: 0x00000228d46adb80
Event: 855.417 Thread 0x00000228d9d01a40 Thread exited: 0x00000228d9d01a40
Event: 855.437 Thread 0x00000228d46adb80 Thread exited: 0x00000228d46adb80
Event: 855.617 Thread 0x00000228c1ae88c0 Thread added: 0x00000228d9d02970
Event: 855.622 Thread 0x00000228d9d02970 Thread exited: 0x00000228d9d02970
Event: 855.728 Thread 0x00000228c1ae88c0 Thread added: 0x00000228e0cc84f0
Event: 855.740 Thread 0x00000228e0cc84f0 Thread exited: 0x00000228e0cc84f0
Event: 857.485 Thread 0x00000228c5c2c630 Thread exited: 0x00000228c5c2c630
Event: 859.991 Thread 0x00000228d7076fc0 Thread exited: 0x00000228d7076fc0
Event: 860.258 Thread 0x00000228c1ae32b0 Thread exited: 0x00000228c1ae32b0
Event: 865.434 Thread 0x00000228c1ae92e0 Thread exited: 0x00000228c1ae92e0
Event: 865.443 Thread 0x00000228c4915a50 Thread exited: 0x00000228c4915a50
Event: 865.453 Thread 0x00000228be958e30 Thread exited: 0x00000228be958e30


Dynamic libraries:
0x00007ff6fd2e0000 - 0x00007ff6fd2ee000 	C:\Program Files\Microsoft\jdk-17.0.13.11-hotspot\bin\java.exe
0x00007ffad6ca0000 - 0x00007ffad6f09000 	C:\WINDOWS\SYSTEM32\ntdll.dll
0x00007ffad4bc0000 - 0x00007ffad4c89000 	C:\WINDOWS\System32\KERNEL32.DLL
0x00007ffad4670000 - 0x00007ffad4a63000 	C:\WINDOWS\System32\KERNELBASE.dll
0x00007ffad4310000 - 0x00007ffad445b000 	C:\WINDOWS\System32\ucrtbase.dll
0x00007ffaa2620000 - 0x00007ffaa2637000 	C:\Program Files\Microsoft\jdk-17.0.13.11-hotspot\bin\jli.dll
0x00007ffaa2010000 - 0x00007ffaa202d000 	C:\Program Files\Microsoft\jdk-17.0.13.11-hotspot\bin\VCRUNTIME140.dll
0x00007ffad52b0000 - 0x00007ffad5474000 	C:\WINDOWS\System32\USER32.dll
0x00007ffad4640000 - 0x00007ffad4667000 	C:\WINDOWS\System32\win32u.dll
0x00007ffac1b90000 - 0x00007ffac1e23000 	C:\WINDOWS\WinSxS\amd64_microsoft.windows.common-controls_6595b64144ccf1df_6.0.26100.5074_none_3e0d6f78e32fd63f\COMCTL32.dll
0x00007ffad4a70000 - 0x00007ffad4a9b000 	C:\WINDOWS\System32\GDI32.dll
0x00007ffad54a0000 - 0x00007ffad5549000 	C:\WINDOWS\System32\msvcrt.dll
0x00007ffad4460000 - 0x00007ffad458d000 	C:\WINDOWS\System32\gdi32full.dll
0x00007ffad4590000 - 0x00007ffad4633000 	C:\WINDOWS\System32\msvcp_win.dll
0x00007ffad6b20000 - 0x00007ffad6b4f000 	C:\WINDOWS\System32\IMM32.DLL
0x00007ffaa79d0000 - 0x00007ffaa79dc000 	C:\Program Files\Microsoft\jdk-17.0.13.11-hotspot\bin\vcruntime140_1.dll
0x00007ffa677c0000 - 0x00007ffa6784d000 	C:\Program Files\Microsoft\jdk-17.0.13.11-hotspot\bin\msvcp140.dll
0x00007ffa66b40000 - 0x00007ffa677b1000 	C:\Program Files\Microsoft\jdk-17.0.13.11-hotspot\bin\server\jvm.dll
0x00007ffad69e0000 - 0x00007ffad6a94000 	C:\WINDOWS\System32\ADVAPI32.dll
0x00007ffad60a0000 - 0x00007ffad6146000 	C:\WINDOWS\System32\sechost.dll
0x00007ffad4aa0000 - 0x00007ffad4bb8000 	C:\WINDOWS\System32\RPCRT4.dll
0x00007ffad59e0000 - 0x00007ffad5a54000 	C:\WINDOWS\System32\WS2_32.dll
0x00007ffad3c90000 - 0x00007ffad3cee000 	C:\WINDOWS\SYSTEM32\POWRPROF.dll
0x00007ffacb490000 - 0x00007ffacb4c5000 	C:\WINDOWS\SYSTEM32\WINMM.dll
0x00007ffaccdf0000 - 0x00007ffaccdfb000 	C:\WINDOWS\SYSTEM32\VERSION.dll
0x00007ffad3c70000 - 0x00007ffad3c84000 	C:\WINDOWS\SYSTEM32\UMPDC.dll
0x00007ffad2b70000 - 0x00007ffad2b8b000 	C:\WINDOWS\SYSTEM32\kernel.appcore.dll
0x00007ffaa5d60000 - 0x00007ffaa5d6a000 	C:\Program Files\Microsoft\jdk-17.0.13.11-hotspot\bin\jimage.dll
0x00007ffad1850000 - 0x00007ffad1a92000 	C:\WINDOWS\SYSTEM32\DBGHELP.DLL
0x00007ffad5ac0000 - 0x00007ffad5e3b000 	C:\WINDOWS\System32\combase.dll
0x00007ffad6150000 - 0x00007ffad6227000 	C:\WINDOWS\System32\OLEAUT32.dll
0x00007ffac3da0000 - 0x00007ffac3ddd000 	C:\WINDOWS\SYSTEM32\dbgcore.DLL
0x00007ffad3e30000 - 0x00007ffad3ec9000 	C:\WINDOWS\System32\bcryptPrimitives.dll
0x00007ffac5fc0000 - 0x00007ffac5fce000 	C:\Program Files\Microsoft\jdk-17.0.13.11-hotspot\bin\instrument.dll
0x00007ffa8ce10000 - 0x00007ffa8ce35000 	C:\Program Files\Microsoft\jdk-17.0.13.11-hotspot\bin\java.dll
0x00007ffa66a60000 - 0x00007ffa66b37000 	C:\Program Files\Microsoft\jdk-17.0.13.11-hotspot\bin\jsvml.dll
0x00007ffad6280000 - 0x00007ffad69cd000 	C:\WINDOWS\System32\SHELL32.dll
0x00007ffad4110000 - 0x00007ffad427c000 	C:\WINDOWS\System32\wintypes.dll
0x00007ffad1ad0000 - 0x00007ffad2329000 	C:\WINDOWS\SYSTEM32\windows.storage.dll
0x00007ffad4c90000 - 0x00007ffad4d80000 	C:\WINDOWS\System32\SHCORE.dll
0x00007ffad5550000 - 0x00007ffad55b2000 	C:\WINDOWS\System32\shlwapi.dll
0x00007ffad3d50000 - 0x00007ffad3d79000 	C:\WINDOWS\SYSTEM32\profapi.dll
0x00007ffa6a730000 - 0x00007ffa6a748000 	C:\Program Files\Microsoft\jdk-17.0.13.11-hotspot\bin\zip.dll
0x00007ffaa11c0000 - 0x00007ffaa11da000 	C:\Program Files\Microsoft\jdk-17.0.13.11-hotspot\bin\net.dll
0x00007ffaccb50000 - 0x00007ffaccc6f000 	C:\WINDOWS\SYSTEM32\WINHTTP.dll
0x00007ffad3190000 - 0x00007ffad31fb000 	C:\WINDOWS\system32\mswsock.dll
0x00007ffa8c770000 - 0x00007ffa8c786000 	C:\Program Files\Microsoft\jdk-17.0.13.11-hotspot\bin\nio.dll
0x00007ffad01f0000 - 0x00007ffad0200000 	C:\Program Files\Microsoft\jdk-17.0.13.11-hotspot\bin\verify.dll
0x00007ffac1b00000 - 0x00007ffac1b27000 	C:\Users\laxman\.gradle\native\1def1411415f61bf3af743bc5b6707747c0891f09f0c88961ee8f79bc544acac\windows-amd64\native-platform.dll
0x00007ffa9e9f0000 - 0x00007ffa9ea68000 	C:\Users\laxman\.gradle\native\0.2.7\x86_64-windows-gnu\gradle-fileevents.dll
0x00007ffacec90000 - 0x00007ffacec9a000 	C:\Program Files\Microsoft\jdk-17.0.13.11-hotspot\bin\management.dll
0x00007ffacdf70000 - 0x00007ffacdf7b000 	C:\Program Files\Microsoft\jdk-17.0.13.11-hotspot\bin\management_ext.dll
0x00007ffad5870000 - 0x00007ffad5878000 	C:\WINDOWS\System32\PSAPI.DLL
0x00007ffad2680000 - 0x00007ffad26b4000 	C:\WINDOWS\SYSTEM32\IPHLPAPI.DLL
0x00007ffad69d0000 - 0x00007ffad69da000 	C:\WINDOWS\System32\NSI.dll
0x00007ffaccb20000 - 0x00007ffaccb3e000 	C:\WINDOWS\SYSTEM32\dhcpcsvc6.DLL
0x00007ffacc900000 - 0x00007ffacc923000 	C:\WINDOWS\SYSTEM32\dhcpcsvc.DLL
0x00007ffad2720000 - 0x00007ffad2846000 	C:\WINDOWS\SYSTEM32\DNSAPI.dll
0x00007ffac5fd0000 - 0x00007ffac5fd9000 	C:\Program Files\Microsoft\jdk-17.0.13.11-hotspot\bin\extnet.dll
0x00007ffad3430000 - 0x00007ffad344b000 	C:\WINDOWS\SYSTEM32\CRYPTSP.dll
0x00007ffad2b90000 - 0x00007ffad2bcb000 	C:\WINDOWS\system32\rsaenh.dll
0x00007ffad3230000 - 0x00007ffad325b000 	C:\WINDOWS\SYSTEM32\USERENV.dll
0x00007ffad3d20000 - 0x00007ffad3d46000 	C:\WINDOWS\SYSTEM32\bcrypt.dll
0x00007ffad3450000 - 0x00007ffad345c000 	C:\WINDOWS\SYSTEM32\CRYPTBASE.dll
0x00007ffac5860000 - 0x00007ffac586e000 	C:\Program Files\Microsoft\jdk-17.0.13.11-hotspot\bin\sunmscapi.dll
0x00007ffad3f90000 - 0x00007ffad4107000 	C:\WINDOWS\System32\CRYPT32.dll
0x00007ffad35d0000 - 0x00007ffad3600000 	C:\WINDOWS\SYSTEM32\ncrypt.dll
0x00007ffad3580000 - 0x00007ffad35bf000 	C:\WINDOWS\SYSTEM32\NTASN1.dll
0x00007ffa932a0000 - 0x00007ffa932a8000 	C:\WINDOWS\system32\wshunix.dll
0x00007ffac69e0000 - 0x00007ffac69eb000 	C:\Windows\System32\rasadhlp.dll
0x00007ffac9030000 - 0x00007ffac90b6000 	C:\WINDOWS\System32\fwpuclnt.dll
0x00007ffad2d30000 - 0x00007ffad2d66000 	C:\WINDOWS\SYSTEM32\ntmarta.dll
0x00007ffac1e30000 - 0x00007ffac1e37000 	C:\Program Files\Microsoft\jdk-17.0.13.11-hotspot\bin\rmi.dll
0x00007ffa93c60000 - 0x00007ffa93df0000 	C:\Program Files\Microsoft\jdk-17.0.13.11-hotspot\bin\awt.dll
0x00007ffad09d0000 - 0x00007ffad0a6e000 	C:\WINDOWS\SYSTEM32\apphelp.dll
0x00007ffad0be0000 - 0x00007ffad0c88000 	C:\WINDOWS\system32\uxtheme.dll
0x00007ffad5880000 - 0x00007ffad59d8000 	C:\WINDOWS\System32\MSCTF.dll
0x00007ffad56d0000 - 0x00007ffad5868000 	C:\WINDOWS\System32\ole32.dll

dbghelp: loaded successfully - version: 4.0.5 - missing functions: none
symbol engine: initialized successfully - sym options: 0x614 - pdb path: .;C:\Program Files\Microsoft\jdk-17.0.13.11-hotspot\bin;C:\WINDOWS\SYSTEM32;C:\WINDOWS\WinSxS\amd64_microsoft.windows.common-controls_6595b64144ccf1df_6.0.26100.5074_none_3e0d6f78e32fd63f;C:\Program Files\Microsoft\jdk-17.0.13.11-hotspot\bin\server;C:\Users\laxman\.gradle\native\1def1411415f61bf3af743bc5b6707747c0891f09f0c88961ee8f79bc544acac\windows-amd64;C:\Users\laxman\.gradle\native\0.2.7\x86_64-windows-gnu

VM Arguments:
jvm_args: --add-opens=java.base/java.lang=ALL-UNNAMED --add-opens=java.base/java.lang.invoke=ALL-UNNAMED --add-opens=java.base/java.util=ALL-UNNAMED --add-opens=java.prefs/java.util.prefs=ALL-UNNAMED --add-exports=jdk.compiler/com.sun.tools.javac.api=ALL-UNNAMED --add-exports=jdk.compiler/com.sun.tools.javac.util=ALL-UNNAMED --add-opens=java.base/java.util=ALL-UNNAMED --add-opens=java.prefs/java.util.prefs=ALL-UNNAMED --add-opens=java.base/java.nio.charset=ALL-UNNAMED --add-opens=java.base/java.net=ALL-UNNAMED --add-opens=java.base/java.util.concurrent.atomic=ALL-UNNAMED --add-opens=java.xml/javax.xml.namespace=ALL-UNNAMED -XX:MaxMetaspaceSize=512m -Xmx4096m -Dfile.encoding=windows-1252 -Duser.country=IN -Duser.language=en -Duser.variant -javaagent:C:\Users\laxman\.gradle\wrapper\dists\gradle-8.14.3-bin\cv11ve7ro1n3o1j4so8xd9n66\gradle-8.14.3\lib\agents\gradle-instrumentation-agent-8.14.3.jar 
java_command: org.gradle.launcher.daemon.bootstrap.GradleDaemon 8.14.3
java_class_path (initial): C:\Users\laxman\.gradle\wrapper\dists\gradle-8.14.3-bin\cv11ve7ro1n3o1j4so8xd9n66\gradle-8.14.3\lib\gradle-daemon-main-8.14.3.jar
Launcher Type: SUN_STANDARD

[Global flags]
     intx CICompilerCount                          = 4                                         {product} {ergonomic}
   size_t CompressedClassSpaceSize                 = 436207616                                 {product} {ergonomic}
     uint ConcGCThreads                            = 3                                         {product} {ergonomic}
     uint G1ConcRefinementThreads                  = 10                                        {product} {ergonomic}
   size_t G1HeapRegionSize                         = 2097152                                   {product} {ergonomic}
    uintx GCDrainStackTargetSize                   = 64                                        {product} {ergonomic}
   size_t InitialHeapSize                          = 98566144                                  {product} {ergonomic}
   size_t MarkStackSize                            = 4194304                                   {product} {ergonomic}
   size_t MaxHeapSize                              = 4294967296                                {product} {command line}
   size_t MaxMetaspaceSize                         = 536870912                                 {product} {command line}
   size_t MaxNewSize                               = 2575302656                                {product} {ergonomic}
   size_t MinHeapDeltaBytes                        = 2097152                                   {product} {ergonomic}
   size_t MinHeapSize                              = 8388608                                   {product} {ergonomic}
    uintx NonNMethodCodeHeapSize                   = 5839372                                {pd product} {ergonomic}
    uintx NonProfiledCodeHeapSize                  = 122909434                              {pd product} {ergonomic}
    uintx ProfiledCodeHeapSize                     = 122909434                              {pd product} {ergonomic}
    uintx ReservedCodeCacheSize                    = 251658240                              {pd product} {ergonomic}
     bool SegmentedCodeCache                       = true                                      {product} {ergonomic}
   size_t SoftMaxHeapSize                          = 4294967296                             {manageable} {ergonomic}
     bool UseCompressedClassPointers               = true                           {product lp64_product} {ergonomic}
     bool UseCompressedOops                        = true                           {product lp64_product} {ergonomic}
     bool UseG1GC                                  = true                                      {product} {ergonomic}
     bool UseLargePagesIndividualAllocation        = false                                  {pd product} {ergonomic}

Logging:
Log output configuration:
 #0: stdout all=warning uptime,level,tags
 #1: stderr all=off uptime,level,tags

Environment Variables:
JAVA_HOME=C:\Program Files\Microsoft\jdk-17.0.13.11-hotspot
PATH=C:\Users\laxman\bin;C:\Program Files\Git\mingw64\bin;C:\Program Files\Git\usr\local\bin;C:\Program Files\Git\usr\bin;C:\Program Files\Git\usr\bin;C:\Program Files\Git\mingw64\bin;C:\Program Files\Git\usr\bin;C:\Users\laxman\bin;C:\WINDOWS\system32;C:\WINDOWS;C:\WINDOWS\System32\Wbem;C:\WINDOWS\System32\WindowsPowerShell\v1.0;C:\WINDOWS\System32\OpenSSH;C:\Program Files\Git\cmd;C:\ProgramData\chocolatey\bin;C:\Users\laxman\AppData\Local\Android\Sdk\platforms;C:\Users\laxman\AppData\Local\Android\Sdk;C:\Users\laxman\AppData\Local\Android\Sdk\platform-tools;C:\Users\laxman\AppData\Local\Android\Sdk\build-tools;C:\Users\laxman\AppData\Local\Android\Sdk\emulator;C:\Program Files\Microsoft\jdk-17.0.13.11-hotspot\bin;C:\Program Files\nodejs;C:\Users\laxman\AppData\Local\Android\Sdk\tools;C:\Users\laxman\AppData\Local\Microsoft\WindowsApps;C:\Users\laxman\AppData\Local\Programs\Microsoft VS Code\bin;C:\jdk-20\bin;C:\Users\laxman\AppData\Local\Android\Sdk;C:\Users\laxman\AppData\Local\Android\Sdk\platform-tools;C:\Users\laxman\AppData\Local\Android\Sdk\emulator;C:\Users\laxman\AppData\Local\Android\Sdk\build-tools;C:\Users\laxman\AppData\Local\Android\Sdk\platforms;C:\Program Files\Microsoft\jdk-17.0.13.11-hotspot\bin;C:\Users\laxman\AppData\Roaming\npm;C:\Program Files\Git\usr\bin\vendor_perl;C:\Program Files\Git\usr\bin\core_perl
USERNAME=laxman
SHELL=C:\Program Files\Git\usr\bin\bash.exe
DISPLAY=needs-to-be-defined
LANG=en_US.UTF-8
TERM=xterm-256color
TMPDIR=C:\Users\laxman\AppData\Local\Temp
OS=Windows_NT
PROCESSOR_IDENTIFIER=AMD64 Family 23 Model 104 Stepping 1, AuthenticAMD
TMP=C:\Users\laxman\AppData\Local\Temp
TEMP=C:\Users\laxman\AppData\Local\Temp



Periodic native trim disabled


---------------  S Y S T E M  ---------------

OS:
 Windows 11 , 64 bit Build 26100 (10.0.26100.5074)
OS uptime: 10 days 10:21 hours

CPU: total 12 (initial active 12) (12 cores per cpu, 2 threads per core) family 23 model 104 stepping 1 microcode 0x8608103, cx8, cmov, fxsr, ht, mmx, 3dnowpref, sse, sse2, sse3, ssse3, sse4a, sse4.1, sse4.2, popcnt, lzcnt, tsc, tscinvbit, avx, avx2, aes, clmul, bmi1, bmi2, adx, sha, fma, vzeroupper, clflush, clflushopt
Processor Information for processor 0
  Max Mhz: 2100, Current Mhz: 1813, Mhz Limit: 2100
Processor Information for processor 1
  Max Mhz: 2100, Current Mhz: 1813, Mhz Limit: 2100
Processor Information for processor 2
  Max Mhz: 2100, Current Mhz: 2100, Mhz Limit: 2100
Processor Information for processor 3
  Max Mhz: 2100, Current Mhz: 1813, Mhz Limit: 2100
Processor Information for processor 4
  Max Mhz: 2100, Current Mhz: 1813, Mhz Limit: 2100
Processor Information for processor 5
  Max Mhz: 2100, Current Mhz: 2100, Mhz Limit: 2100
Processor Information for processor 6
  Max Mhz: 2100, Current Mhz: 1813, Mhz Limit: 2100
Processor Information for processor 7
  Max Mhz: 2100, Current Mhz: 1813, Mhz Limit: 2100
Processor Information for processor 8
  Max Mhz: 2100, Current Mhz: 1813, Mhz Limit: 2100
Processor Information for processor 9
  Max Mhz: 2100, Current Mhz: 1813, Mhz Limit: 2100
Processor Information for processor 10
  Max Mhz: 2100, Current Mhz: 1813, Mhz Limit: 2100
Processor Information for processor 11
  Max Mhz: 2100, Current Mhz: 1813, Mhz Limit: 2100

Memory: 4k page, system-wide physical 5989M (525M free)
TotalPageFile size 24421M (AvailPageFile size 695M)
current process WorkingSet (physical memory assigned to process): 1495M, peak: 1932M
current process commit charge ("private bytes"): 3148M, peak: 3968M

vm_info: OpenJDK 64-Bit Server VM (17.0.13+11-LTS) for windows-amd64 JRE (17.0.13+11-LTS), built on Oct 11 2024 23:25:05 by "MicrosoftCorporation" with unknown MS VC++:1939

END.
